# Blender 4.5.2 LTS
# www.blender.org
o Sphere
v 0.000000 0.497592 0.049009
v 0.000000 0.490393 0.097545
v 0.000000 0.478470 0.145142
v 0.000000 0.440961 0.235698
v 0.000000 0.235698 0.440961
v 0.000000 0.191342 0.461940
v 0.000000 0.145142 0.478470
v 0.000000 0.049009 0.497592
v 0.000000 0.000000 0.500000
v 0.000000 -0.049009 0.497592
v 0.000000 -0.145142 0.478470
v 0.000000 -0.191342 0.461940
v 0.000000 -0.235698 0.440961
v 0.000000 -0.478470 0.145142
v 0.000000 -0.497592 0.049009
v -0.004804 0.497592 0.048773
v -0.009561 0.490393 0.097075
v -0.014226 0.478470 0.144443
v -0.018755 0.461940 0.190420
v -0.023102 0.440961 0.234563
v -0.027228 0.415735 0.276448
v -0.031091 0.386505 0.315669
v -0.034654 0.353553 0.351851
v -0.037884 0.317197 0.384644
v -0.040749 0.277785 0.413733
v -0.043222 0.235698 0.438837
v -0.045278 0.191342 0.459715
v -0.046898 0.145142 0.476166
v -0.048067 0.097545 0.488031
v -0.048773 0.049009 0.495196
v -0.049009 0.000000 0.497592
v -0.048773 -0.049009 0.495196
v -0.048067 -0.097545 0.488031
v -0.046898 -0.145142 0.476166
v -0.045278 -0.191342 0.459715
v -0.043222 -0.235698 0.438837
v -0.040749 -0.277785 0.413733
v -0.037884 -0.317197 0.384644
v -0.034654 -0.353553 0.351851
v -0.031091 -0.386505 0.315669
v -0.027228 -0.415735 0.276448
v -0.023102 -0.440961 0.234563
v -0.018755 -0.461940 0.190420
v -0.014226 -0.478470 0.144443
v -0.009561 -0.490393 0.097075
v -0.004804 -0.497592 0.048773
v -0.009561 0.497592 0.048067
v -0.019030 0.490393 0.095671
v -0.028316 0.478470 0.142353
v -0.037329 0.461940 0.187665
v -0.045982 0.440961 0.231169
v -0.054193 0.415735 0.272448
v -0.061882 0.386505 0.311102
v -0.068975 0.353553 0.346760
v -0.075403 0.317197 0.379079
v -0.081106 0.277785 0.407747
v -0.086027 0.235698 0.432488
v -0.090120 0.191342 0.453064
v -0.093345 0.145142 0.469277
v -0.095671 0.097545 0.480970
v -0.097075 0.049009 0.488031
v -0.097545 0.000000 0.490393
v -0.097075 -0.049009 0.488031
v -0.095671 -0.097545 0.480970
v -0.093345 -0.145142 0.469277
v -0.090120 -0.191342 0.453064
v -0.086027 -0.235698 0.432488
v -0.081106 -0.277785 0.407747
v -0.075403 -0.317197 0.379079
v -0.068975 -0.353553 0.346760
v -0.061882 -0.386505 0.311102
v -0.054193 -0.415735 0.272448
v -0.045982 -0.440961 0.231169
v -0.037329 -0.461940 0.187665
v -0.028316 -0.478470 0.142353
v -0.019030 -0.490393 0.095671
v -0.009561 -0.497592 0.048067
v -0.014226 0.497592 0.046898
v -0.028316 0.490393 0.093345
v -0.042133 0.478470 0.138893
v -0.055544 0.461940 0.183103
v -0.068420 0.440961 0.225549
v -0.080637 0.415735 0.265824
v -0.092077 0.386505 0.303538
v -0.102631 0.353553 0.338329
v -0.112197 0.317197 0.369862
v -0.120681 0.277785 0.397833
v -0.128004 0.235698 0.421973
v -0.134094 0.191342 0.442049
v -0.138893 0.145142 0.457867
v -0.142353 0.097545 0.469276
v -0.144443 0.049009 0.476166
v -0.145142 0.000000 0.478470
v -0.144443 -0.049009 0.476166
v -0.142353 -0.097545 0.469276
v -0.138893 -0.145142 0.457867
v -0.134094 -0.191342 0.442049
v -0.128004 -0.235698 0.421973
v -0.120681 -0.277785 0.397833
v -0.112197 -0.317197 0.369862
v -0.102631 -0.353553 0.338329
v -0.092077 -0.386505 0.303538
v -0.080637 -0.415735 0.265824
v -0.068420 -0.440961 0.225549
v -0.055544 -0.461940 0.183103
v -0.042133 -0.478470 0.138893
v -0.028316 -0.490393 0.093345
v -0.014226 -0.497592 0.046898
v -0.018755 0.497592 0.045278
v -0.037329 0.490393 0.090120
v -0.055544 0.478470 0.134094
v -0.073223 0.461940 0.176777
v -0.090198 0.440961 0.217757
v -0.106304 0.415735 0.256640
v -0.121386 0.386505 0.293051
v -0.135299 0.353553 0.326641
v -0.147909 0.317197 0.357084
v -0.159095 0.277785 0.384089
v -0.168748 0.235698 0.407394
v -0.176777 0.191342 0.426777
v -0.183103 0.145142 0.442049
v -0.187665 0.097545 0.453064
v -0.190420 0.049009 0.459715
v -0.191342 0.000000 0.461940
v -0.190420 -0.049009 0.459715
v -0.187665 -0.097545 0.453064
v -0.183103 -0.145142 0.442049
v -0.176777 -0.191342 0.426777
v -0.168748 -0.235698 0.407394
v -0.159095 -0.277785 0.384089
v -0.147909 -0.317197 0.357084
v -0.135299 -0.353553 0.326641
v -0.121386 -0.386505 0.293051
v -0.106304 -0.415735 0.256640
v -0.090198 -0.440961 0.217757
v -0.073223 -0.461940 0.176777
v -0.055544 -0.478470 0.134094
v -0.037329 -0.490393 0.090120
v -0.018755 -0.497592 0.045278
v -0.023102 0.497592 0.043222
v -0.045982 0.490393 0.086027
v -0.068420 0.478470 0.128004
v -0.090198 0.461940 0.168748
v -0.111107 0.440961 0.207867
v -0.130947 0.415735 0.244985
v -0.149525 0.386505 0.279742
v -0.166664 0.353553 0.311806
v -0.182197 0.317197 0.340867
v -0.195976 0.277785 0.366645
v -0.207867 0.235698 0.388893
v -0.217757 0.191342 0.407394
v -0.225549 0.145142 0.421973
v -0.231169 0.097545 0.432488
v -0.234563 0.049009 0.438837
v -0.235698 0.000000 0.440961
v -0.234563 -0.049009 0.438837
v -0.231169 -0.097545 0.432488
v -0.225549 -0.145142 0.421973
v -0.217757 -0.191342 0.407394
v -0.207867 -0.235698 0.388893
v -0.195976 -0.277785 0.366645
v -0.182197 -0.317197 0.340867
v -0.166664 -0.353553 0.311806
v -0.149525 -0.386505 0.279742
v -0.130947 -0.415735 0.244985
v -0.111107 -0.440961 0.207867
v -0.090198 -0.461940 0.168748
v -0.068420 -0.478470 0.128004
v -0.045982 -0.490393 0.086027
v -0.023102 -0.497592 0.043222
v -0.027228 0.497592 0.040749
v -0.054193 0.490393 0.081106
v -0.080637 0.478470 0.120681
v -0.106304 0.461940 0.159095
v -0.130947 0.440961 0.195976
v -0.154329 0.415735 0.230970
v -0.176225 0.386505 0.263739
v -0.196424 0.353553 0.293969
v -0.214731 0.317197 0.321367
v -0.230970 0.277785 0.345671
v -0.244985 0.235698 0.366645
v -0.256640 0.191342 0.384089
v -0.265824 0.145142 0.397833
v -0.272448 0.097545 0.407746
v -0.276448 0.049009 0.413733
v -0.277785 0.000000 0.415735
v -0.276448 -0.049009 0.413733
v -0.272448 -0.097545 0.407746
v -0.265824 -0.145142 0.397833
v -0.256640 -0.191342 0.384089
v -0.244985 -0.235698 0.366645
v -0.230970 -0.277785 0.345671
v -0.214731 -0.317197 0.321367
v -0.196424 -0.353553 0.293969
v -0.176225 -0.386505 0.263739
v -0.154329 -0.415735 0.230970
v -0.130947 -0.440961 0.195976
v -0.106304 -0.461940 0.159095
v -0.080637 -0.478470 0.120681
v -0.054193 -0.490393 0.081106
v -0.027228 -0.497592 0.040749
v -0.031091 0.497592 0.037884
v -0.061882 0.490393 0.075403
v -0.092077 0.478470 0.112197
v -0.121386 0.461940 0.147909
v -0.149525 0.440961 0.182197
v -0.176225 0.415735 0.214731
v -0.201227 0.386505 0.245196
v -0.224292 0.353553 0.273300
v -0.245196 0.317197 0.298773
v -0.263739 0.277785 0.321367
v -0.279742 0.235698 0.340867
v -0.293051 0.191342 0.357084
v -0.303538 0.145142 0.369862
v -0.311102 0.097545 0.379079
v -0.315669 0.049009 0.384644
v -0.317197 0.000000 0.386505
v -0.315669 -0.049009 0.384644
v -0.311102 -0.097545 0.379079
v -0.303538 -0.145142 0.369862
v -0.293051 -0.191342 0.357084
v -0.279742 -0.235698 0.340867
v -0.263739 -0.277785 0.321367
v -0.245196 -0.317197 0.298773
v -0.224292 -0.353553 0.273300
v -0.201227 -0.386505 0.245196
v -0.176225 -0.415735 0.214731
v -0.149525 -0.440961 0.182197
v -0.121386 -0.461940 0.147909
v -0.092077 -0.478470 0.112197
v -0.061882 -0.490393 0.075403
v -0.031091 -0.497592 0.037884
v -0.034654 0.497592 0.034654
v -0.068975 0.490393 0.068975
v -0.102631 0.478470 0.102631
v -0.135299 0.461940 0.135299
v -0.166664 0.440961 0.166664
v -0.196424 0.415735 0.196424
v -0.224292 0.386505 0.224292
v -0.250000 0.353553 0.250000
v -0.273300 0.317197 0.273300
v -0.293969 0.277785 0.293969
v -0.311806 0.235698 0.311806
v -0.326641 0.191342 0.326641
v -0.338329 0.145142 0.338329
v -0.346760 0.097545 0.346760
v -0.351851 0.049009 0.351851
v -0.353553 0.000000 0.353553
v -0.351851 -0.049009 0.351851
v -0.346760 -0.097545 0.346760
v -0.338329 -0.145142 0.338329
v -0.326641 -0.191342 0.326641
v -0.311806 -0.235698 0.311806
v -0.293969 -0.277785 0.293969
v -0.273300 -0.317197 0.273300
v -0.250000 -0.353553 0.250000
v -0.224292 -0.386505 0.224292
v -0.196424 -0.415735 0.196424
v -0.166664 -0.440961 0.166664
v -0.135299 -0.461940 0.135299
v -0.102631 -0.478470 0.102631
v -0.068975 -0.490393 0.068975
v -0.034654 -0.497592 0.034654
v -0.037884 0.497592 0.031091
v -0.075403 0.490393 0.061882
v -0.112197 0.478470 0.092077
v -0.147909 0.461940 0.121386
v -0.182197 0.440961 0.149525
v -0.214731 0.415735 0.176225
v -0.245196 0.386505 0.201227
v -0.273300 0.353553 0.224292
v -0.298773 0.317197 0.245196
v -0.321367 0.277785 0.263739
v -0.340867 0.235698 0.279742
v -0.357084 0.191342 0.293051
v -0.369862 0.145142 0.303538
v -0.379079 0.097545 0.311102
v -0.384644 0.049009 0.315669
v -0.386505 0.000000 0.317197
v -0.384644 -0.049009 0.315669
v -0.379079 -0.097545 0.311102
v -0.369862 -0.145142 0.303538
v -0.357084 -0.191342 0.293051
v -0.340867 -0.235698 0.279742
v -0.321367 -0.277785 0.263739
v -0.298773 -0.317197 0.245196
v -0.273300 -0.353553 0.224292
v -0.245196 -0.386505 0.201227
v -0.214731 -0.415735 0.176225
v -0.182197 -0.440961 0.149525
v -0.147909 -0.461940 0.121386
v -0.112197 -0.478470 0.092077
v -0.075403 -0.490393 0.061882
v -0.037884 -0.497592 0.031091
v -0.040749 0.497592 0.027228
v -0.081106 0.490393 0.054193
v -0.120681 0.478470 0.080637
v -0.159095 0.461940 0.106304
v -0.195976 0.440961 0.130947
v -0.230970 0.415735 0.154329
v -0.263739 0.386505 0.176225
v -0.293969 0.353553 0.196424
v -0.321367 0.317197 0.214731
v -0.345671 0.277785 0.230970
v -0.366645 0.235698 0.244985
v -0.384089 0.191342 0.256640
v -0.397833 0.145142 0.265824
v -0.407747 0.097545 0.272447
v -0.413733 0.049009 0.276447
v -0.415735 0.000000 0.277785
v -0.413733 -0.049009 0.276447
v -0.407747 -0.097545 0.272447
v -0.397833 -0.145142 0.265824
v -0.384089 -0.191342 0.256640
v -0.366645 -0.235698 0.244985
v -0.345671 -0.277785 0.230970
v -0.321367 -0.317197 0.214731
v -0.293969 -0.353553 0.196424
v -0.263739 -0.386505 0.176225
v -0.230970 -0.415735 0.154329
v -0.195976 -0.440961 0.130947
v -0.159095 -0.461940 0.106304
v -0.120681 -0.478470 0.080637
v -0.081106 -0.490393 0.054193
v -0.040749 -0.497592 0.027228
v -0.043222 0.497592 0.023102
v -0.086027 0.490393 0.045982
v -0.128004 0.478470 0.068420
v -0.168748 0.461940 0.090198
v -0.207867 0.440961 0.111107
v -0.244985 0.415735 0.130947
v -0.279742 0.386505 0.149525
v -0.311806 0.353553 0.166664
v -0.340867 0.317197 0.182197
v -0.366645 0.277785 0.195976
v -0.388893 0.235698 0.207867
v -0.407394 0.191342 0.217757
v -0.421973 0.145142 0.225549
v -0.432488 0.097545 0.231169
v -0.438837 0.049009 0.234563
v -0.440961 0.000000 0.235698
v -0.438837 -0.049009 0.234563
v -0.432488 -0.097545 0.231169
v -0.421973 -0.145142 0.225549
v -0.407394 -0.191342 0.217757
v -0.388893 -0.235698 0.207867
v -0.366645 -0.277785 0.195976
v -0.340867 -0.317197 0.182197
v -0.311806 -0.353553 0.166664
v -0.279742 -0.386505 0.149525
v -0.244985 -0.415735 0.130947
v -0.207867 -0.440961 0.111107
v -0.168748 -0.461940 0.090198
v -0.128004 -0.478470 0.068420
v -0.086027 -0.490393 0.045982
v -0.043222 -0.497592 0.023102
v -0.045278 0.497592 0.018755
v -0.090120 0.490393 0.037329
v -0.134094 0.478470 0.055544
v -0.176777 0.461940 0.073223
v -0.217757 0.440961 0.090198
v -0.256640 0.415735 0.106304
v -0.293051 0.386505 0.121386
v -0.326641 0.353553 0.135299
v -0.357084 0.317197 0.147909
v -0.384089 0.277785 0.159095
v -0.407394 0.235698 0.168748
v -0.426777 0.191342 0.176777
v -0.442049 0.145142 0.183103
v -0.453064 0.097545 0.187665
v -0.459715 0.049009 0.190420
v -0.461940 0.000000 0.191342
v -0.459715 -0.049009 0.190420
v -0.453064 -0.097545 0.187665
v -0.442049 -0.145142 0.183103
v -0.426777 -0.191342 0.176777
v -0.407394 -0.235698 0.168748
v -0.384089 -0.277785 0.159095
v -0.357084 -0.317197 0.147909
v -0.326641 -0.353553 0.135299
v -0.293051 -0.386505 0.121386
v -0.256640 -0.415735 0.106304
v -0.217757 -0.440961 0.090198
v -0.176777 -0.461940 0.073223
v -0.134094 -0.478470 0.055544
v -0.090120 -0.490393 0.037329
v -0.045278 -0.497592 0.018755
v -0.046898 0.497592 0.014226
v -0.093345 0.490393 0.028316
v -0.138893 0.478470 0.042133
v -0.183103 0.461940 0.055544
v -0.225549 0.440961 0.068420
v -0.265824 0.415735 0.080637
v -0.303538 0.386505 0.092077
v -0.338329 0.353553 0.102631
v -0.369862 0.317197 0.112197
v -0.397833 0.277785 0.120681
v -0.421973 0.235698 0.128004
v -0.442049 0.191342 0.134094
v -0.457867 0.145142 0.138893
v -0.469276 0.097545 0.142353
v -0.476166 0.049009 0.144443
v -0.478470 0.000000 0.145142
v -0.476166 -0.049009 0.144443
v -0.469276 -0.097545 0.142353
v -0.457867 -0.145142 0.138893
v -0.442049 -0.191342 0.134094
v -0.421973 -0.235698 0.128004
v -0.397833 -0.277785 0.120681
v -0.369862 -0.317197 0.112197
v -0.338329 -0.353553 0.102631
v -0.303538 -0.386505 0.092077
v -0.265824 -0.415735 0.080637
v -0.225549 -0.440961 0.068420
v -0.183103 -0.461940 0.055544
v -0.138893 -0.478470 0.042133
v -0.093345 -0.490393 0.028316
v -0.046898 -0.497592 0.014226
v -0.048067 0.497592 0.009561
v -0.095671 0.490393 0.019030
v -0.142353 0.478470 0.028316
v -0.187665 0.461940 0.037329
v -0.231169 0.440961 0.045982
v -0.272448 0.415735 0.054193
v -0.311102 0.386505 0.061882
v -0.346760 0.353553 0.068975
v -0.379079 0.317197 0.075403
v -0.407747 0.277785 0.081106
v -0.432488 0.235698 0.086027
v -0.453064 0.191342 0.090120
v -0.469276 0.145142 0.093345
v -0.480970 0.097545 0.095671
v -0.488031 0.049009 0.097075
v -0.490393 0.000000 0.097545
v -0.488031 -0.049009 0.097075
v -0.480970 -0.097545 0.095671
v -0.469276 -0.145142 0.093345
v -0.453064 -0.191342 0.090120
v -0.432488 -0.235698 0.086027
v -0.407747 -0.277785 0.081106
v -0.379079 -0.317197 0.075403
v -0.346760 -0.353553 0.068975
v -0.311102 -0.386505 0.061882
v -0.272448 -0.415735 0.054193
v -0.231169 -0.440961 0.045982
v -0.187665 -0.461940 0.037329
v -0.142353 -0.478470 0.028316
v -0.095671 -0.490393 0.019030
v -0.048067 -0.497592 0.009561
v -0.048773 0.497592 0.004804
v -0.097075 0.490393 0.009561
v -0.144443 0.478470 0.014226
v -0.190420 0.461940 0.018755
v -0.234563 0.440961 0.023102
v -0.276448 0.415735 0.027228
v -0.315669 0.386505 0.031091
v -0.351851 0.353553 0.034654
v -0.384644 0.317197 0.037884
v -0.413733 0.277785 0.040749
v -0.438837 0.235698 0.043222
v -0.459715 0.191342 0.045278
v -0.476166 0.145142 0.046898
v -0.488031 0.097545 0.048067
v -0.495196 0.049009 0.048773
v -0.497592 0.000000 0.049009
v -0.495196 -0.049009 0.048773
v -0.488031 -0.097545 0.048067
v -0.476166 -0.145142 0.046898
v -0.459715 -0.191342 0.045278
v -0.438837 -0.235698 0.043222
v -0.413733 -0.277785 0.040749
v -0.384644 -0.317197 0.037884
v -0.351851 -0.353553 0.034654
v -0.315669 -0.386505 0.031091
v -0.276448 -0.415735 0.027228
v -0.234563 -0.440961 0.023102
v -0.190420 -0.461940 0.018755
v -0.144443 -0.478470 0.014226
v -0.097075 -0.490393 0.009561
v -0.048773 -0.497592 0.004804
v -0.049009 0.497592 -0.000000
v -0.097545 0.490393 0.000000
v -0.145142 0.478470 -0.000000
v -0.191342 0.461940 -0.000000
v -0.235698 0.440961 -0.000000
v -0.277785 0.415735 0.000000
v -0.317197 0.386505 0.000000
v -0.353553 0.353553 -0.000000
v -0.386505 0.317197 0.000000
v -0.415735 0.277785 0.000000
v -0.440961 0.235698 -0.000000
v -0.461940 0.191342 -0.000000
v -0.478470 0.145142 0.000000
v -0.490393 0.097545 -0.000000
v -0.497592 0.049009 -0.000000
v -0.500000 0.000000 -0.000000
v -0.497592 -0.049009 -0.000000
v -0.490393 -0.097545 -0.000000
v -0.478470 -0.145142 0.000000
v -0.461940 -0.191342 -0.000000
v -0.440961 -0.235698 -0.000000
v -0.415735 -0.277785 0.000000
v -0.386505 -0.317197 0.000000
v -0.353553 -0.353553 -0.000000
v -0.317197 -0.386505 0.000000
v -0.277785 -0.415735 0.000000
v -0.235698 -0.440961 -0.000000
v -0.191342 -0.461940 -0.000000
v -0.145142 -0.478470 -0.000000
v -0.097545 -0.490393 0.000000
v -0.049009 -0.497592 -0.000000
v -0.048773 0.497592 -0.004804
v -0.097075 0.490393 -0.009561
v -0.144443 0.478470 -0.014226
v -0.190420 0.461940 -0.018755
v -0.234563 0.440961 -0.023102
v -0.276448 0.415735 -0.027228
v -0.315669 0.386505 -0.031091
v -0.351851 0.353553 -0.034654
v -0.384644 0.317197 -0.037884
v -0.413733 0.277785 -0.040749
v -0.438837 0.235698 -0.043222
v -0.459715 0.191342 -0.045278
v -0.476166 0.145142 -0.046898
v -0.488031 0.097545 -0.048067
v -0.495196 0.049009 -0.048773
v -0.497592 0.000000 -0.049009
v -0.495196 -0.049009 -0.048773
v -0.488031 -0.097545 -0.048067
v -0.476166 -0.145142 -0.046898
v -0.459715 -0.191342 -0.045278
v -0.438837 -0.235698 -0.043222
v -0.413733 -0.277785 -0.040749
v -0.384644 -0.317197 -0.037884
v -0.351851 -0.353553 -0.034654
v -0.315669 -0.386505 -0.031091
v -0.276448 -0.415735 -0.027228
v -0.234563 -0.440961 -0.023102
v -0.190420 -0.461940 -0.018755
v -0.144443 -0.478470 -0.014226
v -0.097075 -0.490393 -0.009561
v -0.048773 -0.497592 -0.004804
v -0.048067 0.497592 -0.009561
v -0.095671 0.490393 -0.019030
v -0.142353 0.478470 -0.028316
v -0.187665 0.461940 -0.037329
v -0.231169 0.440961 -0.045982
v -0.272448 0.415735 -0.054193
v -0.311102 0.386505 -0.061882
v -0.346760 0.353553 -0.068975
v -0.379079 0.317197 -0.075403
v -0.407747 0.277785 -0.081106
v -0.432488 0.235698 -0.086027
v -0.453064 0.191342 -0.090120
v -0.469276 0.145142 -0.093345
v -0.480970 0.097545 -0.095671
v -0.488031 0.049009 -0.097076
v -0.490393 0.000000 -0.097545
v -0.488031 -0.049009 -0.097076
v -0.480970 -0.097545 -0.095671
v -0.469276 -0.145142 -0.093345
v -0.453064 -0.191342 -0.090120
v -0.432488 -0.235698 -0.086027
v -0.407747 -0.277785 -0.081106
v -0.379079 -0.317197 -0.075403
v -0.346760 -0.353553 -0.068975
v -0.311102 -0.386505 -0.061882
v -0.272448 -0.415735 -0.054193
v -0.231169 -0.440961 -0.045982
v -0.187665 -0.461940 -0.037329
v -0.142353 -0.478470 -0.028316
v -0.095671 -0.490393 -0.019030
v -0.048067 -0.497592 -0.009561
v -0.046898 0.497592 -0.014226
v -0.093345 0.490393 -0.028316
v -0.138893 0.478470 -0.042133
v -0.183103 0.461940 -0.055544
v -0.225549 0.440961 -0.068420
v -0.265824 0.415735 -0.080637
v -0.303538 0.386505 -0.092077
v -0.338329 0.353553 -0.102631
v -0.369862 0.317197 -0.112197
v -0.397833 0.277785 -0.120681
v -0.421973 0.235698 -0.128004
v -0.442049 0.191342 -0.134094
v -0.457867 0.145142 -0.138893
v -0.469276 0.097545 -0.142353
v -0.476166 0.049009 -0.144443
v -0.478470 0.000000 -0.145142
v -0.476166 -0.049009 -0.144443
v -0.469276 -0.097545 -0.142353
v -0.457867 -0.145142 -0.138893
v -0.442049 -0.191342 -0.134094
v -0.421973 -0.235698 -0.128004
v -0.397833 -0.277785 -0.120681
v -0.369862 -0.317197 -0.112197
v -0.338329 -0.353553 -0.102631
v -0.303538 -0.386505 -0.092077
v -0.265824 -0.415735 -0.080637
v -0.225549 -0.440961 -0.068420
v -0.183103 -0.461940 -0.055544
v -0.138893 -0.478470 -0.042133
v -0.093345 -0.490393 -0.028316
v -0.046898 -0.497592 -0.014226
v -0.045278 0.497592 -0.018755
v -0.090120 0.490393 -0.037329
v -0.134094 0.478470 -0.055544
v -0.176777 0.461940 -0.073223
v -0.217757 0.440961 -0.090198
v -0.256640 0.415735 -0.106304
v -0.293051 0.386505 -0.121386
v -0.326641 0.353553 -0.135299
v -0.357084 0.317197 -0.147909
v -0.384089 0.277785 -0.159095
v -0.407394 0.235698 -0.168748
v -0.426777 0.191342 -0.176777
v -0.442049 0.145142 -0.183103
v -0.453064 0.097545 -0.187665
v -0.459715 0.049009 -0.190420
v -0.461940 0.000000 -0.191342
v -0.459715 -0.049009 -0.190420
v -0.453064 -0.097545 -0.187665
v -0.442049 -0.145142 -0.183103
v -0.426777 -0.191342 -0.176777
v -0.407394 -0.235698 -0.168748
v -0.384089 -0.277785 -0.159095
v -0.357084 -0.317197 -0.147909
v -0.326641 -0.353553 -0.135299
v -0.293051 -0.386505 -0.121386
v -0.256640 -0.415735 -0.106304
v -0.217757 -0.440961 -0.090198
v -0.176777 -0.461940 -0.073223
v -0.134094 -0.478470 -0.055544
v -0.090120 -0.490393 -0.037329
v -0.045278 -0.497592 -0.018755
v -0.043222 0.497592 -0.023102
v -0.086027 0.490393 -0.045982
v -0.128004 0.478470 -0.068420
v -0.168748 0.461940 -0.090198
v -0.207867 0.440961 -0.111107
v -0.244985 0.415735 -0.130947
v -0.279742 0.386505 -0.149525
v -0.311806 0.353553 -0.166664
v -0.340867 0.317197 -0.182197
v -0.366645 0.277785 -0.195976
v -0.388892 0.235698 -0.207867
v -0.407394 0.191342 -0.217757
v -0.421973 0.145142 -0.225549
v -0.432488 0.097545 -0.231169
v -0.438837 0.049009 -0.234563
v -0.440961 0.000000 -0.235698
v -0.438837 -0.049009 -0.234563
v -0.432488 -0.097545 -0.231169
v -0.421973 -0.145142 -0.225549
v -0.407394 -0.191342 -0.217757
v -0.388892 -0.235698 -0.207867
v -0.366645 -0.277785 -0.195976
v -0.340867 -0.317197 -0.182197
v -0.311806 -0.353553 -0.166664
v -0.279742 -0.386505 -0.149525
v -0.244985 -0.415735 -0.130947
v -0.207867 -0.440961 -0.111107
v -0.168748 -0.461940 -0.090198
v -0.128004 -0.478470 -0.068420
v -0.086027 -0.490393 -0.045982
v -0.043222 -0.497592 -0.023102
v -0.040749 0.497592 -0.027228
v -0.081106 0.490393 -0.054193
v -0.120681 0.478470 -0.080637
v -0.159095 0.461940 -0.106304
v -0.195976 0.440961 -0.130947
v -0.230970 0.415735 -0.154329
v -0.263739 0.386505 -0.176225
v -0.293969 0.353553 -0.196424
v -0.321367 0.317197 -0.214731
v -0.345671 0.277785 -0.230970
v -0.366645 0.235698 -0.244985
v -0.384089 0.191342 -0.256640
v -0.397833 0.145142 -0.265824
v -0.407746 0.097545 -0.272448
v -0.413733 0.049009 -0.276448
v -0.415735 0.000000 -0.277785
v -0.413733 -0.049009 -0.276448
v -0.407746 -0.097545 -0.272448
v -0.397833 -0.145142 -0.265824
v -0.384089 -0.191342 -0.256640
v -0.366645 -0.235698 -0.244985
v -0.345671 -0.277785 -0.230970
v -0.321367 -0.317197 -0.214731
v -0.293969 -0.353553 -0.196424
v -0.263739 -0.386505 -0.176225
v -0.230970 -0.415735 -0.154329
v -0.195976 -0.440961 -0.130947
v -0.159095 -0.461940 -0.106304
v -0.120681 -0.478470 -0.080637
v -0.081106 -0.490393 -0.054193
v -0.040749 -0.497592 -0.027228
v -0.037884 0.497592 -0.031091
v -0.075403 0.490393 -0.061882
v -0.112197 0.478470 -0.092077
v -0.147909 0.461940 -0.121386
v -0.182197 0.440961 -0.149525
v -0.214731 0.415735 -0.176225
v -0.245196 0.386505 -0.201227
v -0.273300 0.353553 -0.224292
v -0.298773 0.317197 -0.245196
v -0.321367 0.277785 -0.263739
v -0.340867 0.235698 -0.279742
v -0.357084 0.191342 -0.293051
v -0.369862 0.145142 -0.303538
v -0.379079 0.097545 -0.311102
v -0.384644 0.049009 -0.315669
v -0.386505 0.000000 -0.317197
v -0.384644 -0.049009 -0.315669
v -0.379079 -0.097545 -0.311102
v -0.369862 -0.145142 -0.303538
v -0.357084 -0.191342 -0.293051
v -0.340867 -0.235698 -0.279742
v -0.321367 -0.277785 -0.263739
v -0.298773 -0.317197 -0.245196
v -0.273300 -0.353553 -0.224292
v -0.245196 -0.386505 -0.201227
v -0.214731 -0.415735 -0.176225
v -0.182197 -0.440961 -0.149525
v -0.147909 -0.461940 -0.121386
v -0.112197 -0.478470 -0.092077
v -0.075403 -0.490393 -0.061882
v -0.037884 -0.497592 -0.031091
v -0.034654 0.497592 -0.034654
v -0.068975 0.490393 -0.068975
v -0.102631 0.478470 -0.102631
v -0.135299 0.461940 -0.135299
v -0.166664 0.440961 -0.166664
v -0.196424 0.415735 -0.196424
v -0.224292 0.386505 -0.224292
v -0.250000 0.353553 -0.250000
v -0.273300 0.317197 -0.273300
v -0.293969 0.277785 -0.293969
v -0.311806 0.235698 -0.311806
v -0.326641 0.191342 -0.326641
v -0.338329 0.145142 -0.338329
v -0.346760 0.097545 -0.346760
v -0.351851 0.049009 -0.351851
v -0.353553 0.000000 -0.353553
v -0.351851 -0.049009 -0.351851
v -0.346760 -0.097545 -0.346760
v -0.338329 -0.145142 -0.338329
v -0.326641 -0.191342 -0.326641
v -0.311806 -0.235698 -0.311806
v -0.293969 -0.277785 -0.293969
v -0.273300 -0.317197 -0.273300
v -0.250000 -0.353553 -0.250000
v -0.224292 -0.386505 -0.224292
v -0.196424 -0.415735 -0.196424
v -0.166664 -0.440961 -0.166664
v -0.135299 -0.461940 -0.135299
v -0.102631 -0.478470 -0.102631
v -0.068975 -0.490393 -0.068975
v -0.034654 -0.497592 -0.034654
v -0.031091 0.497592 -0.037884
v -0.061882 0.490393 -0.075403
v -0.092077 0.478470 -0.112197
v -0.121386 0.461940 -0.147909
v -0.149525 0.440961 -0.182197
v -0.176225 0.415735 -0.214731
v -0.201227 0.386505 -0.245196
v -0.224292 0.353553 -0.273300
v -0.245196 0.317197 -0.298773
v -0.263739 0.277785 -0.321367
v -0.279742 0.235698 -0.340867
v -0.293051 0.191342 -0.357084
v -0.303538 0.145142 -0.369862
v -0.311102 0.097545 -0.379079
v -0.315669 0.049009 -0.384644
v -0.317197 0.000000 -0.386505
v -0.315669 -0.049009 -0.384644
v -0.311102 -0.097545 -0.379079
v -0.303538 -0.145142 -0.369862
v -0.293051 -0.191342 -0.357084
v -0.279742 -0.235698 -0.340867
v -0.263739 -0.277785 -0.321367
v -0.245196 -0.317197 -0.298773
v -0.224292 -0.353553 -0.273300
v -0.201227 -0.386505 -0.245196
v -0.176225 -0.415735 -0.214731
v -0.149525 -0.440961 -0.182197
v -0.121386 -0.461940 -0.147909
v -0.092077 -0.478470 -0.112197
v -0.061882 -0.490393 -0.075403
v -0.031091 -0.497592 -0.037884
v -0.027228 0.497592 -0.040749
v -0.054193 0.490393 -0.081106
v -0.080637 0.478470 -0.120681
v -0.106304 0.461940 -0.159095
v -0.130947 0.440961 -0.195976
v -0.154329 0.415735 -0.230970
v -0.176225 0.386505 -0.263739
v -0.196424 0.353553 -0.293969
v -0.214731 0.317197 -0.321367
v -0.230970 0.277785 -0.345671
v -0.244985 0.235698 -0.366645
v -0.256640 0.191342 -0.384089
v -0.265824 0.145142 -0.397833
v -0.272447 0.097545 -0.407747
v -0.276447 0.049009 -0.413733
v -0.277785 0.000000 -0.415735
v -0.276447 -0.049009 -0.413733
v -0.272447 -0.097545 -0.407747
v -0.265824 -0.145142 -0.397833
v -0.256640 -0.191342 -0.384089
v -0.244985 -0.235698 -0.366645
v -0.230970 -0.277785 -0.345671
v -0.214731 -0.317197 -0.321367
v -0.196424 -0.353553 -0.293969
v -0.176225 -0.386505 -0.263739
v -0.154329 -0.415735 -0.230970
v -0.130947 -0.440961 -0.195976
v -0.106304 -0.461940 -0.159095
v -0.080637 -0.478470 -0.120681
v -0.054193 -0.490393 -0.081106
v -0.027228 -0.497592 -0.040749
v -0.023102 0.497592 -0.043222
v -0.045982 0.490393 -0.086027
v -0.068420 0.478470 -0.128004
v -0.090198 0.461940 -0.168748
v -0.111107 0.440961 -0.207867
v -0.130947 0.415735 -0.244985
v -0.149525 0.386505 -0.279742
v -0.166664 0.353553 -0.311806
v -0.182197 0.317197 -0.340867
v -0.195976 0.277785 -0.366645
v -0.207867 0.235698 -0.388892
v -0.217757 0.191342 -0.407394
v -0.225549 0.145142 -0.421973
v -0.231169 0.097545 -0.432488
v -0.234563 0.049009 -0.438837
v -0.235698 0.000000 -0.440961
v -0.234563 -0.049009 -0.438837
v -0.231169 -0.097545 -0.432488
v -0.225549 -0.145142 -0.421973
v -0.217757 -0.191342 -0.407394
v -0.207867 -0.235698 -0.388892
v -0.195976 -0.277785 -0.366645
v -0.182197 -0.317197 -0.340867
v -0.166664 -0.353553 -0.311806
v -0.149525 -0.386505 -0.279742
v -0.130947 -0.415735 -0.244985
v -0.111107 -0.440961 -0.207867
v -0.090198 -0.461940 -0.168748
v -0.068420 -0.478470 -0.128004
v -0.045982 -0.490393 -0.086027
v -0.023102 -0.497592 -0.043222
v -0.018755 0.497592 -0.045278
v -0.037329 0.490393 -0.090120
v -0.055544 0.478470 -0.134094
v -0.073223 0.461940 -0.176777
v -0.090198 0.440961 -0.217757
v -0.106304 0.415735 -0.256640
v -0.121386 0.386505 -0.293051
v -0.135299 0.353553 -0.326641
v -0.147909 0.317197 -0.357084
v -0.159095 0.277785 -0.384089
v -0.168748 0.235698 -0.407394
v -0.176777 0.191342 -0.426777
v -0.183103 0.145142 -0.442049
v -0.187665 0.097545 -0.453064
v -0.190420 0.049009 -0.459715
v -0.191342 0.000000 -0.461940
v -0.190420 -0.049009 -0.459715
v -0.187665 -0.097545 -0.453064
v -0.183103 -0.145142 -0.442049
v -0.176777 -0.191342 -0.426777
v -0.168748 -0.235698 -0.407394
v -0.159095 -0.277785 -0.384089
v -0.147909 -0.317197 -0.357084
v -0.135299 -0.353553 -0.326641
v -0.121386 -0.386505 -0.293051
v -0.106304 -0.415735 -0.256640
v -0.090198 -0.440961 -0.217757
v -0.073223 -0.461940 -0.176777
v -0.055544 -0.478470 -0.134094
v -0.037329 -0.490393 -0.090120
v -0.018755 -0.497592 -0.045278
v -0.014226 0.497592 -0.046898
v -0.028316 0.490393 -0.093345
v -0.042133 0.478470 -0.138893
v -0.055544 0.461940 -0.183103
v -0.068420 0.440961 -0.225549
v -0.080637 0.415735 -0.265824
v -0.092077 0.386505 -0.303538
v -0.102631 0.353553 -0.338329
v -0.112197 0.317197 -0.369862
v -0.120682 0.277785 -0.397833
v -0.128004 0.235698 -0.421973
v -0.134094 0.191342 -0.442049
v -0.138893 0.145142 -0.457867
v -0.142353 0.097545 -0.469276
v -0.144443 0.049009 -0.476166
v -0.145142 0.000000 -0.478470
v -0.144443 -0.049009 -0.476166
v -0.142353 -0.097545 -0.469276
v -0.138893 -0.145142 -0.457867
v -0.134094 -0.191342 -0.442049
v -0.128004 -0.235698 -0.421973
v -0.120682 -0.277785 -0.397833
v -0.112197 -0.317197 -0.369862
v -0.102631 -0.353553 -0.338329
v -0.092077 -0.386505 -0.303538
v -0.080637 -0.415735 -0.265824
v -0.068420 -0.440961 -0.225549
v -0.055544 -0.461940 -0.183103
v -0.042133 -0.478470 -0.138893
v -0.028316 -0.490393 -0.093345
v -0.014226 -0.497592 -0.046898
v -0.009561 0.497592 -0.048067
v -0.019030 0.490393 -0.095671
v -0.028316 0.478470 -0.142353
v -0.037329 0.461940 -0.187665
v -0.045982 0.440961 -0.231169
v -0.054193 0.415735 -0.272448
v -0.061882 0.386505 -0.311102
v -0.068975 0.353553 -0.346760
v -0.075403 0.317197 -0.379079
v -0.081106 0.277785 -0.407747
v -0.086027 0.235698 -0.432488
v -0.090120 0.191342 -0.453064
v -0.093345 0.145142 -0.469276
v -0.095671 0.097545 -0.480970
v -0.097075 0.049009 -0.488031
v -0.097545 0.000000 -0.490393
v -0.097075 -0.049009 -0.488031
v -0.095671 -0.097545 -0.480970
v -0.093345 -0.145142 -0.469276
v -0.090120 -0.191342 -0.453064
v -0.086027 -0.235698 -0.432488
v -0.081106 -0.277785 -0.407747
v -0.075403 -0.317197 -0.379079
v -0.068975 -0.353553 -0.346760
v -0.061882 -0.386505 -0.311102
v -0.054193 -0.415735 -0.272448
v -0.045982 -0.440961 -0.231169
v -0.037329 -0.461940 -0.187665
v -0.028316 -0.478470 -0.142353
v -0.019030 -0.490393 -0.095671
v -0.009561 -0.497592 -0.048067
v -0.004804 0.497592 -0.048773
v -0.009561 0.490393 -0.097075
v -0.014226 0.478470 -0.144443
v -0.018755 0.461940 -0.190420
v -0.023102 0.440961 -0.234563
v -0.027228 0.415735 -0.276448
v -0.031091 0.386505 -0.315669
v -0.034654 0.353553 -0.351851
v -0.037884 0.317197 -0.384644
v -0.040749 0.277785 -0.413733
v -0.043222 0.235698 -0.438837
v -0.045278 0.191342 -0.459715
v -0.046898 0.145142 -0.476166
v -0.048067 0.097545 -0.488031
v -0.048773 0.049009 -0.495196
v -0.049008 0.000000 -0.497592
v -0.048773 -0.049009 -0.495196
v -0.048067 -0.097545 -0.488031
v -0.046898 -0.145142 -0.476166
v -0.045278 -0.191342 -0.459715
v -0.043222 -0.235698 -0.438837
v -0.040749 -0.277785 -0.413733
v -0.037884 -0.317197 -0.384644
v -0.034654 -0.353553 -0.351851
v -0.031091 -0.386505 -0.315669
v -0.027228 -0.415735 -0.276448
v -0.023102 -0.440961 -0.234563
v -0.018755 -0.461940 -0.190420
v -0.014226 -0.478470 -0.144443
v -0.009561 -0.490393 -0.097075
v -0.004804 -0.497592 -0.048773
v 0.000000 0.497592 -0.049009
v -0.000000 0.490393 -0.097545
v 0.000000 0.478470 -0.145142
v 0.000000 0.461940 -0.191342
v 0.000000 0.440961 -0.235698
v -0.000000 0.415735 -0.277785
v -0.000000 0.386505 -0.317197
v 0.000000 0.353553 -0.353553
v -0.000000 0.317197 -0.386505
v -0.000000 0.277785 -0.415735
v 0.000000 0.235698 -0.440960
v 0.000000 0.191342 -0.461940
v 0.000000 0.145142 -0.478470
v 0.000000 0.097545 -0.490393
v 0.000000 0.049009 -0.497592
v 0.000000 0.000000 -0.500000
v 0.000000 -0.049009 -0.497592
v 0.000000 -0.097545 -0.490393
v 0.000000 -0.145142 -0.478470
v 0.000000 -0.191342 -0.461940
v 0.000000 -0.235698 -0.440960
v -0.000000 -0.277785 -0.415735
v -0.000000 -0.317197 -0.386505
v 0.000000 -0.353553 -0.353553
v -0.000000 -0.386505 -0.317197
v -0.000000 -0.415735 -0.277785
v 0.000000 -0.440961 -0.235698
v 0.000000 -0.461940 -0.191342
v 0.000000 -0.478470 -0.145142
v -0.000000 -0.490393 -0.097545
v 0.000000 -0.497592 -0.049009
v 0.004804 0.497592 -0.048773
v 0.009561 0.490393 -0.097075
v 0.014226 0.478470 -0.144443
v 0.018755 0.461940 -0.190420
v 0.023102 0.440961 -0.234563
v 0.027228 0.415735 -0.276448
v 0.031091 0.386505 -0.315669
v 0.034654 0.353553 -0.351851
v 0.037884 0.317197 -0.384644
v 0.040749 0.277785 -0.413733
v 0.043222 0.235698 -0.438837
v 0.045278 0.191342 -0.459715
v 0.046898 0.145142 -0.476166
v 0.048067 0.097545 -0.488031
v 0.048773 0.049009 -0.495196
v 0.049009 0.000000 -0.497592
v 0.048773 -0.049009 -0.495196
v 0.048067 -0.097545 -0.488031
v 0.046898 -0.145142 -0.476166
v 0.045278 -0.191342 -0.459715
v 0.043222 -0.235698 -0.438837
v 0.040749 -0.277785 -0.413733
v 0.037884 -0.317197 -0.384644
v 0.034654 -0.353553 -0.351851
v 0.031091 -0.386505 -0.315669
v 0.027228 -0.415735 -0.276448
v 0.023102 -0.440961 -0.234563
v 0.018755 -0.461940 -0.190420
v 0.014226 -0.478470 -0.144443
v 0.009561 -0.490393 -0.097075
v 0.004804 -0.497592 -0.048773
v 0.000000 0.500000 0.000000
v 0.009561 0.497592 -0.048067
v 0.019030 0.490393 -0.095671
v 0.028316 0.478470 -0.142353
v 0.037329 0.461940 -0.187665
v 0.045982 0.440961 -0.231169
v 0.054193 0.415735 -0.272448
v 0.061882 0.386505 -0.311102
v 0.068975 0.353553 -0.346760
v 0.075403 0.317197 -0.379079
v 0.081106 0.277785 -0.407747
v 0.086027 0.235698 -0.432488
v 0.090120 0.191342 -0.453064
v 0.093345 0.145142 -0.469276
v 0.095671 0.097545 -0.480970
v 0.097076 0.049009 -0.488031
v 0.097545 0.000000 -0.490393
v 0.097076 -0.049009 -0.488031
v 0.095671 -0.097545 -0.480970
v 0.093345 -0.145142 -0.469276
v 0.090120 -0.191342 -0.453064
v 0.086027 -0.235698 -0.432488
v 0.081106 -0.277785 -0.407747
v 0.075403 -0.317197 -0.379079
v 0.068975 -0.353553 -0.346760
v 0.061882 -0.386505 -0.311102
v 0.054193 -0.415735 -0.272448
v 0.045982 -0.440961 -0.231169
v 0.037329 -0.461940 -0.187665
v 0.028316 -0.478470 -0.142353
v 0.019030 -0.490393 -0.095671
v 0.009561 -0.497592 -0.048067
v 0.014226 0.497592 -0.046898
v 0.028316 0.490393 -0.093345
v 0.042133 0.478470 -0.138893
v 0.055544 0.461940 -0.183102
v 0.068420 0.440961 -0.225549
v 0.080637 0.415735 -0.265824
v 0.092077 0.386505 -0.303538
v 0.102631 0.353553 -0.338329
v 0.112196 0.317197 -0.369862
v 0.120681 0.277785 -0.397833
v 0.128004 0.235698 -0.421973
v 0.134094 0.191342 -0.442049
v 0.138893 0.145142 -0.457867
v 0.142353 0.097545 -0.469276
v 0.144443 0.049009 -0.476166
v 0.145142 0.000000 -0.478470
v 0.144443 -0.049009 -0.476166
v 0.142353 -0.097545 -0.469276
v 0.138893 -0.145142 -0.457867
v 0.134094 -0.191342 -0.442049
v 0.128004 -0.235698 -0.421973
v 0.120681 -0.277785 -0.397833
v 0.112196 -0.317197 -0.369862
v 0.102631 -0.353553 -0.338329
v 0.092077 -0.386505 -0.303538
v 0.080637 -0.415735 -0.265824
v 0.068420 -0.440961 -0.225549
v 0.055544 -0.461940 -0.183102
v 0.042133 -0.478470 -0.138893
v 0.028316 -0.490393 -0.093345
v 0.014226 -0.497592 -0.046898
v 0.018755 0.497592 -0.045278
v 0.037329 0.490393 -0.090120
v 0.055544 0.478470 -0.134094
v 0.073223 0.461940 -0.176777
v 0.090198 0.440961 -0.217757
v 0.106304 0.415735 -0.256640
v 0.121386 0.386505 -0.293051
v 0.135299 0.353553 -0.326641
v 0.147909 0.317197 -0.357084
v 0.159095 0.277785 -0.384089
v 0.168748 0.235698 -0.407394
v 0.176777 0.191342 -0.426777
v 0.183103 0.145142 -0.442049
v 0.187665 0.097545 -0.453064
v 0.190420 0.049009 -0.459715
v 0.191342 0.000000 -0.461940
v 0.190420 -0.049009 -0.459715
v 0.187665 -0.097545 -0.453064
v 0.183103 -0.145142 -0.442049
v 0.176777 -0.191342 -0.426777
v 0.168748 -0.235698 -0.407394
v 0.159095 -0.277785 -0.384089
v 0.147909 -0.317197 -0.357084
v 0.135299 -0.353553 -0.326641
v 0.121386 -0.386505 -0.293051
v 0.106304 -0.415735 -0.256640
v 0.090198 -0.440961 -0.217757
v 0.073223 -0.461940 -0.176777
v 0.055544 -0.478470 -0.134094
v 0.037329 -0.490393 -0.090120
v 0.018755 -0.497592 -0.045278
v 0.023102 0.497592 -0.043222
v 0.045982 0.490393 -0.086027
v 0.068420 0.478470 -0.128004
v 0.090198 0.461940 -0.168748
v 0.111107 0.440961 -0.207867
v 0.130947 0.415735 -0.244985
v 0.149525 0.386505 -0.279742
v 0.166664 0.353553 -0.311806
v 0.182197 0.317197 -0.340867
v 0.195976 0.277785 -0.366645
v 0.207867 0.235698 -0.388892
v 0.217757 0.191342 -0.407394
v 0.225549 0.145142 -0.421973
v 0.231169 0.097545 -0.432488
v 0.234563 0.049009 -0.438837
v 0.235698 0.000000 -0.440960
v 0.234563 -0.049009 -0.438837
v 0.231169 -0.097545 -0.432488
v 0.225549 -0.145142 -0.421973
v 0.217757 -0.191342 -0.407394
v 0.207867 -0.235698 -0.388892
v 0.195976 -0.277785 -0.366645
v 0.182197 -0.317197 -0.340867
v 0.166664 -0.353553 -0.311806
v 0.149525 -0.386505 -0.279742
v 0.130947 -0.415735 -0.244985
v 0.111107 -0.440961 -0.207867
v 0.090198 -0.461940 -0.168748
v 0.068420 -0.478470 -0.128004
v 0.045982 -0.490393 -0.086027
v 0.023102 -0.497592 -0.043222
v 0.027228 0.497592 -0.040749
v 0.054193 0.490393 -0.081106
v 0.080637 0.478470 -0.120681
v 0.106304 0.461940 -0.159095
v 0.130947 0.440961 -0.195976
v 0.154329 0.415735 -0.230970
v 0.176225 0.386505 -0.263739
v 0.196424 0.353553 -0.293969
v 0.214731 0.317197 -0.321367
v 0.230970 0.277785 -0.345671
v 0.244985 0.235698 -0.366645
v 0.256640 0.191342 -0.384089
v 0.265824 0.145142 -0.397833
v 0.272448 0.097545 -0.407746
v 0.276447 0.049009 -0.413733
v 0.277785 0.000000 -0.415735
v 0.276447 -0.049009 -0.413733
v 0.272448 -0.097545 -0.407746
v 0.265824 -0.145142 -0.397833
v 0.256640 -0.191342 -0.384089
v 0.244985 -0.235698 -0.366645
v 0.230970 -0.277785 -0.345671
v 0.214731 -0.317197 -0.321367
v 0.196424 -0.353553 -0.293969
v 0.176225 -0.386505 -0.263739
v 0.154329 -0.415735 -0.230970
v 0.130947 -0.440961 -0.195976
v 0.106304 -0.461940 -0.159095
v 0.080637 -0.478470 -0.120681
v 0.054193 -0.490393 -0.081106
v 0.027228 -0.497592 -0.040749
v 0.031091 0.497592 -0.037884
v 0.061882 0.490393 -0.075403
v 0.092077 0.478470 -0.112197
v 0.121386 0.461940 -0.147909
v 0.149525 0.440961 -0.182197
v 0.176225 0.415735 -0.214731
v 0.201227 0.386505 -0.245196
v 0.224292 0.353553 -0.273300
v 0.245196 0.317197 -0.298773
v 0.263739 0.277785 -0.321367
v 0.279742 0.235698 -0.340867
v 0.293051 0.191342 -0.357084
v 0.303538 0.145142 -0.369862
v 0.311102 0.097545 -0.379079
v 0.315669 0.049009 -0.384644
v 0.317197 0.000000 -0.386505
v 0.315669 -0.049009 -0.384644
v 0.311102 -0.097545 -0.379079
v 0.303538 -0.145142 -0.369862
v 0.293051 -0.191342 -0.357084
v 0.279742 -0.235698 -0.340867
v 0.263739 -0.277785 -0.321367
v 0.245196 -0.317197 -0.298773
v 0.224292 -0.353553 -0.273300
v 0.201227 -0.386505 -0.245196
v 0.176225 -0.415735 -0.214731
v 0.149525 -0.440961 -0.182197
v 0.121386 -0.461940 -0.147909
v 0.092077 -0.478470 -0.112197
v 0.061882 -0.490393 -0.075403
v 0.031091 -0.497592 -0.037884
v 0.000000 -0.500000 0.000000
v 0.034654 0.497592 -0.034654
v 0.068975 0.490393 -0.068975
v 0.102631 0.478470 -0.102631
v 0.135299 0.461940 -0.135299
v 0.166664 0.440961 -0.166664
v 0.196424 0.415735 -0.196424
v 0.224292 0.386505 -0.224292
v 0.250000 0.353553 -0.250000
v 0.273300 0.317197 -0.273300
v 0.293969 0.277785 -0.293969
v 0.311806 0.235698 -0.311806
v 0.326641 0.191342 -0.326641
v 0.338330 0.145142 -0.338329
v 0.346760 0.097545 -0.346760
v 0.351851 0.049009 -0.351851
v 0.353553 0.000000 -0.353553
v 0.351851 -0.049009 -0.351851
v 0.346760 -0.097545 -0.346760
v 0.338330 -0.145142 -0.338329
v 0.326641 -0.191342 -0.326641
v 0.311806 -0.235698 -0.311806
v 0.293969 -0.277785 -0.293969
v 0.273300 -0.317197 -0.273300
v 0.250000 -0.353553 -0.250000
v 0.224292 -0.386505 -0.224292
v 0.196424 -0.415735 -0.196424
v 0.166664 -0.440961 -0.166664
v 0.135299 -0.461940 -0.135299
v 0.102631 -0.478470 -0.102631
v 0.068975 -0.490393 -0.068975
v 0.034654 -0.497592 -0.034654
v 0.037884 0.497592 -0.031091
v 0.075403 0.490393 -0.061882
v 0.112197 0.478470 -0.092077
v 0.147909 0.461940 -0.121386
v 0.182197 0.440961 -0.149525
v 0.214731 0.415735 -0.176225
v 0.245196 0.386505 -0.201227
v 0.273300 0.353553 -0.224292
v 0.298772 0.317197 -0.245196
v 0.321367 0.277785 -0.263739
v 0.340867 0.235698 -0.279742
v 0.357084 0.191342 -0.293051
v 0.369862 0.145142 -0.303538
v 0.379079 0.097545 -0.311102
v 0.384644 0.049009 -0.315669
v 0.386505 0.000000 -0.317196
v 0.384644 -0.049009 -0.315669
v 0.379079 -0.097545 -0.311102
v 0.369862 -0.145142 -0.303538
v 0.357084 -0.191342 -0.293051
v 0.340867 -0.235698 -0.279742
v 0.321367 -0.277785 -0.263739
v 0.298772 -0.317197 -0.245196
v 0.273300 -0.353553 -0.224292
v 0.245196 -0.386505 -0.201227
v 0.214731 -0.415735 -0.176225
v 0.182197 -0.440961 -0.149525
v 0.147909 -0.461940 -0.121386
v 0.112197 -0.478470 -0.092077
v 0.075403 -0.490393 -0.061882
v 0.037884 -0.497592 -0.031091
v 0.040749 0.497592 -0.027228
v 0.081106 0.490393 -0.054193
v 0.120681 0.478470 -0.080637
v 0.159095 0.461940 -0.106304
v 0.195976 0.440961 -0.130947
v 0.230970 0.415735 -0.154329
v 0.263739 0.386505 -0.176225
v 0.293969 0.353553 -0.196424
v 0.321367 0.317197 -0.214731
v 0.345671 0.277785 -0.230970
v 0.366645 0.235698 -0.244984
v 0.384089 0.191342 -0.256640
v 0.397833 0.145142 -0.265824
v 0.407747 0.097545 -0.272447
v 0.413733 0.049009 -0.276447
v 0.415735 0.000000 -0.277785
v 0.413733 -0.049009 -0.276447
v 0.407747 -0.097545 -0.272447
v 0.397833 -0.145142 -0.265824
v 0.384089 -0.191342 -0.256640
v 0.366645 -0.235698 -0.244984
v 0.345671 -0.277785 -0.230970
v 0.321367 -0.317197 -0.214731
v 0.293969 -0.353553 -0.196424
v 0.263739 -0.386505 -0.176225
v 0.230970 -0.415735 -0.154329
v 0.195976 -0.440961 -0.130947
v 0.159095 -0.461940 -0.106304
v 0.120681 -0.478470 -0.080637
v 0.081106 -0.490393 -0.054193
v 0.040749 -0.497592 -0.027228
v 0.043222 0.497592 -0.023102
v 0.086027 0.490393 -0.045982
v 0.128004 0.478470 -0.068420
v 0.168748 0.461940 -0.090198
v 0.207867 0.440961 -0.111107
v 0.244985 0.415735 -0.130947
v 0.279742 0.386505 -0.149525
v 0.311806 0.353553 -0.166664
v 0.340867 0.317197 -0.182197
v 0.366645 0.277785 -0.195976
v 0.388892 0.235698 -0.207867
v 0.407394 0.191342 -0.217757
v 0.421973 0.145142 -0.225549
v 0.432488 0.097545 -0.231169
v 0.438837 0.049009 -0.234563
v 0.440961 0.000000 -0.235698
v 0.438837 -0.049009 -0.234563
v 0.432488 -0.097545 -0.231169
v 0.421973 -0.145142 -0.225549
v 0.407394 -0.191342 -0.217757
v 0.388892 -0.235698 -0.207867
v 0.366645 -0.277785 -0.195976
v 0.340867 -0.317197 -0.182197
v 0.311806 -0.353553 -0.166664
v 0.279742 -0.386505 -0.149525
v 0.244985 -0.415735 -0.130947
v 0.207867 -0.440961 -0.111107
v 0.168748 -0.461940 -0.090198
v 0.128004 -0.478470 -0.068420
v 0.086027 -0.490393 -0.045982
v 0.043222 -0.497592 -0.023102
v 0.045278 0.497592 -0.018755
v 0.090120 0.490393 -0.037329
v 0.134094 0.478470 -0.055544
v 0.176777 0.461940 -0.073223
v 0.217757 0.440961 -0.090198
v 0.256640 0.415735 -0.106304
v 0.293051 0.386505 -0.121386
v 0.326641 0.353553 -0.135299
v 0.357084 0.317197 -0.147909
v 0.384089 0.277785 -0.159095
v 0.407394 0.235698 -0.168748
v 0.426776 0.191342 -0.176777
v 0.442049 0.145142 -0.183103
v 0.453064 0.097545 -0.187665
v 0.459715 0.049009 -0.190420
v 0.461940 0.000000 -0.191342
v 0.459715 -0.049009 -0.190420
v 0.453064 -0.097545 -0.187665
v 0.442049 -0.145142 -0.183103
v 0.426776 -0.191342 -0.176777
v 0.407394 -0.235698 -0.168748
v 0.384089 -0.277785 -0.159095
v 0.357084 -0.317197 -0.147909
v 0.326641 -0.353553 -0.135299
v 0.293051 -0.386505 -0.121386
v 0.256640 -0.415735 -0.106304
v 0.217757 -0.440961 -0.090198
v 0.176777 -0.461940 -0.073223
v 0.134094 -0.478470 -0.055544
v 0.090120 -0.490393 -0.037329
v 0.045278 -0.497592 -0.018755
v 0.046898 0.497592 -0.014226
v 0.093345 0.490393 -0.028316
v 0.138893 0.478470 -0.042133
v 0.183102 0.461940 -0.055544
v 0.225549 0.440961 -0.068420
v 0.265824 0.415735 -0.080637
v 0.303538 0.386505 -0.092077
v 0.338329 0.353553 -0.102631
v 0.369862 0.317197 -0.112197
v 0.397833 0.277785 -0.120682
v 0.421973 0.235698 -0.128004
v 0.442049 0.191342 -0.134094
v 0.457867 0.145142 -0.138892
v 0.469276 0.097545 -0.142353
v 0.476166 0.049009 -0.144443
v 0.478470 0.000000 -0.145142
v 0.476166 -0.049009 -0.144443
v 0.469276 -0.097545 -0.142353
v 0.457867 -0.145142 -0.138892
v 0.442049 -0.191342 -0.134094
v 0.421973 -0.235698 -0.128004
v 0.397833 -0.277785 -0.120682
v 0.369862 -0.317197 -0.112197
v 0.338329 -0.353553 -0.102631
v 0.303538 -0.386505 -0.092077
v 0.265824 -0.415735 -0.080637
v 0.225549 -0.440961 -0.068420
v 0.183102 -0.461940 -0.055544
v 0.138893 -0.478470 -0.042133
v 0.093345 -0.490393 -0.028316
v 0.046898 -0.497592 -0.014226
v 0.048067 0.497592 -0.009561
v 0.095671 0.490393 -0.019030
v 0.142353 0.478470 -0.028316
v 0.187665 0.461940 -0.037329
v 0.231169 0.440961 -0.045982
v 0.272448 0.415735 -0.054193
v 0.311102 0.386505 -0.061882
v 0.346760 0.353553 -0.068975
v 0.379078 0.317197 -0.075403
v 0.407747 0.277785 -0.081106
v 0.432488 0.235698 -0.086027
v 0.453063 0.191342 -0.090120
v 0.469276 0.145142 -0.093345
v 0.480970 0.097545 -0.095671
v 0.488031 0.049009 -0.097075
v 0.490393 0.000000 -0.097545
v 0.488031 -0.049009 -0.097075
v 0.480970 -0.097545 -0.095671
v 0.469276 -0.145142 -0.093345
v 0.453063 -0.191342 -0.090120
v 0.432488 -0.235698 -0.086027
v 0.407747 -0.277785 -0.081106
v 0.379078 -0.317197 -0.075403
v 0.346760 -0.353553 -0.068975
v 0.311102 -0.386505 -0.061882
v 0.272448 -0.415735 -0.054193
v 0.231169 -0.440961 -0.045982
v 0.187665 -0.461940 -0.037329
v 0.142353 -0.478470 -0.028316
v 0.095671 -0.490393 -0.019030
v 0.048067 -0.497592 -0.009561
v 0.048773 0.497592 -0.004804
v 0.097075 0.490393 -0.009561
v 0.144443 0.478470 -0.014226
v 0.190420 0.461940 -0.018755
v 0.234563 0.440961 -0.023102
v 0.276448 0.415735 -0.027228
v 0.315669 0.386505 -0.031091
v 0.351851 0.353553 -0.034654
v 0.384644 0.317197 -0.037884
v 0.413733 0.277785 -0.040749
v 0.438837 0.235698 -0.043222
v 0.459715 0.191342 -0.045278
v 0.476166 0.145142 -0.046898
v 0.488031 0.097545 -0.048067
v 0.495196 0.049009 -0.048772
v 0.497592 0.000000 -0.049008
v 0.495196 -0.049009 -0.048772
v 0.488031 -0.097545 -0.048067
v 0.476166 -0.145142 -0.046898
v 0.459715 -0.191342 -0.045278
v 0.438837 -0.235698 -0.043222
v 0.413733 -0.277785 -0.040749
v 0.384644 -0.317197 -0.037884
v 0.351851 -0.353553 -0.034654
v 0.315669 -0.386505 -0.031091
v 0.276448 -0.415735 -0.027228
v 0.234563 -0.440961 -0.023102
v 0.190420 -0.461940 -0.018755
v 0.144443 -0.478470 -0.014226
v 0.097075 -0.490393 -0.009561
v 0.048773 -0.497592 -0.004804
v 0.049009 0.497592 0.000000
v 0.097545 0.490393 -0.000000
v 0.145142 0.478470 0.000000
v 0.191342 0.461940 0.000000
v 0.235698 0.440961 0.000000
v 0.277785 0.415735 -0.000000
v 0.317197 0.386505 -0.000000
v 0.353553 0.353553 0.000000
v 0.386505 0.317197 -0.000000
v 0.415735 0.277785 -0.000000
v 0.440960 0.235698 0.000000
v 0.461940 0.191342 0.000000
v 0.478470 0.145142 0.000000
v 0.490393 0.097545 0.000000
v 0.497592 0.049009 0.000000
v 0.500000 0.000000 0.000000
v 0.497592 -0.049009 0.000000
v 0.490393 -0.097545 0.000000
v 0.478470 -0.145142 0.000000
v 0.461940 -0.191342 0.000000
v 0.440960 -0.235698 0.000000
v 0.415735 -0.277785 -0.000000
v 0.386505 -0.317197 -0.000000
v 0.353553 -0.353553 0.000000
v 0.317197 -0.386505 -0.000000
v 0.277785 -0.415735 -0.000000
v 0.235698 -0.440961 0.000000
v 0.191342 -0.461940 0.000000
v 0.145142 -0.478470 0.000000
v 0.097545 -0.490393 -0.000000
v 0.049009 -0.497592 0.000000
v 0.048773 0.497592 0.004804
v 0.097075 0.490393 0.009561
v 0.144443 0.478470 0.014226
v 0.190420 0.461940 0.018755
v 0.234563 0.440961 0.023102
v 0.276448 0.415735 0.027228
v 0.315669 0.386505 0.031091
v 0.351851 0.353553 0.034654
v 0.384644 0.317197 0.037884
v 0.413733 0.277785 0.040749
v 0.438837 0.235698 0.043222
v 0.459715 0.191342 0.045278
v 0.476166 0.145142 0.046898
v 0.488031 0.097545 0.048067
v 0.495196 0.049009 0.048773
v 0.497592 0.000000 0.049009
v 0.495196 -0.049009 0.048773
v 0.488031 -0.097545 0.048067
v 0.476166 -0.145142 0.046898
v 0.459715 -0.191342 0.045278
v 0.438837 -0.235698 0.043222
v 0.413733 -0.277785 0.040749
v 0.384644 -0.317197 0.037884
v 0.351851 -0.353553 0.034654
v 0.315669 -0.386505 0.031091
v 0.276448 -0.415735 0.027228
v 0.234563 -0.440961 0.023102
v 0.190420 -0.461940 0.018755
v 0.144443 -0.478470 0.014226
v 0.097075 -0.490393 0.009561
v 0.048773 -0.497592 0.004804
v 0.048067 0.497592 0.009561
v 0.095671 0.490393 0.019030
v 0.142353 0.478470 0.028316
v 0.187665 0.461940 0.037329
v 0.231169 0.440961 0.045982
v 0.272448 0.415735 0.054193
v 0.311102 0.386505 0.061882
v 0.346760 0.353553 0.068975
v 0.379079 0.317197 0.075403
v 0.407747 0.277785 0.081106
v 0.432488 0.235698 0.086027
v 0.453063 0.191342 0.090120
v 0.469276 0.145142 0.093345
v 0.480970 0.097545 0.095671
v 0.488031 0.049009 0.097075
v 0.490392 0.000000 0.097545
v 0.488031 -0.049009 0.097075
v 0.480970 -0.097545 0.095671
v 0.469276 -0.145142 0.093345
v 0.453063 -0.191342 0.090120
v 0.432488 -0.235698 0.086027
v 0.407747 -0.277785 0.081106
v 0.379079 -0.317197 0.075403
v 0.346760 -0.353553 0.068975
v 0.311102 -0.386505 0.061882
v 0.272448 -0.415735 0.054193
v 0.231169 -0.440961 0.045982
v 0.187665 -0.461940 0.037329
v 0.142353 -0.478470 0.028316
v 0.095671 -0.490393 0.019030
v 0.048067 -0.497592 0.009561
v 0.046898 0.497592 0.014226
v 0.093345 0.490393 0.028316
v 0.138893 0.478470 0.042133
v 0.183102 0.461940 0.055544
v 0.225549 0.440961 0.068420
v 0.265824 0.415735 0.080637
v 0.303538 0.386505 0.092077
v 0.338329 0.353553 0.102631
v 0.369862 0.317197 0.112196
v 0.397833 0.277785 0.120681
v 0.421973 0.235698 0.128004
v 0.442049 0.191342 0.134094
v 0.457867 0.145142 0.138893
v 0.469276 0.097545 0.142353
v 0.476166 0.049009 0.144443
v 0.478470 0.000000 0.145142
v 0.476166 -0.049009 0.144443
v 0.469276 -0.097545 0.142353
v 0.457867 -0.145142 0.138893
v 0.442049 -0.191342 0.134094
v 0.421973 -0.235698 0.128004
v 0.397833 -0.277785 0.120681
v 0.369862 -0.317197 0.112196
v 0.338329 -0.353553 0.102631
v 0.303538 -0.386505 0.092077
v 0.265824 -0.415735 0.080637
v 0.225549 -0.440961 0.068420
v 0.183102 -0.461940 0.055544
v 0.138893 -0.478470 0.042133
v 0.093345 -0.490393 0.028316
v 0.046898 -0.497592 0.014226
v 0.045278 0.497592 0.018755
v 0.090120 0.490393 0.037329
v 0.134094 0.478470 0.055544
v 0.176777 0.461940 0.073223
v 0.217757 0.440961 0.090198
v 0.256640 0.415735 0.106304
v 0.293051 0.386505 0.121386
v 0.326641 0.353553 0.135299
v 0.357084 0.317197 0.147909
v 0.384089 0.277785 0.159095
v 0.407394 0.235698 0.168748
v 0.426776 0.191342 0.176777
v 0.442049 0.145142 0.183103
v 0.453064 0.097545 0.187665
v 0.459715 0.049009 0.190420
v 0.461940 0.000000 0.191342
v 0.459715 -0.049009 0.190420
v 0.453064 -0.097545 0.187665
v 0.442049 -0.145142 0.183103
v 0.426776 -0.191342 0.176777
v 0.407394 -0.235698 0.168748
v 0.384089 -0.277785 0.159095
v 0.357084 -0.317197 0.147909
v 0.326641 -0.353553 0.135299
v 0.293051 -0.386505 0.121386
v 0.256640 -0.415735 0.106304
v 0.217757 -0.440961 0.090198
v 0.176777 -0.461940 0.073223
v 0.134094 -0.478470 0.055544
v 0.090120 -0.490393 0.037329
v 0.045278 -0.497592 0.018755
v 0.043222 0.497592 0.023102
v 0.086027 0.490393 0.045982
v 0.128004 0.478470 0.068420
v 0.168748 0.461940 0.090198
v 0.207867 0.440961 0.111107
v 0.244985 0.415735 0.130947
v 0.279742 0.386505 0.149525
v 0.311806 0.353553 0.166664
v 0.340867 0.317197 0.182197
v 0.366645 0.277785 0.195976
v 0.388892 0.235698 0.207867
v 0.407394 0.191342 0.217757
v 0.421973 0.145142 0.225549
v 0.432488 0.097545 0.231169
v 0.438837 0.049009 0.234563
v 0.440960 0.000000 0.235698
v 0.438837 -0.049009 0.234563
v 0.432488 -0.097545 0.231169
v 0.421973 -0.145142 0.225549
v 0.407394 -0.191342 0.217757
v 0.388892 -0.235698 0.207867
v 0.366645 -0.277785 0.195976
v 0.340867 -0.317197 0.182197
v 0.311806 -0.353553 0.166664
v 0.279742 -0.386505 0.149525
v 0.244985 -0.415735 0.130947
v 0.207867 -0.440961 0.111107
v 0.168748 -0.461940 0.090198
v 0.128004 -0.478470 0.068420
v 0.086027 -0.490393 0.045982
v 0.043222 -0.497592 0.023102
v 0.040749 0.497592 0.027228
v 0.081106 0.490393 0.054193
v 0.120681 0.478470 0.080637
v 0.159095 0.461940 0.106304
v 0.195976 0.440961 0.130947
v 0.230970 0.415735 0.154329
v 0.263739 0.386505 0.176225
v 0.293969 0.353553 0.196424
v 0.321367 0.317197 0.214731
v 0.345671 0.277785 0.230970
v 0.366645 0.235698 0.244985
v 0.384089 0.191342 0.256640
v 0.397833 0.145142 0.265824
v 0.407746 0.097545 0.272448
v 0.413733 0.049009 0.276447
v 0.415735 0.000000 0.277785
v 0.413733 -0.049009 0.276447
v 0.407746 -0.097545 0.272448
v 0.397833 -0.145142 0.265824
v 0.384089 -0.191342 0.256640
v 0.366645 -0.235698 0.244985
v 0.345671 -0.277785 0.230970
v 0.321367 -0.317197 0.214731
v 0.293969 -0.353553 0.196424
v 0.263739 -0.386505 0.176225
v 0.230970 -0.415735 0.154329
v 0.195976 -0.440961 0.130947
v 0.159095 -0.461940 0.106304
v 0.120681 -0.478470 0.080637
v 0.081106 -0.490393 0.054193
v 0.040749 -0.497592 0.027228
v 0.037884 0.497592 0.031091
v 0.075403 0.490393 0.061882
v 0.112197 0.478470 0.092077
v 0.147909 0.461940 0.121386
v 0.182197 0.440961 0.149525
v 0.214731 0.415735 0.176225
v 0.245196 0.386505 0.201227
v 0.273300 0.353553 0.224292
v 0.298772 0.317197 0.245196
v 0.321367 0.277785 0.263739
v 0.340867 0.235698 0.279742
v 0.357084 0.191342 0.293051
v 0.369862 0.145142 0.303538
v 0.379079 0.097545 0.311102
v 0.384644 0.049009 0.315669
v 0.386505 0.000000 0.317197
v 0.384644 -0.049009 0.315669
v 0.379079 -0.097545 0.311102
v 0.369862 -0.145142 0.303538
v 0.357084 -0.191342 0.293051
v 0.340867 -0.235698 0.279742
v 0.321367 -0.277785 0.263739
v 0.298772 -0.317197 0.245196
v 0.273300 -0.353553 0.224292
v 0.245196 -0.386505 0.201227
v 0.214731 -0.415735 0.176225
v 0.182197 -0.440961 0.149525
v 0.147909 -0.461940 0.121386
v 0.112197 -0.478470 0.092077
v 0.075403 -0.490393 0.061882
v 0.037884 -0.497592 0.031091
v 0.034654 0.497592 0.034654
v 0.068975 0.490393 0.068975
v 0.102631 0.478470 0.102631
v 0.135299 0.461940 0.135299
v 0.166664 0.440961 0.166664
v 0.196424 0.415735 0.196424
v 0.224292 0.386505 0.224292
v 0.250000 0.353553 0.250000
v 0.273300 0.317197 0.273300
v 0.293969 0.277785 0.293969
v 0.311806 0.235698 0.311806
v 0.326640 0.191342 0.326641
v 0.338329 0.145142 0.338330
v 0.346760 0.097545 0.346760
v 0.351851 0.049009 0.351851
v 0.353553 0.000000 0.353553
v 0.351851 -0.049009 0.351851
v 0.346760 -0.097545 0.346760
v 0.338329 -0.145142 0.338330
v 0.326640 -0.191342 0.326641
v 0.311806 -0.235698 0.311806
v 0.293969 -0.277785 0.293969
v 0.273300 -0.317197 0.273300
v 0.250000 -0.353553 0.250000
v 0.224292 -0.386505 0.224292
v 0.196424 -0.415735 0.196424
v 0.166664 -0.440961 0.166664
v 0.135299 -0.461940 0.135299
v 0.102631 -0.478470 0.102631
v 0.068975 -0.490393 0.068975
v 0.034654 -0.497592 0.034654
v 0.031091 0.497592 0.037884
v 0.061882 0.490393 0.075403
v 0.092077 0.478470 0.112197
v 0.121386 0.461940 0.147909
v 0.149525 0.440961 0.182197
v 0.176225 0.415735 0.214731
v 0.201227 0.386505 0.245196
v 0.224292 0.353553 0.273300
v 0.245196 0.317197 0.298772
v 0.263739 0.277785 0.321367
v 0.279742 0.235698 0.340867
v 0.293051 0.191342 0.357084
v 0.303538 0.145142 0.369863
v 0.311102 0.097545 0.379079
v 0.315669 0.049009 0.384644
v 0.317196 0.000000 0.386505
v 0.315669 -0.049009 0.384644
v 0.311102 -0.097545 0.379079
v 0.303538 -0.145142 0.369863
v 0.293051 -0.191342 0.357084
v 0.279742 -0.235698 0.340867
v 0.263739 -0.277785 0.321367
v 0.245196 -0.317197 0.298772
v 0.224292 -0.353553 0.273300
v 0.201227 -0.386505 0.245196
v 0.176225 -0.415735 0.214731
v 0.149525 -0.440961 0.182197
v 0.121386 -0.461940 0.147909
v 0.092077 -0.478470 0.112197
v 0.061882 -0.490393 0.075403
v 0.031091 -0.497592 0.037884
v 0.027228 0.497592 0.040749
v 0.054193 0.490393 0.081106
v 0.080637 0.478470 0.120681
v 0.106304 0.461940 0.159095
v 0.130947 0.440961 0.195976
v 0.154329 0.415735 0.230970
v 0.176225 0.386505 0.263739
v 0.196424 0.353553 0.293969
v 0.214731 0.317197 0.321367
v 0.230970 0.277785 0.345671
v 0.244984 0.235698 0.366645
v 0.256640 0.191342 0.384089
v 0.265824 0.145142 0.397833
v 0.272447 0.097545 0.407747
v 0.276447 0.049009 0.413733
v 0.277785 0.000000 0.415735
v 0.276447 -0.049009 0.413733
v 0.272447 -0.097545 0.407747
v 0.265824 -0.145142 0.397833
v 0.256640 -0.191342 0.384089
v 0.244984 -0.235698 0.366645
v 0.230970 -0.277785 0.345671
v 0.214731 -0.317197 0.321367
v 0.196424 -0.353553 0.293969
v 0.176225 -0.386505 0.263739
v 0.154329 -0.415735 0.230970
v 0.130947 -0.440961 0.195976
v 0.106304 -0.461940 0.159095
v 0.080637 -0.478470 0.120681
v 0.054193 -0.490393 0.081106
v 0.027228 -0.497592 0.040749
v 0.023102 0.497592 0.043222
v 0.045982 0.490393 0.086027
v 0.068420 0.478470 0.128004
v 0.090198 0.461940 0.168748
v 0.111107 0.440961 0.207867
v 0.130947 0.415735 0.244985
v 0.149525 0.386505 0.279742
v 0.166664 0.353553 0.311806
v 0.182197 0.317197 0.340867
v 0.195976 0.277785 0.366645
v 0.207867 0.235698 0.388892
v 0.217757 0.191342 0.407394
v 0.225549 0.145142 0.421973
v 0.231169 0.097545 0.432488
v 0.234563 0.049009 0.438837
v 0.235698 0.000000 0.440961
v 0.234563 -0.049009 0.438837
v 0.231169 -0.097545 0.432488
v 0.225549 -0.145142 0.421973
v 0.217757 -0.191342 0.407394
v 0.207867 -0.235698 0.388892
v 0.195976 -0.277785 0.366645
v 0.182197 -0.317197 0.340867
v 0.166664 -0.353553 0.311806
v 0.149525 -0.386505 0.279742
v 0.130947 -0.415735 0.244985
v 0.111107 -0.440961 0.207867
v 0.090198 -0.461940 0.168748
v 0.068420 -0.478470 0.128004
v 0.045982 -0.490393 0.086027
v 0.023102 -0.497592 0.043222
v 0.018755 0.497592 0.045278
v 0.037329 0.490393 0.090120
v 0.055544 0.478470 0.134094
v 0.073223 0.461940 0.176777
v 0.090198 0.440961 0.217757
v 0.106304 0.415735 0.256640
v 0.121386 0.386505 0.293051
v 0.135299 0.353553 0.326641
v 0.147909 0.317197 0.357084
v 0.159095 0.277785 0.384089
v 0.168748 0.235698 0.407394
v 0.176777 0.191342 0.426776
v 0.183103 0.145142 0.442049
v 0.187665 0.097545 0.453064
v 0.190420 0.049009 0.459715
v 0.191341 0.000000 0.461940
v 0.190420 -0.049009 0.459715
v 0.187665 -0.097545 0.453064
v 0.183103 -0.145142 0.442049
v 0.176777 -0.191342 0.426776
v 0.168748 -0.235698 0.407394
v 0.159095 -0.277785 0.384089
v 0.147909 -0.317197 0.357084
v 0.135299 -0.353553 0.326641
v 0.121386 -0.386505 0.293051
v 0.106304 -0.415735 0.256640
v 0.090198 -0.440961 0.217757
v 0.073223 -0.461940 0.176777
v 0.055544 -0.478470 0.134094
v 0.037329 -0.490393 0.090120
v 0.018755 -0.497592 0.045278
v 0.014226 0.497592 0.046898
v 0.028316 0.490393 0.093345
v 0.042133 0.478470 0.138893
v 0.055543 0.461940 0.183102
v 0.068420 0.440961 0.225549
v 0.080637 0.415735 0.265824
v 0.092077 0.386505 0.303538
v 0.102631 0.353553 0.338329
v 0.112197 0.317197 0.369862
v 0.120682 0.277785 0.397833
v 0.128004 0.235698 0.421973
v 0.134094 0.191342 0.442049
v 0.138892 0.145142 0.457867
v 0.142353 0.097545 0.469276
v 0.144443 0.049009 0.476166
v 0.145142 0.000000 0.478470
v 0.144443 -0.049009 0.476166
v 0.142353 -0.097545 0.469276
v 0.138892 -0.145142 0.457867
v 0.134094 -0.191342 0.442049
v 0.128004 -0.235698 0.421973
v 0.120682 -0.277785 0.397833
v 0.112197 -0.317197 0.369862
v 0.102631 -0.353553 0.338329
v 0.092077 -0.386505 0.303538
v 0.080637 -0.415735 0.265824
v 0.068420 -0.440961 0.225549
v 0.055543 -0.461940 0.183102
v 0.042133 -0.478470 0.138893
v 0.028316 -0.490393 0.093345
v 0.014226 -0.497592 0.046898
v 0.009561 0.497592 0.048067
v 0.019030 0.490393 0.095671
v 0.028316 0.478470 0.142353
v 0.037329 0.461940 0.187665
v 0.045982 0.440961 0.231169
v 0.054193 0.415735 0.272448
v 0.061882 0.386505 0.311102
v 0.068975 0.353553 0.346760
v 0.075403 0.317197 0.379078
v 0.081106 0.277785 0.407747
v 0.086027 0.235698 0.432488
v 0.090120 0.191342 0.453063
v 0.093345 0.145142 0.469277
v 0.095671 0.097545 0.480970
v 0.097075 0.049009 0.488031
v 0.097545 0.000000 0.490392
v 0.097075 -0.049009 0.488031
v 0.095671 -0.097545 0.480970
v 0.093345 -0.145142 0.469277
v 0.090120 -0.191342 0.453063
v 0.086027 -0.235698 0.432488
v 0.081106 -0.277785 0.407747
v 0.075403 -0.317197 0.379078
v 0.068975 -0.353553 0.346760
v 0.061882 -0.386505 0.311102
v 0.054193 -0.415735 0.272448
v 0.045982 -0.440961 0.231169
v 0.037329 -0.461940 0.187665
v 0.028316 -0.478470 0.142353
v 0.019030 -0.490393 0.095671
v 0.009561 -0.497592 0.048067
v 0.004804 0.497592 0.048773
v 0.009561 0.490393 0.097075
v 0.014226 0.478470 0.144443
v 0.018755 0.461940 0.190420
v 0.023102 0.440961 0.234563
v 0.027228 0.415735 0.276448
v 0.031091 0.386505 0.315669
v 0.034654 0.353553 0.351851
v 0.037884 0.317197 0.384644
v 0.040749 0.277785 0.413733
v 0.043222 0.235698 0.438837
v 0.045278 0.191342 0.459715
v 0.046898 0.145142 0.476166
v 0.048067 0.097545 0.488031
v 0.048773 0.049009 0.495196
v 0.049008 0.000000 0.497592
v 0.048773 -0.049009 0.495196
v 0.048067 -0.097545 0.488031
v 0.046898 -0.145142 0.476166
v 0.045278 -0.191342 0.459715
v 0.043222 -0.235698 0.438837
v 0.040749 -0.277785 0.413733
v 0.037884 -0.317197 0.384644
v 0.034654 -0.353553 0.351851
v 0.031091 -0.386505 0.315669
v 0.027228 -0.415735 0.276448
v 0.023102 -0.440961 0.234563
v 0.018755 -0.461940 0.190420
v 0.014226 -0.478470 0.144443
v 0.009561 -0.490393 0.097075
v 0.004804 -0.497592 0.048773
v -0.000000 0.461940 0.191342
v 0.000000 0.415735 0.277785
v 0.000000 0.386505 0.317197
v -0.000000 0.353553 0.353553
v 0.000000 0.317197 0.386505
v 0.000000 0.277785 0.415735
v -0.000000 0.097545 0.490393
v -0.000000 -0.097545 0.490393
v 0.000000 -0.277785 0.415735
v 0.000000 -0.317197 0.386505
v -0.000000 -0.353553 0.353553
v 0.000000 -0.386505 0.317197
v 0.000000 -0.415735 0.277785
v -0.000000 -0.440961 0.235698
v -0.000000 -0.461940 0.191342
v -0.000000 -0.490393 0.097545
vn -0.0394 -0.5952 0.8026
vn -0.0394 0.5952 0.8026
vn -0.0364 -0.6711 0.7405
vn -0.0421 0.5136 0.8570
vn -0.0330 -0.7405 0.6712
vn -0.0444 0.4271 0.9031
vn -0.0293 -0.8029 0.5954
vn -0.0462 0.3365 0.9405
vn -0.0252 -0.8575 0.5139
vn -0.0476 0.2427 0.9689
vn -0.0024 0.9988 0.0491
vn -0.0210 -0.9038 0.4275
vn -0.0485 0.1466 0.9880
vn -0.0072 0.9892 0.1467
vn -0.0165 -0.9414 0.3368
vn -0.0490 0.0490 0.9976
vn -0.0119 0.9700 0.2430
vn -0.0119 -0.9700 0.2430
vn -0.0490 -0.0490 0.9976
vn -0.0165 0.9414 0.3368
vn -0.0072 -0.9892 0.1467
vn -0.0485 -0.1466 0.9880
vn -0.0210 0.9038 0.4275
vn -0.0024 -0.9988 0.0491
vn -0.0476 -0.2427 0.9689
vn -0.0252 0.8575 0.5139
vn -0.0462 -0.3365 0.9405
vn -0.0293 0.8029 0.5954
vn -0.0444 -0.4271 0.9031
vn -0.0330 0.7405 0.6712
vn -0.0421 -0.5136 0.8570
vn -0.0364 0.6711 0.7405
vn -0.1451 -0.1466 0.9785
vn -0.0628 0.9038 0.4233
vn -0.0072 -0.9988 0.0486
vn -0.1423 -0.2427 0.9596
vn -0.0755 0.8575 0.5090
vn -0.1382 -0.3365 0.9315
vn -0.0875 0.8029 0.5897
vn -0.1327 -0.4271 0.8944
vn -0.0986 0.7405 0.6647
vn -0.1259 -0.5136 0.8487
vn -0.1088 0.6711 0.7333
vn -0.1179 -0.5952 0.7949
vn -0.1179 0.5952 0.7949
vn -0.1088 -0.6711 0.7333
vn -0.1259 0.5136 0.8487
vn -0.0986 -0.7405 0.6647
vn -0.1327 0.4271 0.8944
vn -0.0875 -0.8029 0.5897
vn -0.1382 0.3365 0.9315
vn -0.0755 -0.8575 0.5090
vn -0.1423 0.2427 0.9596
vn -0.0072 0.9988 0.0486
vn -0.0628 -0.9038 0.4233
vn -0.1451 0.1466 0.9785
vn -0.0216 0.9892 0.1453
vn -0.0495 -0.9414 0.3336
vn -0.1466 0.0490 0.9880
vn -0.0357 0.9700 0.2406
vn -0.0357 -0.9700 0.2406
vn -0.1466 -0.0490 0.9880
vn -0.0495 0.9414 0.3336
vn -0.0216 -0.9892 0.1453
vn -0.2288 -0.3365 0.9135
vn -0.1449 0.8029 0.5783
vn -0.2197 -0.4271 0.8771
vn -0.1633 0.7405 0.6519
vn -0.2085 -0.5136 0.8323
vn -0.1801 0.6711 0.7191
vn -0.1952 -0.5952 0.7795
vn -0.1952 0.5952 0.7795
vn -0.1801 -0.6711 0.7191
vn -0.2085 0.5136 0.8323
vn -0.1633 -0.7405 0.6519
vn -0.2197 0.4271 0.8771
vn -0.1449 -0.8029 0.5783
vn -0.2288 0.3365 0.9135
vn -0.1250 -0.8575 0.4991
vn -0.2357 0.2427 0.9410
vn -0.0119 0.9988 0.0477
vn -0.1040 -0.9038 0.4152
vn -0.2404 0.1466 0.9596
vn -0.0357 0.9892 0.1425
vn -0.0819 -0.9414 0.3271
vn -0.2427 0.0490 0.9689
vn -0.0591 0.9700 0.2360
vn -0.0591 -0.9700 0.2360
vn -0.2427 -0.0490 0.9689
vn -0.0819 0.9414 0.3271
vn -0.0357 -0.9892 0.1425
vn -0.2404 -0.1466 0.9596
vn -0.1040 0.9038 0.4152
vn -0.0119 -0.9988 0.0477
vn -0.2357 -0.2427 0.9410
vn -0.1250 0.8575 0.4991
vn -0.2891 -0.5136 0.8078
vn -0.2498 0.6711 0.6980
vn -0.2707 -0.5952 0.7566
vn -0.2707 0.5952 0.7566
vn -0.2498 -0.6711 0.6980
vn -0.2891 0.5136 0.8078
vn -0.2264 -0.7405 0.6327
vn -0.3046 0.4271 0.8513
vn -0.2008 -0.8029 0.5613
vn -0.3172 0.3365 0.8866
vn -0.1733 -0.8575 0.4845
vn -0.3268 0.2427 0.9134
vn -0.0165 0.9988 0.0463
vn -0.1442 -0.9038 0.4030
vn -0.3333 0.1466 0.9314
vn -0.0495 0.9892 0.1383
vn -0.1136 -0.9414 0.3175
vn -0.3365 0.0490 0.9404
vn -0.0820 0.9700 0.2290
vn -0.0820 -0.9700 0.2290
vn -0.3365 -0.0490 0.9404
vn -0.1136 0.9414 0.3175
vn -0.0495 -0.9892 0.1383
vn -0.3333 -0.1466 0.9314
vn -0.1442 0.9038 0.4030
vn -0.0165 -0.9988 0.0463
vn -0.3268 -0.2427 0.9134
vn -0.1733 0.8575 0.4845
vn -0.3172 -0.3365 0.8866
vn -0.2008 0.8029 0.5613
vn -0.3046 -0.4271 0.8513
vn -0.2264 0.7405 0.6327
vn -0.3170 -0.6711 0.6702
vn -0.3668 0.5136 0.7756
vn -0.2873 -0.7405 0.6075
vn -0.3866 0.4271 0.8174
vn -0.2549 -0.8029 0.5389
vn -0.4026 0.3365 0.8513
vn -0.2200 -0.8575 0.4652
vn -0.4148 0.2427 0.8770
vn -0.0210 0.9988 0.0444
vn -0.1830 -0.9038 0.3869
vn -0.4229 0.1466 0.8942
vn -0.0628 0.9892 0.1328
vn -0.1442 -0.9414 0.3049
vn -0.4270 0.0490 0.9029
vn -0.1040 0.9700 0.2199
vn -0.1040 -0.9700 0.2199
vn -0.4270 -0.0490 0.9029
vn -0.1442 0.9414 0.3049
vn -0.0628 -0.9892 0.1328
vn -0.4229 -0.1466 0.8942
vn -0.1830 0.9038 0.3869
vn -0.0210 -0.9988 0.0444
vn -0.4148 -0.2427 0.8770
vn -0.2200 0.8575 0.4652
vn -0.4026 -0.3365 0.8513
vn -0.2549 0.8029 0.5389
vn -0.3866 -0.4271 0.8174
vn -0.2873 0.7405 0.6075
vn -0.3668 -0.5136 0.7756
vn -0.3170 0.6711 0.6702
vn -0.3436 -0.5952 0.7264
vn -0.3436 0.5952 0.7264
vn -0.3065 -0.8029 0.5113
vn -0.4841 0.3365 0.8077
vn -0.2645 -0.8575 0.4414
vn -0.4987 0.2427 0.8321
vn -0.0253 0.9988 0.0421
vn -0.2200 -0.9038 0.3671
vn -0.5086 0.1466 0.8485
vn -0.0755 0.9892 0.1260
vn -0.1734 -0.9414 0.2893
vn -0.5135 0.0490 0.8567
vn -0.1251 0.9700 0.2086
vn -0.1251 -0.9700 0.2086
vn -0.5135 -0.0490 0.8567
vn -0.1734 0.9414 0.2893
vn -0.0755 -0.9892 0.1260
vn -0.5086 -0.1466 0.8485
vn -0.2200 0.9038 0.3671
vn -0.0253 -0.9988 0.0421
vn -0.4987 -0.2427 0.8321
vn -0.2645 0.8575 0.4414
vn -0.4841 -0.3365 0.8077
vn -0.3065 0.8029 0.5113
vn -0.4648 -0.4271 0.7755
vn -0.3455 0.7405 0.5764
vn -0.4411 -0.5136 0.7359
vn -0.3811 0.6711 0.6359
vn -0.4131 -0.5952 0.6892
vn -0.4131 0.5952 0.6892
vn -0.3811 -0.6711 0.6359
vn -0.4411 0.5136 0.7359
vn -0.3455 -0.7405 0.5764
vn -0.4648 0.4271 0.7755
vn -0.0293 0.9988 0.0395
vn -0.2549 -0.9038 0.3438
vn -0.5893 0.1466 0.7945
vn -0.0875 0.9892 0.1180
vn -0.2009 -0.9414 0.2709
vn -0.5950 0.0490 0.8022
vn -0.1449 0.9700 0.1954
vn -0.1449 -0.9700 0.1954
vn -0.5950 -0.0490 0.8022
vn -0.2009 0.9414 0.2709
vn -0.0875 -0.9892 0.1180
vn -0.5893 -0.1466 0.7945
vn -0.2549 0.9038 0.3438
vn -0.0293 -0.9988 0.0395
vn -0.5779 -0.2427 0.7792
vn -0.3065 0.8575 0.4133
vn -0.5610 -0.3365 0.7564
vn -0.3551 0.8029 0.4788
vn -0.5386 -0.4271 0.7263
vn -0.4003 0.7405 0.5398
vn -0.5111 -0.5136 0.6892
vn -0.4416 0.6711 0.5955
vn -0.4787 -0.5952 0.6454
vn -0.4787 0.5952 0.6454
vn -0.4416 -0.6711 0.5955
vn -0.5111 0.5136 0.6892
vn -0.4003 -0.7405 0.5398
vn -0.5386 0.4271 0.7263
vn -0.3551 -0.8029 0.4788
vn -0.5610 0.3365 0.7564
vn -0.3065 -0.8575 0.4133
vn -0.5779 0.2427 0.7792
vn -0.1634 0.9700 0.1802
vn -0.1634 -0.9700 0.1802
vn -0.6708 -0.0490 0.7401
vn -0.2265 0.9414 0.2499
vn -0.0987 -0.9892 0.1088
vn -0.6643 -0.1466 0.7330
vn -0.2874 0.9038 0.3171
vn -0.0330 -0.9988 0.0364
vn -0.6515 -0.2427 0.7188
vn -0.3456 0.8575 0.3813
vn -0.6324 -0.3365 0.6977
vn -0.4004 0.8029 0.4417
vn -0.6072 -0.4271 0.6700
vn -0.4513 0.7405 0.4979
vn -0.5762 -0.5136 0.6357
vn -0.4979 0.6711 0.5493
vn -0.5396 -0.5952 0.5954
vn -0.5396 0.5952 0.5954
vn -0.4979 -0.6711 0.5493
vn -0.5762 0.5136 0.6357
vn -0.4513 -0.7405 0.4979
vn -0.6072 0.4271 0.6700
vn -0.4004 -0.8029 0.4417
vn -0.6324 0.3365 0.6977
vn -0.3456 -0.8575 0.3813
vn -0.6515 0.2427 0.7188
vn -0.0330 0.9988 0.0364
vn -0.2874 -0.9038 0.3171
vn -0.6643 0.1466 0.7330
vn -0.0987 0.9892 0.1088
vn -0.2265 -0.9414 0.2499
vn -0.6708 0.0490 0.7401
vn -0.3171 0.9038 0.2874
vn -0.0364 -0.9988 0.0330
vn -0.7188 -0.2427 0.6515
vn -0.3813 0.8575 0.3456
vn -0.6977 -0.3365 0.6324
vn -0.4417 0.8029 0.4004
vn -0.6700 -0.4271 0.6072
vn -0.4979 0.7405 0.4513
vn -0.6357 -0.5136 0.5762
vn -0.5493 0.6711 0.4979
vn -0.5954 -0.5952 0.5396
vn -0.5954 0.5952 0.5396
vn -0.5493 -0.6711 0.4979
vn -0.6357 0.5136 0.5762
vn -0.4979 -0.7405 0.4513
vn -0.6700 0.4271 0.6072
vn -0.4417 -0.8029 0.4004
vn -0.6977 0.3365 0.6324
vn -0.3813 -0.8575 0.3456
vn -0.7188 0.2427 0.6515
vn -0.0364 0.9988 0.0330
vn -0.3171 -0.9038 0.2874
vn -0.7330 0.1466 0.6643
vn -0.1089 0.9892 0.0987
vn -0.2499 -0.9414 0.2265
vn -0.7401 0.0490 0.6708
vn -0.1802 0.9700 0.1634
vn -0.1802 -0.9700 0.1634
vn -0.7401 -0.0490 0.6708
vn -0.2499 0.9414 0.2265
vn -0.1088 -0.9892 0.0987
vn -0.7330 -0.1466 0.6643
vn -0.4788 0.8029 0.3551
vn -0.7263 -0.4271 0.5386
vn -0.5398 0.7405 0.4003
vn -0.6892 -0.5136 0.5111
vn -0.5955 0.6711 0.4416
vn -0.6454 -0.5952 0.4787
vn -0.6454 0.5952 0.4787
vn -0.5955 -0.6711 0.4416
vn -0.6892 0.5136 0.5111
vn -0.5398 -0.7405 0.4003
vn -0.7263 0.4271 0.5386
vn -0.4788 -0.8029 0.3551
vn -0.7564 0.3365 0.5610
vn -0.4133 -0.8575 0.3065
vn -0.7792 0.2427 0.5779
vn -0.0395 0.9988 0.0293
vn -0.3438 -0.9038 0.2549
vn -0.7945 0.1466 0.5893
vn -0.1180 0.9892 0.0875
vn -0.2709 -0.9414 0.2009
vn -0.8022 0.0490 0.5950
vn -0.1954 0.9700 0.1449
vn -0.1954 -0.9700 0.1449
vn -0.8022 -0.0490 0.5950
vn -0.2709 0.9414 0.2009
vn -0.1180 -0.9892 0.0875
vn -0.7945 -0.1466 0.5893
vn -0.3438 0.9038 0.2549
vn -0.0395 -0.9988 0.0293
vn -0.7792 -0.2427 0.5779
vn -0.4133 0.8575 0.3065
vn -0.7564 -0.3365 0.5610
vn -0.6359 0.6711 0.3811
vn -0.6892 -0.5952 0.4131
vn -0.6892 0.5952 0.4131
vn -0.6359 -0.6711 0.3811
vn -0.7359 0.5136 0.4411
vn -0.5764 -0.7405 0.3455
vn -0.7755 0.4271 0.4648
vn -0.5113 -0.8029 0.3065
vn -0.8077 0.3365 0.4841
vn -0.4414 -0.8575 0.2645
vn -0.8321 0.2427 0.4987
vn -0.0421 0.9988 0.0253
vn -0.3671 -0.9038 0.2200
vn -0.8485 0.1466 0.5086
vn -0.1260 0.9892 0.0755
vn -0.2893 -0.9414 0.1734
vn -0.8567 0.0490 0.5135
vn -0.2086 0.9700 0.1251
vn -0.2086 -0.9700 0.1251
vn -0.8567 -0.0490 0.5135
vn -0.2893 0.9414 0.1734
vn -0.1260 -0.9892 0.0755
vn -0.8485 -0.1466 0.5086
vn -0.3671 0.9038 0.2200
vn -0.0421 -0.9988 0.0253
vn -0.8321 -0.2427 0.4987
vn -0.4414 0.8575 0.2645
vn -0.8077 -0.3365 0.4841
vn -0.5113 0.8029 0.3065
vn -0.7755 -0.4271 0.4648
vn -0.5764 0.7405 0.3455
vn -0.7359 -0.5136 0.4411
vn -0.7756 0.5136 0.3668
vn -0.6075 -0.7405 0.2873
vn -0.8174 0.4271 0.3866
vn -0.5389 -0.8029 0.2549
vn -0.8513 0.3365 0.4026
vn -0.4652 -0.8575 0.2200
vn -0.8770 0.2427 0.4148
vn -0.0444 0.9988 0.0210
vn -0.3869 -0.9038 0.1830
vn -0.8942 0.1466 0.4229
vn -0.1328 0.9892 0.0628
vn -0.3049 -0.9414 0.1442
vn -0.9029 0.0490 0.4270
vn -0.2199 0.9700 0.1040
vn -0.2199 -0.9700 0.1040
vn -0.9029 -0.0490 0.4270
vn -0.3049 0.9414 0.1442
vn -0.1328 -0.9892 0.0628
vn -0.8942 -0.1466 0.4229
vn -0.3869 0.9038 0.1830
vn -0.0444 -0.9988 0.0210
vn -0.8770 -0.2427 0.4148
vn -0.4652 0.8575 0.2200
vn -0.8513 -0.3365 0.4026
vn -0.5389 0.8029 0.2549
vn -0.8174 -0.4271 0.3866
vn -0.6075 0.7405 0.2873
vn -0.7756 -0.5136 0.3668
vn -0.6702 0.6711 0.3170
vn -0.7264 -0.5952 0.3436
vn -0.7264 0.5952 0.3436
vn -0.6702 -0.6711 0.3170
vn -0.8866 0.3365 0.3172
vn -0.4845 -0.8575 0.1733
vn -0.9134 0.2427 0.3268
vn -0.0462 0.9988 0.0166
vn -0.4030 -0.9038 0.1442
vn -0.9314 0.1466 0.3333
vn -0.1383 0.9892 0.0495
vn -0.3175 -0.9414 0.1136
vn -0.9404 0.0490 0.3365
vn -0.2290 0.9700 0.0820
vn -0.2290 -0.9700 0.0820
vn -0.9404 -0.0490 0.3365
vn -0.3175 0.9414 0.1136
vn -0.1383 -0.9892 0.0495
vn -0.9314 -0.1466 0.3333
vn -0.4030 0.9038 0.1442
vn -0.0462 -0.9988 0.0166
vn -0.9134 -0.2427 0.3268
vn -0.4845 0.8575 0.1733
vn -0.8866 -0.3365 0.3172
vn -0.5613 0.8029 0.2008
vn -0.8513 -0.4271 0.3046
vn -0.6327 0.7405 0.2264
vn -0.8078 -0.5136 0.2891
vn -0.6980 0.6711 0.2498
vn -0.7566 -0.5952 0.2707
vn -0.7566 0.5952 0.2707
vn -0.6980 -0.6711 0.2498
vn -0.8078 0.5136 0.2891
vn -0.6327 -0.7405 0.2264
vn -0.8513 0.4271 0.3046
vn -0.5613 -0.8029 0.2008
vn -0.9596 0.1466 0.2404
vn -0.1425 0.9892 0.0357
vn -0.3271 -0.9414 0.0819
vn -0.9689 0.0490 0.2427
vn -0.2360 0.9700 0.0591
vn -0.2360 -0.9700 0.0591
vn -0.9689 -0.0490 0.2427
vn -0.3271 0.9414 0.0819
vn -0.1425 -0.9892 0.0357
vn -0.9596 -0.1466 0.2404
vn -0.4151 0.9038 0.1040
vn -0.0477 -0.9988 0.0119
vn -0.9410 -0.2427 0.2357
vn -0.4991 0.8575 0.1250
vn -0.9135 -0.3365 0.2288
vn -0.5783 0.8029 0.1449
vn -0.8771 -0.4271 0.2197
vn -0.6519 0.7405 0.1633
vn -0.8323 -0.5136 0.2085
vn -0.7191 0.6711 0.1801
vn -0.7795 -0.5952 0.1952
vn -0.7795 0.5952 0.1952
vn -0.7191 -0.6711 0.1801
vn -0.8323 0.5136 0.2085
vn -0.6519 -0.7405 0.1633
vn -0.8771 0.4271 0.2197
vn -0.5783 -0.8029 0.1449
vn -0.9135 0.3365 0.2288
vn -0.4991 -0.8575 0.1250
vn -0.9410 0.2427 0.2357
vn -0.0477 0.9988 0.0119
vn -0.4151 -0.9038 0.1040
vn -0.9880 -0.0490 0.1466
vn -0.3336 0.9414 0.0495
vn -0.1453 -0.9892 0.0216
vn -0.9785 -0.1466 0.1451
vn -0.4233 0.9038 0.0628
vn -0.0486 -0.9988 0.0072
vn -0.9596 -0.2427 0.1423
vn -0.5090 0.8575 0.0755
vn -0.9315 -0.3365 0.1382
vn -0.5897 0.8029 0.0875
vn -0.8944 -0.4271 0.1327
vn -0.6647 0.7405 0.0986
vn -0.8487 -0.5136 0.1259
vn -0.7333 0.6711 0.1088
vn -0.7949 -0.5952 0.1179
vn -0.7949 0.5952 0.1179
vn -0.7333 -0.6711 0.1088
vn -0.8487 0.5136 0.1259
vn -0.6647 -0.7405 0.0986
vn -0.8944 0.4271 0.1327
vn -0.5897 -0.8029 0.0875
vn -0.9315 0.3365 0.1382
vn -0.5090 -0.8575 0.0755
vn -0.9596 0.2427 0.1423
vn -0.0486 0.9988 0.0072
vn -0.4233 -0.9038 0.0628
vn -0.9785 0.1466 0.1451
vn -0.1453 0.9892 0.0216
vn -0.3336 -0.9414 0.0495
vn -0.9880 0.0490 0.1466
vn -0.2406 0.9700 0.0357
vn -0.2406 -0.9700 0.0357
vn -0.9689 -0.2427 0.0476
vn -0.5139 0.8575 0.0252
vn -0.9405 -0.3365 0.0462
vn -0.5954 0.8029 0.0293
vn -0.9031 -0.4271 0.0444
vn -0.6712 0.7405 0.0330
vn -0.8570 -0.5136 0.0421
vn -0.7405 0.6711 0.0364
vn -0.8026 -0.5952 0.0394
vn -0.8026 0.5952 0.0394
vn -0.7405 -0.6711 0.0364
vn -0.8570 0.5136 0.0421
vn -0.6712 -0.7405 0.0330
vn -0.9031 0.4271 0.0444
vn -0.5954 -0.8029 0.0293
vn -0.9405 0.3365 0.0462
vn -0.5139 -0.8575 0.0252
vn -0.9689 0.2427 0.0476
vn -0.0491 0.9988 0.0024
vn -0.4275 -0.9038 0.0210
vn -0.9880 0.1466 0.0485
vn -0.1467 0.9892 0.0072
vn -0.3368 -0.9414 0.0165
vn -0.9976 0.0490 0.0490
vn -0.2430 0.9700 0.0119
vn -0.2430 -0.9700 0.0119
vn -0.9976 -0.0490 0.0490
vn -0.3368 0.9414 0.0165
vn -0.1467 -0.9892 0.0072
vn -0.9880 -0.1466 0.0485
vn -0.4275 0.9038 0.0210
vn -0.0491 -0.9988 0.0024
vn -0.9031 -0.4271 -0.0444
vn -0.6712 0.7405 -0.0330
vn -0.8570 -0.5136 -0.0421
vn -0.7405 0.6711 -0.0364
vn -0.8026 -0.5952 -0.0394
vn -0.8026 0.5952 -0.0394
vn -0.7405 -0.6711 -0.0364
vn -0.8570 0.5136 -0.0421
vn -0.6712 -0.7405 -0.0330
vn -0.9031 0.4271 -0.0444
vn -0.5954 -0.8029 -0.0293
vn -0.9405 0.3365 -0.0462
vn -0.5139 -0.8575 -0.0252
vn -0.9689 0.2427 -0.0476
vn -0.0491 0.9988 -0.0024
vn -0.4275 -0.9038 -0.0210
vn -0.9880 0.1466 -0.0485
vn -0.1467 0.9892 -0.0072
vn -0.3368 -0.9414 -0.0165
vn -0.9976 0.0490 -0.0490
vn -0.2430 0.9700 -0.0119
vn -0.2430 -0.9700 -0.0119
vn -0.9976 -0.0490 -0.0490
vn -0.3368 0.9414 -0.0165
vn -0.1467 -0.9892 -0.0072
vn -0.9880 -0.1466 -0.0485
vn -0.4275 0.9038 -0.0210
vn -0.0491 -0.9988 -0.0024
vn -0.9689 -0.2427 -0.0476
vn -0.5139 0.8575 -0.0252
vn -0.9405 -0.3365 -0.0462
vn -0.5954 0.8029 -0.0293
vn -0.7949 -0.5952 -0.1179
vn -0.7949 0.5952 -0.1179
vn -0.7333 -0.6711 -0.1088
vn -0.8487 0.5136 -0.1259
vn -0.6647 -0.7405 -0.0986
vn -0.8944 0.4271 -0.1327
vn -0.5897 -0.8029 -0.0875
vn -0.9315 0.3365 -0.1382
vn -0.5090 -0.8575 -0.0755
vn -0.9596 0.2427 -0.1423
vn -0.0486 0.9988 -0.0072
vn -0.4233 -0.9038 -0.0628
vn -0.9785 0.1466 -0.1451
vn -0.1453 0.9892 -0.0216
vn -0.3336 -0.9414 -0.0495
vn -0.9880 0.0490 -0.1466
vn -0.2406 0.9700 -0.0357
vn -0.2406 -0.9700 -0.0357
vn -0.9880 -0.0490 -0.1466
vn -0.3336 0.9414 -0.0495
vn -0.1453 -0.9892 -0.0216
vn -0.9785 -0.1466 -0.1451
vn -0.4233 0.9038 -0.0628
vn -0.0486 -0.9988 -0.0072
vn -0.9596 -0.2427 -0.1423
vn -0.5090 0.8575 -0.0755
vn -0.9315 -0.3365 -0.1382
vn -0.5897 0.8029 -0.0875
vn -0.8944 -0.4271 -0.1327
vn -0.6647 0.7405 -0.0986
vn -0.8487 -0.5136 -0.1259
vn -0.7333 0.6711 -0.1088
vn -0.6519 -0.7405 -0.1633
vn -0.8771 0.4271 -0.2197
vn -0.5783 -0.8029 -0.1449
vn -0.9135 0.3365 -0.2288
vn -0.4991 -0.8575 -0.1250
vn -0.9410 0.2427 -0.2357
vn -0.0477 0.9988 -0.0119
vn -0.4152 -0.9038 -0.1040
vn -0.9596 0.1466 -0.2404
vn -0.1425 0.9892 -0.0357
vn -0.3271 -0.9414 -0.0819
vn -0.9689 0.0490 -0.2427
vn -0.2360 0.9700 -0.0591
vn -0.2360 -0.9700 -0.0591
vn -0.9689 -0.0490 -0.2427
vn -0.3271 0.9414 -0.0819
vn -0.1425 -0.9892 -0.0357
vn -0.9596 -0.1466 -0.2404
vn -0.4152 0.9038 -0.1040
vn -0.0477 -0.9988 -0.0119
vn -0.9410 -0.2427 -0.2357
vn -0.4991 0.8575 -0.1250
vn -0.9135 -0.3365 -0.2288
vn -0.5783 0.8029 -0.1449
vn -0.8771 -0.4271 -0.2197
vn -0.6519 0.7405 -0.1633
vn -0.8323 -0.5136 -0.2085
vn -0.7191 0.6711 -0.1801
vn -0.7795 -0.5952 -0.1952
vn -0.7795 0.5952 -0.1952
vn -0.7191 -0.6711 -0.1801
vn -0.8323 0.5136 -0.2085
vn -0.4845 -0.8575 -0.1733
vn -0.9134 0.2427 -0.3268
vn -0.0463 0.9988 -0.0166
vn -0.4030 -0.9038 -0.1442
vn -0.9314 0.1466 -0.3333
vn -0.1383 0.9892 -0.0495
vn -0.3175 -0.9414 -0.1136
vn -0.9404 0.0490 -0.3365
vn -0.2290 0.9700 -0.0820
vn -0.2290 -0.9700 -0.0820
vn -0.9404 -0.0490 -0.3365
vn -0.3175 0.9414 -0.1136
vn -0.1383 -0.9892 -0.0495
vn -0.9314 -0.1466 -0.3333
vn -0.4030 0.9038 -0.1442
vn -0.0462 -0.9988 -0.0166
vn -0.9134 -0.2427 -0.3268
vn -0.4845 0.8575 -0.1733
vn -0.8866 -0.3365 -0.3172
vn -0.5613 0.8029 -0.2008
vn -0.8513 -0.4271 -0.3046
vn -0.6327 0.7405 -0.2264
vn -0.8078 -0.5136 -0.2891
vn -0.6980 0.6711 -0.2498
vn -0.7566 -0.5952 -0.2707
vn -0.7566 0.5952 -0.2707
vn -0.6980 -0.6711 -0.2498
vn -0.8078 0.5136 -0.2891
vn -0.6327 -0.7405 -0.2264
vn -0.8513 0.4271 -0.3046
vn -0.5613 -0.8029 -0.2008
vn -0.8866 0.3365 -0.3172
vn -0.3049 -0.9414 -0.1442
vn -0.9029 0.0490 -0.4270
vn -0.2199 0.9700 -0.1040
vn -0.2199 -0.9700 -0.1040
vn -0.9029 -0.0490 -0.4270
vn -0.3049 0.9414 -0.1442
vn -0.1328 -0.9892 -0.0628
vn -0.8942 -0.1466 -0.4229
vn -0.3869 0.9038 -0.1830
vn -0.0444 -0.9988 -0.0210
vn -0.8770 -0.2427 -0.4148
vn -0.4652 0.8575 -0.2200
vn -0.8513 -0.3365 -0.4026
vn -0.5389 0.8029 -0.2549
vn -0.8174 -0.4271 -0.3866
vn -0.6075 0.7405 -0.2873
vn -0.7756 -0.5136 -0.3668
vn -0.6702 0.6711 -0.3170
vn -0.7264 -0.5952 -0.3436
vn -0.7264 0.5952 -0.3436
vn -0.6702 -0.6711 -0.3170
vn -0.7756 0.5136 -0.3668
vn -0.6075 -0.7405 -0.2873
vn -0.8174 0.4271 -0.3866
vn -0.5389 -0.8029 -0.2549
vn -0.8513 0.3365 -0.4026
vn -0.4652 -0.8575 -0.2200
vn -0.8770 0.2427 -0.4148
vn -0.0444 0.9988 -0.0210
vn -0.3869 -0.9038 -0.1830
vn -0.8942 0.1466 -0.4229
vn -0.1328 0.9892 -0.0628
vn -0.1260 -0.9892 -0.0755
vn -0.8485 -0.1466 -0.5086
vn -0.3671 0.9038 -0.2200
vn -0.0421 -0.9988 -0.0253
vn -0.8321 -0.2427 -0.4987
vn -0.4413 0.8575 -0.2645
vn -0.8077 -0.3365 -0.4841
vn -0.5113 0.8029 -0.3065
vn -0.7755 -0.4271 -0.4648
vn -0.5764 0.7405 -0.3455
vn -0.7359 -0.5136 -0.4411
vn -0.6359 0.6711 -0.3811
vn -0.6892 -0.5952 -0.4131
vn -0.6892 0.5952 -0.4131
vn -0.6359 -0.6711 -0.3811
vn -0.7359 0.5136 -0.4411
vn -0.5764 -0.7405 -0.3455
vn -0.7755 0.4271 -0.4648
vn -0.5113 -0.8029 -0.3065
vn -0.8077 0.3365 -0.4841
vn -0.4413 -0.8575 -0.2645
vn -0.8321 0.2427 -0.4987
vn -0.0421 0.9988 -0.0253
vn -0.3671 -0.9038 -0.2200
vn -0.8485 0.1466 -0.5086
vn -0.1260 0.9892 -0.0755
vn -0.2893 -0.9414 -0.1734
vn -0.8567 0.0490 -0.5135
vn -0.2086 0.9700 -0.1251
vn -0.2086 -0.9700 -0.1251
vn -0.8567 -0.0490 -0.5135
vn -0.2893 0.9414 -0.1734
vn -0.7564 -0.3365 -0.5610
vn -0.4788 0.8029 -0.3551
vn -0.7263 -0.4271 -0.5386
vn -0.5398 0.7405 -0.4003
vn -0.6892 -0.5136 -0.5111
vn -0.5955 0.6711 -0.4416
vn -0.6454 -0.5952 -0.4787
vn -0.6454 0.5952 -0.4787
vn -0.5955 -0.6711 -0.4416
vn -0.6892 0.5136 -0.5111
vn -0.5398 -0.7405 -0.4003
vn -0.7263 0.4271 -0.5386
vn -0.4788 -0.8029 -0.3551
vn -0.7564 0.3365 -0.5610
vn -0.4133 -0.8575 -0.3065
vn -0.7792 0.2427 -0.5779
vn -0.0395 0.9988 -0.0293
vn -0.3438 -0.9038 -0.2549
vn -0.7945 0.1466 -0.5893
vn -0.1180 0.9892 -0.0875
vn -0.2709 -0.9414 -0.2009
vn -0.8022 0.0490 -0.5950
vn -0.1954 0.9700 -0.1449
vn -0.1954 -0.9700 -0.1449
vn -0.8022 -0.0490 -0.5950
vn -0.2709 0.9414 -0.2009
vn -0.1180 -0.9892 -0.0875
vn -0.7945 -0.1466 -0.5893
vn -0.3438 0.9038 -0.2549
vn -0.0395 -0.9988 -0.0293
vn -0.7792 -0.2427 -0.5779
vn -0.4133 0.8575 -0.3065
vn -0.6357 -0.5136 -0.5762
vn -0.5493 0.6711 -0.4979
vn -0.5954 -0.5952 -0.5396
vn -0.5954 0.5952 -0.5396
vn -0.5493 -0.6711 -0.4979
vn -0.6357 0.5136 -0.5762
vn -0.4979 -0.7405 -0.4513
vn -0.6700 0.4271 -0.6072
vn -0.4417 -0.8029 -0.4004
vn -0.6977 0.3365 -0.6324
vn -0.3813 -0.8575 -0.3456
vn -0.7188 0.2427 -0.6515
vn -0.0364 0.9988 -0.0330
vn -0.3171 -0.9038 -0.2874
vn -0.7330 0.1466 -0.6643
vn -0.1089 0.9892 -0.0987
vn -0.2499 -0.9414 -0.2265
vn -0.7401 0.0490 -0.6708
vn -0.1802 0.9700 -0.1634
vn -0.1802 -0.9700 -0.1634
vn -0.7401 -0.0490 -0.6708
vn -0.2499 0.9414 -0.2265
vn -0.1088 -0.9892 -0.0987
vn -0.7330 -0.1466 -0.6643
vn -0.3171 0.9038 -0.2874
vn -0.0364 -0.9988 -0.0330
vn -0.7188 -0.2427 -0.6515
vn -0.3813 0.8575 -0.3456
vn -0.6977 -0.3365 -0.6324
vn -0.4417 0.8029 -0.4004
vn -0.6700 -0.4271 -0.6072
vn -0.4979 0.7405 -0.4513
vn -0.4979 -0.6711 -0.5493
vn -0.5762 0.5136 -0.6357
vn -0.4513 -0.7405 -0.4979
vn -0.6072 0.4271 -0.6700
vn -0.4004 -0.8029 -0.4417
vn -0.6324 0.3365 -0.6977
vn -0.3456 -0.8575 -0.3813
vn -0.6515 0.2427 -0.7188
vn -0.0330 0.9988 -0.0364
vn -0.2874 -0.9038 -0.3171
vn -0.6643 0.1466 -0.7330
vn -0.0987 0.9892 -0.1088
vn -0.2265 -0.9414 -0.2499
vn -0.6708 0.0490 -0.7401
vn -0.1634 0.9700 -0.1802
vn -0.1634 -0.9700 -0.1802
vn -0.6708 -0.0490 -0.7401
vn -0.2265 0.9414 -0.2499
vn -0.0987 -0.9892 -0.1088
vn -0.6643 -0.1466 -0.7330
vn -0.2874 0.9038 -0.3171
vn -0.0330 -0.9988 -0.0364
vn -0.6515 -0.2427 -0.7188
vn -0.3456 0.8575 -0.3813
vn -0.6324 -0.3365 -0.6977
vn -0.4004 0.8029 -0.4417
vn -0.6072 -0.4271 -0.6700
vn -0.4513 0.7405 -0.4979
vn -0.5762 -0.5136 -0.6357
vn -0.4979 0.6711 -0.5493
vn -0.5396 -0.5952 -0.5954
vn -0.5396 0.5952 -0.5954
vn -0.3551 -0.8029 -0.4788
vn -0.5610 0.3365 -0.7564
vn -0.3065 -0.8575 -0.4133
vn -0.5779 0.2427 -0.7792
vn -0.0293 0.9988 -0.0395
vn -0.2549 -0.9038 -0.3438
vn -0.5893 0.1466 -0.7945
vn -0.0875 0.9892 -0.1180
vn -0.2009 -0.9414 -0.2709
vn -0.5950 0.0490 -0.8022
vn -0.1449 0.9700 -0.1954
vn -0.1449 -0.9700 -0.1954
vn -0.5950 -0.0490 -0.8022
vn -0.2009 0.9414 -0.2709
vn -0.0875 -0.9892 -0.1180
vn -0.5893 -0.1466 -0.7945
vn -0.2549 0.9038 -0.3438
vn -0.0293 -0.9988 -0.0395
vn -0.5779 -0.2427 -0.7792
vn -0.3065 0.8575 -0.4133
vn -0.5610 -0.3365 -0.7564
vn -0.3551 0.8029 -0.4788
vn -0.5386 -0.4271 -0.7263
vn -0.4003 0.7405 -0.5398
vn -0.5111 -0.5136 -0.6892
vn -0.4416 0.6711 -0.5955
vn -0.4787 -0.5952 -0.6454
vn -0.4787 0.5952 -0.6454
vn -0.4416 -0.6711 -0.5955
vn -0.5111 0.5136 -0.6892
vn -0.4003 -0.7405 -0.5398
vn -0.5386 0.4271 -0.7263
vn -0.3811 0.6711 -0.6359
vn -0.4131 -0.5952 -0.6892
vn -0.4131 0.5952 -0.6892
vn -0.3811 -0.6711 -0.6359
vn -0.4411 0.5136 -0.7359
vn -0.3455 -0.7405 -0.5764
vn -0.4648 0.4271 -0.7755
vn -0.3065 -0.8029 -0.5113
vn -0.4841 0.3365 -0.8077
vn -0.2645 -0.8575 -0.4414
vn -0.4987 0.2427 -0.8321
vn -0.0253 0.9988 -0.0421
vn -0.2200 -0.9038 -0.3671
vn -0.5086 0.1466 -0.8485
vn -0.0755 0.9892 -0.1260
vn -0.1734 -0.9414 -0.2893
vn -0.5135 0.0490 -0.8567
vn -0.1251 0.9700 -0.2086
vn -0.1251 -0.9700 -0.2086
vn -0.5135 -0.0490 -0.8567
vn -0.1734 0.9414 -0.2893
vn -0.0755 -0.9892 -0.1260
vn -0.5086 -0.1466 -0.8485
vn -0.2200 0.9038 -0.3671
vn -0.0253 -0.9988 -0.0421
vn -0.4987 -0.2427 -0.8321
vn -0.2645 0.8575 -0.4414
vn -0.4841 -0.3365 -0.8077
vn -0.3065 0.8029 -0.5113
vn -0.4648 -0.4271 -0.7755
vn -0.3455 0.7405 -0.5764
vn -0.4411 -0.5136 -0.7359
vn -0.3668 0.5136 -0.7756
vn -0.2873 -0.7405 -0.6075
vn -0.3866 0.4271 -0.8174
vn -0.2549 -0.8029 -0.5389
vn -0.4026 0.3365 -0.8513
vn -0.2200 -0.8575 -0.4652
vn -0.4148 0.2427 -0.8770
vn -0.0210 0.9988 -0.0444
vn -0.1830 -0.9038 -0.3869
vn -0.4229 0.1466 -0.8942
vn -0.0628 0.9892 -0.1328
vn -0.1442 -0.9414 -0.3049
vn -0.4270 0.0490 -0.9029
vn -0.1040 0.9700 -0.2199
vn -0.1040 -0.9700 -0.2199
vn -0.4270 -0.0490 -0.9029
vn -0.1442 0.9414 -0.3049
vn -0.0628 -0.9892 -0.1328
vn -0.4229 -0.1466 -0.8942
vn -0.1830 0.9038 -0.3869
vn -0.0210 -0.9988 -0.0444
vn -0.4148 -0.2427 -0.8770
vn -0.2200 0.8575 -0.4652
vn -0.4026 -0.3365 -0.8513
vn -0.2549 0.8029 -0.5389
vn -0.3866 -0.4271 -0.8174
vn -0.2873 0.7405 -0.6075
vn -0.3668 -0.5136 -0.7756
vn -0.3170 0.6711 -0.6702
vn -0.3436 -0.5952 -0.7264
vn -0.3436 0.5952 -0.7264
vn -0.3170 -0.6711 -0.6702
vn -0.3172 0.3365 -0.8866
vn -0.1733 -0.8575 -0.4845
vn -0.3268 0.2427 -0.9134
vn -0.0165 0.9988 -0.0463
vn -0.1442 -0.9038 -0.4030
vn -0.3333 0.1466 -0.9314
vn -0.0495 0.9892 -0.1383
vn -0.1136 -0.9414 -0.3175
vn -0.3365 0.0490 -0.9404
vn -0.0819 0.9700 -0.2290
vn -0.0819 -0.9700 -0.2290
vn -0.3365 -0.0490 -0.9404
vn -0.1136 0.9414 -0.3175
vn -0.0495 -0.9892 -0.1383
vn -0.3333 -0.1466 -0.9314
vn -0.1442 0.9038 -0.4030
vn -0.0165 -0.9988 -0.0463
vn -0.3268 -0.2427 -0.9134
vn -0.1733 0.8575 -0.4845
vn -0.3172 -0.3365 -0.8866
vn -0.2008 0.8029 -0.5613
vn -0.3046 -0.4271 -0.8513
vn -0.2264 0.7405 -0.6327
vn -0.2891 -0.5136 -0.8078
vn -0.2498 0.6711 -0.6980
vn -0.2707 -0.5952 -0.7566
vn -0.2707 0.5952 -0.7566
vn -0.2498 -0.6711 -0.6980
vn -0.2891 0.5136 -0.8078
vn -0.2264 -0.7405 -0.6327
vn -0.3046 0.4271 -0.8513
vn -0.2008 -0.8029 -0.5613
vn -0.2404 0.1466 -0.9596
vn -0.0357 0.9892 -0.1425
vn -0.0819 -0.9414 -0.3271
vn -0.2427 0.0490 -0.9689
vn -0.0591 0.9700 -0.2360
vn -0.0591 -0.9700 -0.2360
vn -0.2427 -0.0490 -0.9689
vn -0.0819 0.9414 -0.3271
vn -0.0357 -0.9892 -0.1425
vn -0.2404 -0.1466 -0.9596
vn -0.1040 0.9038 -0.4152
vn -0.0119 -0.9988 -0.0477
vn -0.2357 -0.2427 -0.9410
vn -0.1250 0.8575 -0.4991
vn -0.2288 -0.3365 -0.9135
vn -0.1449 0.8029 -0.5783
vn -0.2197 -0.4271 -0.8771
vn -0.1633 0.7405 -0.6519
vn -0.2085 -0.5136 -0.8323
vn -0.1801 0.6711 -0.7191
vn -0.1952 -0.5952 -0.7795
vn -0.1952 0.5952 -0.7795
vn -0.1801 -0.6711 -0.7191
vn -0.2085 0.5136 -0.8323
vn -0.1633 -0.7405 -0.6519
vn -0.2197 0.4271 -0.8771
vn -0.1449 -0.8029 -0.5783
vn -0.2288 0.3365 -0.9135
vn -0.1250 -0.8575 -0.4991
vn -0.2357 0.2427 -0.9410
vn -0.0119 0.9988 -0.0477
vn -0.1040 -0.9038 -0.4152
vn -0.1466 -0.0490 -0.9880
vn -0.0495 0.9414 -0.3336
vn -0.0216 -0.9892 -0.1453
vn -0.1451 -0.1466 -0.9785
vn -0.0628 0.9038 -0.4233
vn -0.0072 -0.9988 -0.0486
vn -0.1423 -0.2427 -0.9596
vn -0.0755 0.8575 -0.5090
vn -0.1382 -0.3365 -0.9315
vn -0.0875 0.8029 -0.5897
vn -0.1327 -0.4271 -0.8944
vn -0.0986 0.7405 -0.6647
vn -0.1259 -0.5136 -0.8487
vn -0.1088 0.6711 -0.7333
vn -0.1179 -0.5952 -0.7949
vn -0.1179 0.5952 -0.7949
vn -0.1088 -0.6711 -0.7333
vn -0.1259 0.5136 -0.8487
vn -0.0986 -0.7405 -0.6647
vn -0.1327 0.4271 -0.8944
vn -0.0875 -0.8029 -0.5897
vn -0.1382 0.3365 -0.9315
vn -0.0755 -0.8575 -0.5090
vn -0.1423 0.2427 -0.9596
vn -0.0072 0.9988 -0.0486
vn -0.0628 -0.9038 -0.4233
vn -0.1451 0.1466 -0.9785
vn -0.0216 0.9892 -0.1453
vn -0.0495 -0.9414 -0.3336
vn -0.1466 0.0490 -0.9880
vn -0.0357 0.9700 -0.2406
vn -0.0357 -0.9700 -0.2406
vn -0.0476 -0.2427 -0.9689
vn -0.0252 0.8575 -0.5139
vn -0.0462 -0.3365 -0.9405
vn -0.0293 0.8029 -0.5954
vn -0.0444 -0.4271 -0.9031
vn -0.0330 0.7405 -0.6712
vn -0.0421 -0.5136 -0.8570
vn -0.0364 0.6711 -0.7405
vn -0.0394 -0.5952 -0.8026
vn -0.0394 0.5952 -0.8026
vn -0.0364 -0.6711 -0.7405
vn -0.0421 0.5136 -0.8570
vn -0.0330 -0.7405 -0.6712
vn -0.0444 0.4271 -0.9031
vn -0.0293 -0.8029 -0.5954
vn -0.0462 0.3365 -0.9405
vn -0.0252 -0.8575 -0.5139
vn -0.0476 0.2427 -0.9689
vn -0.0024 0.9988 -0.0491
vn -0.0210 -0.9038 -0.4275
vn -0.0485 0.1466 -0.9880
vn -0.0072 0.9892 -0.1467
vn -0.0165 -0.9414 -0.3368
vn -0.0490 0.0490 -0.9976
vn -0.0119 0.9700 -0.2430
vn -0.0119 -0.9700 -0.2430
vn -0.0490 -0.0490 -0.9976
vn -0.0165 0.9414 -0.3368
vn -0.0072 -0.9892 -0.1467
vn -0.0485 -0.1466 -0.9880
vn -0.0210 0.9038 -0.4275
vn -0.0024 -0.9988 -0.0491
vn 0.0444 -0.4271 -0.9031
vn 0.0330 0.7405 -0.6712
vn 0.0421 -0.5136 -0.8570
vn 0.0364 0.6711 -0.7405
vn 0.0394 -0.5952 -0.8026
vn 0.0394 0.5952 -0.8026
vn 0.0364 -0.6711 -0.7405
vn 0.0421 0.5136 -0.8570
vn 0.0330 -0.7405 -0.6712
vn 0.0444 0.4271 -0.9031
vn 0.0293 -0.8029 -0.5954
vn 0.0462 0.3365 -0.9405
vn 0.0252 -0.8575 -0.5139
vn 0.0476 0.2427 -0.9689
vn 0.0024 0.9988 -0.0491
vn 0.0210 -0.9038 -0.4275
vn 0.0485 0.1466 -0.9880
vn 0.0072 0.9892 -0.1467
vn 0.0165 -0.9414 -0.3368
vn 0.0490 0.0490 -0.9976
vn 0.0119 0.9700 -0.2430
vn 0.0119 -0.9700 -0.2430
vn 0.0490 -0.0490 -0.9976
vn 0.0165 0.9414 -0.3368
vn 0.0072 -0.9892 -0.1467
vn 0.0485 -0.1466 -0.9880
vn 0.0210 0.9038 -0.4275
vn 0.0024 -0.9988 -0.0491
vn 0.0476 -0.2427 -0.9689
vn 0.0252 0.8575 -0.5139
vn 0.0462 -0.3365 -0.9405
vn 0.0293 0.8029 -0.5954
vn 0.1179 -0.5952 -0.7949
vn 0.1179 0.5952 -0.7949
vn 0.1088 -0.6711 -0.7333
vn 0.1259 0.5136 -0.8487
vn 0.0986 -0.7405 -0.6647
vn 0.1327 0.4271 -0.8944
vn 0.0875 -0.8029 -0.5897
vn 0.1382 0.3365 -0.9315
vn 0.0755 -0.8575 -0.5090
vn 0.1423 0.2427 -0.9596
vn 0.0072 0.9988 -0.0486
vn 0.0628 -0.9038 -0.4233
vn 0.1451 0.1466 -0.9785
vn 0.0216 0.9892 -0.1453
vn 0.0495 -0.9414 -0.3336
vn 0.1466 0.0490 -0.9880
vn 0.0357 0.9700 -0.2406
vn 0.0357 -0.9700 -0.2406
vn 0.1466 -0.0490 -0.9880
vn 0.0495 0.9414 -0.3336
vn 0.0216 -0.9892 -0.1453
vn 0.1451 -0.1466 -0.9785
vn 0.0628 0.9038 -0.4233
vn 0.0072 -0.9988 -0.0486
vn 0.1423 -0.2427 -0.9596
vn 0.0755 0.8575 -0.5090
vn 0.1382 -0.3365 -0.9315
vn 0.0875 0.8029 -0.5897
vn 0.1327 -0.4271 -0.8944
vn 0.0986 0.7405 -0.6647
vn 0.1259 -0.5136 -0.8487
vn 0.1088 0.6711 -0.7333
vn 0.1633 -0.7405 -0.6519
vn 0.2197 0.4271 -0.8771
vn 0.1449 -0.8029 -0.5783
vn 0.2288 0.3365 -0.9135
vn 0.1250 -0.8575 -0.4991
vn 0.2357 0.2427 -0.9410
vn 0.0119 0.9988 -0.0477
vn 0.1040 -0.9038 -0.4152
vn 0.2404 0.1466 -0.9596
vn 0.0357 0.9892 -0.1425
vn 0.0819 -0.9414 -0.3271
vn 0.2427 0.0490 -0.9689
vn 0.0591 0.9700 -0.2360
vn 0.0591 -0.9700 -0.2360
vn 0.2427 -0.0490 -0.9689
vn 0.0819 0.9414 -0.3271
vn 0.0357 -0.9892 -0.1425
vn 0.2404 -0.1466 -0.9596
vn 0.1040 0.9038 -0.4152
vn 0.0119 -0.9988 -0.0477
vn 0.2357 -0.2427 -0.9410
vn 0.1250 0.8575 -0.4991
vn 0.2288 -0.3365 -0.9135
vn 0.1449 0.8029 -0.5783
vn 0.2197 -0.4271 -0.8771
vn 0.1633 0.7405 -0.6519
vn 0.2085 -0.5136 -0.8323
vn 0.1801 0.6711 -0.7191
vn 0.1952 -0.5952 -0.7795
vn 0.1952 0.5952 -0.7795
vn 0.1801 -0.6711 -0.7191
vn 0.2085 0.5136 -0.8323
vn 0.1733 -0.8575 -0.4845
vn 0.3268 0.2427 -0.9134
vn 0.0165 0.9988 -0.0463
vn 0.1442 -0.9038 -0.4030
vn 0.3333 0.1466 -0.9314
vn 0.0495 0.9892 -0.1383
vn 0.1136 -0.9414 -0.3175
vn 0.3365 0.0490 -0.9404
vn 0.0819 0.9700 -0.2290
vn 0.0819 -0.9700 -0.2290
vn 0.3365 -0.0490 -0.9404
vn 0.1136 0.9414 -0.3175
vn 0.0495 -0.9892 -0.1383
vn 0.3333 -0.1466 -0.9314
vn 0.1442 0.9038 -0.4030
vn 0.0165 -0.9988 -0.0463
vn 0.3268 -0.2427 -0.9134
vn 0.1733 0.8575 -0.4845
vn 0.3172 -0.3365 -0.8866
vn 0.2008 0.8029 -0.5613
vn 0.3046 -0.4271 -0.8513
vn 0.2264 0.7405 -0.6327
vn 0.2891 -0.5136 -0.8078
vn 0.2498 0.6711 -0.6980
vn 0.2707 -0.5952 -0.7566
vn 0.2707 0.5952 -0.7566
vn 0.2498 -0.6711 -0.6980
vn 0.2891 0.5136 -0.8078
vn 0.2264 -0.7405 -0.6327
vn 0.3046 0.4271 -0.8513
vn 0.2008 -0.8029 -0.5613
vn 0.3172 0.3365 -0.8866
vn 0.1442 -0.9414 -0.3049
vn 0.4270 0.0490 -0.9029
vn 0.1040 0.9700 -0.2199
vn 0.1040 -0.9700 -0.2199
vn 0.4270 -0.0490 -0.9029
vn 0.1442 0.9414 -0.3049
vn 0.0628 -0.9892 -0.1328
vn 0.4229 -0.1466 -0.8942
vn 0.1830 0.9038 -0.3869
vn 0.0210 -0.9988 -0.0444
vn 0.4148 -0.2427 -0.8770
vn 0.2200 0.8575 -0.4652
vn 0.4026 -0.3365 -0.8513
vn 0.2549 0.8029 -0.5389
vn 0.3866 -0.4271 -0.8174
vn 0.2873 0.7405 -0.6075
vn 0.3668 -0.5136 -0.7756
vn 0.3170 0.6711 -0.6702
vn 0.3436 -0.5952 -0.7264
vn 0.3436 0.5952 -0.7264
vn 0.3170 -0.6711 -0.6702
vn 0.3668 0.5136 -0.7756
vn 0.2873 -0.7405 -0.6075
vn 0.3866 0.4271 -0.8174
vn 0.2549 -0.8029 -0.5389
vn 0.4026 0.3365 -0.8513
vn 0.2200 -0.8575 -0.4652
vn 0.4148 0.2427 -0.8770
vn 0.0210 0.9988 -0.0444
vn 0.1830 -0.9038 -0.3869
vn 0.4229 0.1466 -0.8942
vn 0.0628 0.9892 -0.1328
vn 0.0755 -0.9892 -0.1260
vn 0.5086 -0.1466 -0.8485
vn 0.2200 0.9038 -0.3671
vn 0.0253 -0.9988 -0.0421
vn 0.4987 -0.2427 -0.8321
vn 0.2645 0.8575 -0.4413
vn 0.4841 -0.3365 -0.8077
vn 0.3065 0.8029 -0.5113
vn 0.4648 -0.4271 -0.7755
vn 0.3455 0.7405 -0.5764
vn 0.4411 -0.5136 -0.7359
vn 0.3811 0.6711 -0.6359
vn 0.4131 -0.5952 -0.6892
vn 0.4131 0.5952 -0.6892
vn 0.3811 -0.6711 -0.6359
vn 0.4411 0.5136 -0.7359
vn 0.3455 -0.7405 -0.5764
vn 0.4648 0.4271 -0.7755
vn 0.3065 -0.8029 -0.5113
vn 0.4841 0.3365 -0.8077
vn 0.2645 -0.8575 -0.4413
vn 0.4987 0.2427 -0.8321
vn 0.0253 0.9988 -0.0421
vn 0.2200 -0.9038 -0.3671
vn 0.5086 0.1466 -0.8485
vn 0.0755 0.9892 -0.1260
vn 0.1734 -0.9414 -0.2893
vn 0.5135 0.0490 -0.8567
vn 0.1251 0.9700 -0.2086
vn 0.1251 -0.9700 -0.2086
vn 0.5135 -0.0490 -0.8567
vn 0.1734 0.9414 -0.2893
vn 0.5610 -0.3365 -0.7564
vn 0.3551 0.8029 -0.4788
vn 0.5386 -0.4271 -0.7263
vn 0.4003 0.7405 -0.5398
vn 0.5111 -0.5136 -0.6892
vn 0.4416 0.6711 -0.5955
vn 0.4787 -0.5952 -0.6454
vn 0.4787 0.5952 -0.6454
vn 0.4416 -0.6711 -0.5955
vn 0.5111 0.5136 -0.6892
vn 0.4003 -0.7405 -0.5398
vn 0.5386 0.4271 -0.7263
vn 0.3551 -0.8029 -0.4788
vn 0.5610 0.3365 -0.7564
vn 0.3065 -0.8575 -0.4133
vn 0.5779 0.2427 -0.7792
vn 0.0293 0.9988 -0.0395
vn 0.2549 -0.9038 -0.3438
vn 0.5893 0.1466 -0.7945
vn 0.0875 0.9892 -0.1180
vn 0.2009 -0.9414 -0.2709
vn 0.5950 0.0490 -0.8022
vn 0.1449 0.9700 -0.1954
vn 0.1449 -0.9700 -0.1954
vn 0.5950 -0.0490 -0.8022
vn 0.2009 0.9414 -0.2709
vn 0.0875 -0.9892 -0.1180
vn 0.5893 -0.1466 -0.7945
vn 0.2549 0.9038 -0.3438
vn 0.0293 -0.9988 -0.0395
vn 0.5779 -0.2427 -0.7792
vn 0.3065 0.8575 -0.4133
vn 0.5762 -0.5136 -0.6357
vn 0.4979 0.6711 -0.5493
vn 0.5396 -0.5952 -0.5954
vn 0.5396 0.5952 -0.5954
vn 0.4979 -0.6711 -0.5493
vn 0.5762 0.5136 -0.6357
vn 0.4513 -0.7405 -0.4979
vn 0.6072 0.4271 -0.6700
vn 0.4004 -0.8029 -0.4417
vn 0.6324 0.3365 -0.6977
vn 0.3456 -0.8575 -0.3813
vn 0.6515 0.2427 -0.7188
vn 0.0330 0.9988 -0.0364
vn 0.2874 -0.9038 -0.3171
vn 0.6643 0.1466 -0.7330
vn 0.0987 0.9892 -0.1088
vn 0.2265 -0.9414 -0.2499
vn 0.6708 0.0490 -0.7401
vn 0.1634 0.9700 -0.1802
vn 0.1634 -0.9700 -0.1802
vn 0.6708 -0.0490 -0.7401
vn 0.2265 0.9414 -0.2499
vn 0.0987 -0.9892 -0.1088
vn 0.6643 -0.1466 -0.7330
vn 0.2874 0.9038 -0.3171
vn 0.0330 -0.9988 -0.0364
vn 0.6515 -0.2427 -0.7188
vn 0.3456 0.8575 -0.3813
vn 0.6324 -0.3365 -0.6977
vn 0.4004 0.8029 -0.4417
vn 0.6072 -0.4271 -0.6700
vn 0.4513 0.7405 -0.4979
vn 0.5493 -0.6711 -0.4979
vn 0.6357 0.5136 -0.5762
vn 0.4979 -0.7405 -0.4513
vn 0.6700 0.4271 -0.6072
vn 0.4417 -0.8029 -0.4004
vn 0.6977 0.3365 -0.6324
vn 0.3813 -0.8575 -0.3456
vn 0.7188 0.2427 -0.6515
vn 0.0364 0.9988 -0.0330
vn 0.3171 -0.9038 -0.2874
vn 0.7330 0.1466 -0.6643
vn 0.1088 0.9892 -0.0987
vn 0.2499 -0.9414 -0.2265
vn 0.7401 0.0490 -0.6708
vn 0.1802 0.9700 -0.1634
vn 0.1802 -0.9700 -0.1634
vn 0.7401 -0.0490 -0.6708
vn 0.2499 0.9414 -0.2265
vn 0.1089 -0.9892 -0.0987
vn 0.7330 -0.1466 -0.6643
vn 0.3171 0.9038 -0.2874
vn 0.0364 -0.9988 -0.0330
vn 0.7188 -0.2427 -0.6515
vn 0.3813 0.8575 -0.3456
vn 0.6977 -0.3365 -0.6324
vn 0.4417 0.8029 -0.4004
vn 0.6700 -0.4271 -0.6072
vn 0.4979 0.7405 -0.4513
vn 0.6357 -0.5136 -0.5762
vn 0.5493 0.6711 -0.4979
vn 0.5954 -0.5952 -0.5396
vn 0.5954 0.5952 -0.5396
vn 0.4788 -0.8029 -0.3551
vn 0.7564 0.3365 -0.5610
vn 0.4133 -0.8575 -0.3065
vn 0.7792 0.2427 -0.5779
vn 0.0395 0.9988 -0.0293
vn 0.3438 -0.9038 -0.2549
vn 0.7945 0.1466 -0.5893
vn 0.1180 0.9892 -0.0875
vn 0.2709 -0.9414 -0.2009
vn 0.8022 0.0490 -0.5950
vn 0.1954 0.9700 -0.1449
vn 0.1954 -0.9700 -0.1449
vn 0.8022 -0.0490 -0.5950
vn 0.2709 0.9414 -0.2009
vn 0.1180 -0.9892 -0.0875
vn 0.7945 -0.1466 -0.5893
vn 0.3438 0.9038 -0.2549
vn 0.0395 -0.9988 -0.0293
vn 0.7792 -0.2427 -0.5779
vn 0.4133 0.8575 -0.3065
vn 0.7564 -0.3365 -0.5610
vn 0.4788 0.8029 -0.3551
vn 0.7263 -0.4271 -0.5386
vn 0.5398 0.7405 -0.4003
vn 0.6892 -0.5136 -0.5111
vn 0.5955 0.6711 -0.4416
vn 0.6454 -0.5952 -0.4787
vn 0.6454 0.5952 -0.4787
vn 0.5955 -0.6711 -0.4416
vn 0.6892 0.5136 -0.5111
vn 0.5398 -0.7405 -0.4003
vn 0.7263 0.4271 -0.5386
vn 0.0421 0.9988 -0.0253
vn 0.3671 -0.9038 -0.2200
vn 0.8485 0.1466 -0.5086
vn 0.1260 0.9892 -0.0755
vn 0.2893 -0.9414 -0.1734
vn 0.8567 0.0490 -0.5135
vn 0.2086 0.9700 -0.1251
vn 0.2086 -0.9700 -0.1251
vn 0.8567 -0.0490 -0.5135
vn 0.2893 0.9414 -0.1734
vn 0.1260 -0.9892 -0.0755
vn 0.8485 -0.1466 -0.5086
vn 0.3671 0.9038 -0.2200
vn 0.0421 -0.9988 -0.0253
vn 0.8321 -0.2427 -0.4987
vn 0.4413 0.8575 -0.2645
vn 0.8077 -0.3365 -0.4841
vn 0.5113 0.8029 -0.3065
vn 0.7755 -0.4271 -0.4648
vn 0.5764 0.7405 -0.3455
vn 0.7359 -0.5136 -0.4411
vn 0.6359 0.6711 -0.3811
vn 0.6892 -0.5952 -0.4131
vn 0.6892 0.5952 -0.4131
vn 0.6359 -0.6711 -0.3811
vn 0.7359 0.5136 -0.4411
vn 0.5764 -0.7405 -0.3455
vn 0.7755 0.4271 -0.4648
vn 0.5113 -0.8029 -0.3065
vn 0.8077 0.3365 -0.4841
vn 0.4413 -0.8575 -0.2645
vn 0.8321 0.2427 -0.4987
vn 0.2199 0.9700 -0.1040
vn 0.2199 -0.9700 -0.1040
vn 0.9029 -0.0490 -0.4270
vn 0.3049 0.9414 -0.1442
vn 0.1328 -0.9892 -0.0628
vn 0.8942 -0.1466 -0.4229
vn 0.3869 0.9038 -0.1830
vn 0.0444 -0.9988 -0.0210
vn 0.8770 -0.2427 -0.4148
vn 0.4652 0.8575 -0.2200
vn 0.8513 -0.3365 -0.4026
vn 0.5389 0.8029 -0.2549
vn 0.8174 -0.4271 -0.3866
vn 0.6075 0.7405 -0.2873
vn 0.7756 -0.5136 -0.3668
vn 0.6702 0.6711 -0.3170
vn 0.7264 -0.5952 -0.3436
vn 0.7264 0.5952 -0.3436
vn 0.6702 -0.6711 -0.3170
vn 0.7756 0.5136 -0.3668
vn 0.6075 -0.7405 -0.2873
vn 0.8174 0.4271 -0.3866
vn 0.5389 -0.8029 -0.2549
vn 0.8513 0.3365 -0.4026
vn 0.4652 -0.8575 -0.2200
vn 0.8770 0.2427 -0.4148
vn 0.0444 0.9988 -0.0210
vn 0.3869 -0.9038 -0.1830
vn 0.8942 0.1466 -0.4229
vn 0.1328 0.9892 -0.0628
vn 0.3049 -0.9414 -0.1442
vn 0.9029 0.0490 -0.4270
vn 0.4030 0.9038 -0.1442
vn 0.0462 -0.9988 -0.0166
vn 0.9134 -0.2427 -0.3268
vn 0.4845 0.8575 -0.1733
vn 0.8866 -0.3365 -0.3172
vn 0.5613 0.8029 -0.2008
vn 0.8513 -0.4271 -0.3046
vn 0.6327 0.7405 -0.2264
vn 0.8078 -0.5136 -0.2891
vn 0.6980 0.6711 -0.2498
vn 0.7566 -0.5952 -0.2707
vn 0.7566 0.5952 -0.2707
vn 0.6980 -0.6711 -0.2498
vn 0.8078 0.5136 -0.2891
vn 0.6327 -0.7405 -0.2264
vn 0.8513 0.4271 -0.3046
vn 0.5613 -0.8029 -0.2008
vn 0.8866 0.3365 -0.3172
vn 0.4845 -0.8575 -0.1733
vn 0.9134 0.2427 -0.3268
vn 0.0462 0.9988 -0.0166
vn 0.4030 -0.9038 -0.1442
vn 0.9314 0.1466 -0.3333
vn 0.1383 0.9892 -0.0495
vn 0.3175 -0.9414 -0.1136
vn 0.9404 0.0490 -0.3365
vn 0.2290 0.9700 -0.0820
vn 0.2290 -0.9700 -0.0820
vn 0.9404 -0.0490 -0.3365
vn 0.3175 0.9414 -0.1136
vn 0.1383 -0.9892 -0.0495
vn 0.9314 -0.1466 -0.3333
vn 0.5783 0.8029 -0.1449
vn 0.8771 -0.4271 -0.2197
vn 0.6519 0.7405 -0.1633
vn 0.8323 -0.5136 -0.2085
vn 0.7191 0.6711 -0.1801
vn 0.7795 -0.5952 -0.1952
vn 0.7795 0.5952 -0.1952
vn 0.7191 -0.6711 -0.1801
vn 0.8323 0.5136 -0.2085
vn 0.6519 -0.7405 -0.1633
vn 0.8771 0.4271 -0.2197
vn 0.5783 -0.8029 -0.1449
vn 0.9135 0.3365 -0.2288
vn 0.4991 -0.8575 -0.1250
vn 0.9410 0.2427 -0.2357
vn 0.0477 0.9988 -0.0119
vn 0.4152 -0.9038 -0.1040
vn 0.9596 0.1466 -0.2404
vn 0.1425 0.9892 -0.0357
vn 0.3271 -0.9414 -0.0819
vn 0.9689 0.0490 -0.2427
vn 0.2360 0.9700 -0.0591
vn 0.2360 -0.9700 -0.0591
vn 0.9689 -0.0490 -0.2427
vn 0.3271 0.9414 -0.0819
vn 0.1425 -0.9892 -0.0357
vn 0.9596 -0.1466 -0.2404
vn 0.4152 0.9038 -0.1040
vn 0.0477 -0.9988 -0.0119
vn 0.9410 -0.2427 -0.2357
vn 0.4991 0.8575 -0.1250
vn 0.9135 -0.3365 -0.2288
vn 0.7333 0.6711 -0.1088
vn 0.7949 -0.5952 -0.1179
vn 0.7949 0.5952 -0.1179
vn 0.7333 -0.6711 -0.1088
vn 0.8487 0.5136 -0.1259
vn 0.6647 -0.7405 -0.0986
vn 0.8944 0.4271 -0.1327
vn 0.5897 -0.8029 -0.0875
vn 0.9315 0.3365 -0.1382
vn 0.5090 -0.8575 -0.0755
vn 0.9596 0.2427 -0.1423
vn 0.0486 0.9988 -0.0072
vn 0.4233 -0.9038 -0.0628
vn 0.9785 0.1466 -0.1451
vn 0.1453 0.9892 -0.0216
vn 0.3336 -0.9414 -0.0495
vn 0.9880 0.0490 -0.1466
vn 0.2406 0.9700 -0.0357
vn 0.2406 -0.9700 -0.0357
vn 0.9880 -0.0490 -0.1466
vn 0.3336 0.9414 -0.0495
vn 0.1453 -0.9892 -0.0216
vn 0.9785 -0.1466 -0.1451
vn 0.4233 0.9038 -0.0628
vn 0.0486 -0.9988 -0.0072
vn 0.9596 -0.2427 -0.1423
vn 0.5090 0.8575 -0.0755
vn 0.9315 -0.3365 -0.1382
vn 0.5897 0.8029 -0.0875
vn 0.8944 -0.4271 -0.1327
vn 0.6647 0.7405 -0.0986
vn 0.8487 -0.5136 -0.1259
vn 0.8570 0.5136 -0.0421
vn 0.6712 -0.7405 -0.0330
vn 0.9031 0.4271 -0.0444
vn 0.5954 -0.8029 -0.0293
vn 0.9405 0.3365 -0.0462
vn 0.5139 -0.8575 -0.0252
vn 0.9689 0.2427 -0.0476
vn 0.0491 0.9988 -0.0024
vn 0.4275 -0.9038 -0.0210
vn 0.9880 0.1466 -0.0485
vn 0.1467 0.9892 -0.0072
vn 0.3368 -0.9414 -0.0165
vn 0.9976 0.0490 -0.0490
vn 0.2430 0.9700 -0.0119
vn 0.2430 -0.9700 -0.0119
vn 0.9976 -0.0490 -0.0490
vn 0.3368 0.9414 -0.0165
vn 0.1467 -0.9892 -0.0072
vn 0.9880 -0.1466 -0.0485
vn 0.4275 0.9038 -0.0210
vn 0.0491 -0.9988 -0.0024
vn 0.9689 -0.2427 -0.0476
vn 0.5139 0.8575 -0.0252
vn 0.9405 -0.3365 -0.0462
vn 0.5954 0.8029 -0.0293
vn 0.9031 -0.4271 -0.0444
vn 0.6712 0.7405 -0.0330
vn 0.8570 -0.5136 -0.0421
vn 0.7405 0.6711 -0.0364
vn 0.8026 -0.5952 -0.0394
vn 0.8026 0.5952 -0.0394
vn 0.7405 -0.6711 -0.0364
vn 0.9405 0.3365 0.0462
vn 0.5139 -0.8575 0.0252
vn 0.9689 0.2427 0.0476
vn 0.0491 0.9988 0.0024
vn 0.4275 -0.9038 0.0210
vn 0.9880 0.1466 0.0485
vn 0.1467 0.9892 0.0072
vn 0.3368 -0.9414 0.0165
vn 0.9976 0.0490 0.0490
vn 0.2430 0.9700 0.0119
vn 0.2430 -0.9700 0.0119
vn 0.9976 -0.0490 0.0490
vn 0.3368 0.9414 0.0165
vn 0.1467 -0.9892 0.0072
vn 0.9880 -0.1466 0.0485
vn 0.4275 0.9038 0.0210
vn 0.0491 -0.9988 0.0024
vn 0.9689 -0.2427 0.0476
vn 0.5139 0.8575 0.0252
vn 0.9405 -0.3365 0.0462
vn 0.5954 0.8029 0.0293
vn 0.9031 -0.4271 0.0444
vn 0.6712 0.7405 0.0330
vn 0.8570 -0.5136 0.0421
vn 0.7405 0.6711 0.0364
vn 0.8026 -0.5952 0.0394
vn 0.8026 0.5952 0.0394
vn 0.7405 -0.6711 0.0364
vn 0.8570 0.5136 0.0421
vn 0.6712 -0.7405 0.0330
vn 0.9031 0.4271 0.0444
vn 0.5954 -0.8029 0.0293
vn 0.9785 0.1466 0.1451
vn 0.1453 0.9892 0.0216
vn 0.3336 -0.9414 0.0495
vn 0.9880 0.0490 0.1466
vn 0.2406 0.9700 0.0357
vn 0.2406 -0.9700 0.0357
vn 0.9880 -0.0490 0.1466
vn 0.3336 0.9414 0.0495
vn 0.1453 -0.9892 0.0216
vn 0.9785 -0.1466 0.1451
vn 0.4233 0.9038 0.0628
vn 0.0486 -0.9988 0.0072
vn 0.9596 -0.2427 0.1423
vn 0.5090 0.8575 0.0755
vn 0.9315 -0.3365 0.1382
vn 0.5897 0.8029 0.0875
vn 0.8944 -0.4271 0.1327
vn 0.6647 0.7405 0.0986
vn 0.8487 -0.5136 0.1259
vn 0.7333 0.6711 0.1088
vn 0.7949 -0.5952 0.1179
vn 0.7949 0.5952 0.1179
vn 0.7333 -0.6711 0.1088
vn 0.8487 0.5136 0.1259
vn 0.6647 -0.7405 0.0986
vn 0.8944 0.4271 0.1327
vn 0.5897 -0.8029 0.0875
vn 0.9315 0.3365 0.1382
vn 0.5090 -0.8575 0.0755
vn 0.9596 0.2427 0.1423
vn 0.0486 0.9988 0.0072
vn 0.4233 -0.9038 0.0628
vn 0.9689 -0.0490 0.2427
vn 0.3271 0.9414 0.0819
vn 0.1425 -0.9892 0.0357
vn 0.9596 -0.1466 0.2404
vn 0.4152 0.9038 0.1040
vn 0.0477 -0.9988 0.0119
vn 0.9410 -0.2427 0.2357
vn 0.4991 0.8575 0.1250
vn 0.9135 -0.3365 0.2288
vn 0.5783 0.8029 0.1449
vn 0.8771 -0.4271 0.2197
vn 0.6519 0.7405 0.1633
vn 0.8323 -0.5136 0.2085
vn 0.7191 0.6711 0.1801
vn 0.7795 -0.5952 0.1952
vn 0.7795 0.5952 0.1952
vn 0.7191 -0.6711 0.1801
vn 0.8323 0.5136 0.2085
vn 0.6519 -0.7405 0.1633
vn 0.8771 0.4271 0.2197
vn 0.5783 -0.8029 0.1449
vn 0.9135 0.3365 0.2288
vn 0.4991 -0.8575 0.1250
vn 0.9410 0.2427 0.2357
vn 0.0477 0.9988 0.0119
vn 0.4152 -0.9038 0.1040
vn 0.9596 0.1466 0.2404
vn 0.1425 0.9892 0.0357
vn 0.3271 -0.9414 0.0819
vn 0.9689 0.0490 0.2427
vn 0.2360 0.9700 0.0591
vn 0.2360 -0.9700 0.0591
vn 0.0463 0.9988 0.0166
vn 0.4030 -0.9038 0.1442
vn 0.9314 0.1466 0.3333
vn 0.1383 0.9892 0.0495
vn 0.3175 -0.9414 0.1136
vn 0.9404 0.0490 0.3365
vn 0.2290 0.9700 0.0820
vn 0.2290 -0.9700 0.0820
vn 0.9404 -0.0490 0.3365
vn 0.3175 0.9414 0.1136
vn 0.1383 -0.9892 0.0495
vn 0.9314 -0.1466 0.3333
vn 0.4030 0.9038 0.1442
vn 0.0462 -0.9988 0.0166
vn 0.9134 -0.2427 0.3268
vn 0.4845 0.8575 0.1733
vn 0.8866 -0.3365 0.3172
vn 0.5613 0.8029 0.2008
vn 0.8513 -0.4271 0.3046
vn 0.6327 0.7405 0.2264
vn 0.8078 -0.5136 0.2891
vn 0.6980 0.6711 0.2498
vn 0.7566 -0.5952 0.2707
vn 0.7566 0.5952 0.2707
vn 0.6980 -0.6711 0.2498
vn 0.8078 0.5136 0.2891
vn 0.6327 -0.7405 0.2264
vn 0.8513 0.4271 0.3046
vn 0.5613 -0.8029 0.2008
vn 0.8866 0.3365 0.3172
vn 0.4845 -0.8575 0.1733
vn 0.9134 0.2427 0.3268
vn 0.2199 0.9700 0.1040
vn 0.2199 -0.9700 0.1040
vn 0.9029 -0.0490 0.4270
vn 0.3049 0.9414 0.1442
vn 0.1328 -0.9892 0.0628
vn 0.8942 -0.1466 0.4229
vn 0.3869 0.9038 0.1830
vn 0.0444 -0.9988 0.0210
vn 0.8770 -0.2427 0.4148
vn 0.4652 0.8575 0.2200
vn 0.8513 -0.3365 0.4026
vn 0.5389 0.8029 0.2549
vn 0.8174 -0.4271 0.3866
vn 0.6075 0.7405 0.2873
vn 0.7756 -0.5136 0.3668
vn 0.6702 0.6711 0.3170
vn 0.7264 -0.5952 0.3436
vn 0.7264 0.5952 0.3436
vn 0.6702 -0.6711 0.3170
vn 0.7756 0.5136 0.3668
vn 0.6075 -0.7405 0.2873
vn 0.8174 0.4271 0.3866
vn 0.5389 -0.8029 0.2549
vn 0.8513 0.3365 0.4026
vn 0.4652 -0.8575 0.2200
vn 0.8770 0.2427 0.4148
vn 0.0444 0.9988 0.0210
vn 0.3869 -0.9038 0.1830
vn 0.8942 0.1466 0.4229
vn 0.1328 0.9892 0.0628
vn 0.3049 -0.9414 0.1442
vn 0.9029 0.0490 0.4270
vn 0.3671 0.9038 0.2200
vn 0.0421 -0.9988 0.0253
vn 0.8321 -0.2427 0.4987
vn 0.4413 0.8575 0.2645
vn 0.8077 -0.3365 0.4841
vn 0.5113 0.8029 0.3065
vn 0.7755 -0.4271 0.4648
vn 0.5764 0.7405 0.3455
vn 0.7359 -0.5136 0.4411
vn 0.6359 0.6711 0.3811
vn 0.6892 -0.5952 0.4131
vn 0.6892 0.5952 0.4131
vn 0.6359 -0.6711 0.3811
vn 0.7359 0.5136 0.4411
vn 0.5764 -0.7405 0.3455
vn 0.7755 0.4271 0.4648
vn 0.5113 -0.8029 0.3065
vn 0.8077 0.3365 0.4841
vn 0.4413 -0.8575 0.2645
vn 0.8321 0.2427 0.4987
vn 0.0421 0.9988 0.0253
vn 0.3671 -0.9038 0.2200
vn 0.8485 0.1466 0.5086
vn 0.1260 0.9892 0.0755
vn 0.2893 -0.9414 0.1734
vn 0.8567 0.0490 0.5135
vn 0.2086 0.9700 0.1251
vn 0.2086 -0.9700 0.1251
vn 0.8567 -0.0490 0.5135
vn 0.2893 0.9414 0.1734
vn 0.1260 -0.9892 0.0755
vn 0.8485 -0.1466 0.5086
vn 0.4788 0.8029 0.3551
vn 0.7263 -0.4271 0.5386
vn 0.5398 0.7405 0.4003
vn 0.6892 -0.5136 0.5111
vn 0.5955 0.6711 0.4416
vn 0.6454 -0.5952 0.4787
vn 0.6454 0.5952 0.4787
vn 0.5955 -0.6711 0.4416
vn 0.6892 0.5136 0.5111
vn 0.5398 -0.7405 0.4003
vn 0.7263 0.4271 0.5386
vn 0.4788 -0.8029 0.3551
vn 0.7564 0.3365 0.5610
vn 0.4133 -0.8575 0.3065
vn 0.7792 0.2427 0.5779
vn 0.0395 0.9988 0.0293
vn 0.3438 -0.9038 0.2549
vn 0.7945 0.1466 0.5893
vn 0.1180 0.9892 0.0875
vn 0.2709 -0.9414 0.2009
vn 0.8022 0.0490 0.5950
vn 0.1954 0.9700 0.1449
vn 0.1954 -0.9700 0.1449
vn 0.8022 -0.0490 0.5950
vn 0.2709 0.9414 0.2009
vn 0.1180 -0.9892 0.0875
vn 0.7945 -0.1466 0.5893
vn 0.3438 0.9038 0.2549
vn 0.0395 -0.9988 0.0293
vn 0.7792 -0.2427 0.5779
vn 0.4133 0.8575 0.3065
vn 0.7564 -0.3365 0.5610
vn 0.5493 0.6711 0.4979
vn 0.5954 -0.5952 0.5396
vn 0.5954 0.5952 0.5396
vn 0.5493 -0.6711 0.4979
vn 0.6357 0.5136 0.5762
vn 0.4979 -0.7405 0.4513
vn 0.6700 0.4271 0.6072
vn 0.4417 -0.8029 0.4004
vn 0.6977 0.3365 0.6324
vn 0.3813 -0.8575 0.3456
vn 0.7188 0.2427 0.6515
vn 0.0364 0.9988 0.0330
vn 0.3171 -0.9038 0.2874
vn 0.7330 0.1466 0.6643
vn 0.1088 0.9892 0.0987
vn 0.2499 -0.9414 0.2265
vn 0.7401 0.0490 0.6708
vn 0.1802 0.9700 0.1634
vn 0.1802 -0.9700 0.1634
vn 0.7401 -0.0490 0.6708
vn 0.2499 0.9414 0.2265
vn 0.1088 -0.9892 0.0987
vn 0.7330 -0.1466 0.6643
vn 0.3171 0.9038 0.2874
vn 0.0364 -0.9988 0.0330
vn 0.7188 -0.2427 0.6515
vn 0.3813 0.8575 0.3456
vn 0.6977 -0.3365 0.6324
vn 0.4417 0.8029 0.4004
vn 0.6700 -0.4271 0.6072
vn 0.4979 0.7405 0.4513
vn 0.6357 -0.5136 0.5762
vn 0.5762 0.5136 0.6357
vn 0.4513 -0.7405 0.4979
vn 0.6072 0.4271 0.6700
vn 0.4004 -0.8029 0.4417
vn 0.6324 0.3365 0.6977
vn 0.3456 -0.8575 0.3813
vn 0.6515 0.2427 0.7188
vn 0.0330 0.9988 0.0364
vn 0.2874 -0.9038 0.3171
vn 0.6643 0.1466 0.7330
vn 0.0987 0.9892 0.1088
vn 0.2265 -0.9414 0.2499
vn 0.6708 0.0490 0.7401
vn 0.1634 0.9700 0.1802
vn 0.1634 -0.9700 0.1802
vn 0.6708 -0.0490 0.7401
vn 0.2265 0.9414 0.2499
vn 0.0987 -0.9892 0.1088
vn 0.6643 -0.1466 0.7330
vn 0.2874 0.9038 0.3171
vn 0.0330 -0.9988 0.0364
vn 0.6515 -0.2427 0.7188
vn 0.3456 0.8575 0.3813
vn 0.6324 -0.3365 0.6977
vn 0.4004 0.8029 0.4417
vn 0.6072 -0.4271 0.6700
vn 0.4513 0.7405 0.4979
vn 0.5762 -0.5136 0.6357
vn 0.4979 0.6711 0.5493
vn 0.5396 -0.5952 0.5954
vn 0.5396 0.5952 0.5954
vn 0.4979 -0.6711 0.5493
vn 0.5610 0.3365 0.7564
vn 0.3065 -0.8575 0.4133
vn 0.5779 0.2427 0.7792
vn 0.0293 0.9988 0.0395
vn 0.2549 -0.9038 0.3438
vn 0.5893 0.1466 0.7945
vn 0.0875 0.9892 0.1180
vn 0.2009 -0.9414 0.2709
vn 0.5950 0.0490 0.8022
vn 0.1449 0.9700 0.1954
vn 0.1449 -0.9700 0.1954
vn 0.5950 -0.0490 0.8022
vn 0.2009 0.9414 0.2709
vn 0.0875 -0.9892 0.1180
vn 0.5893 -0.1466 0.7945
vn 0.2549 0.9038 0.3438
vn 0.0293 -0.9988 0.0395
vn 0.5779 -0.2427 0.7792
vn 0.3065 0.8575 0.4133
vn 0.5610 -0.3365 0.7564
vn 0.3551 0.8029 0.4788
vn 0.5386 -0.4271 0.7263
vn 0.4003 0.7405 0.5398
vn 0.5111 -0.5136 0.6892
vn 0.4416 0.6711 0.5955
vn 0.4787 -0.5952 0.6454
vn 0.4787 0.5952 0.6454
vn 0.4416 -0.6711 0.5955
vn 0.5111 0.5136 0.6892
vn 0.4003 -0.7405 0.5398
vn 0.5386 0.4271 0.7263
vn 0.3551 -0.8029 0.4788
vn 0.5086 0.1466 0.8485
vn 0.0755 0.9892 0.1260
vn 0.1734 -0.9414 0.2893
vn 0.5135 0.0490 0.8567
vn 0.1251 0.9700 0.2086
vn 0.1251 -0.9700 0.2086
vn 0.5135 -0.0490 0.8567
vn 0.1734 0.9414 0.2893
vn 0.0755 -0.9892 0.1260
vn 0.5086 -0.1466 0.8485
vn 0.2200 0.9038 0.3671
vn 0.0253 -0.9988 0.0421
vn 0.4987 -0.2427 0.8321
vn 0.2645 0.8575 0.4413
vn 0.4841 -0.3365 0.8077
vn 0.3065 0.8029 0.5113
vn 0.4648 -0.4271 0.7755
vn 0.3455 0.7405 0.5764
vn 0.4411 -0.5136 0.7359
vn 0.3811 0.6711 0.6359
vn 0.4131 -0.5952 0.6892
vn 0.4131 0.5952 0.6892
vn 0.3811 -0.6711 0.6359
vn 0.4411 0.5136 0.7359
vn 0.3455 -0.7405 0.5764
vn 0.4648 0.4271 0.7755
vn 0.3065 -0.8029 0.5113
vn 0.4841 0.3365 0.8077
vn 0.2645 -0.8575 0.4413
vn 0.4987 0.2427 0.8321
vn 0.0253 0.9988 0.0421
vn 0.2200 -0.9038 0.3671
vn 0.4270 -0.0490 0.9029
vn 0.1442 0.9414 0.3049
vn 0.0628 -0.9892 0.1328
vn 0.4229 -0.1466 0.8942
vn 0.1830 0.9038 0.3869
vn 0.0210 -0.9988 0.0444
vn 0.4148 -0.2427 0.8770
vn 0.2200 0.8575 0.4652
vn 0.4026 -0.3365 0.8513
vn 0.2549 0.8029 0.5389
vn 0.3866 -0.4271 0.8174
vn 0.2873 0.7405 0.6075
vn 0.3668 -0.5136 0.7756
vn 0.3170 0.6711 0.6702
vn 0.3436 -0.5952 0.7264
vn 0.3436 0.5952 0.7264
vn 0.3170 -0.6711 0.6702
vn 0.3668 0.5136 0.7756
vn 0.2873 -0.7405 0.6075
vn 0.3866 0.4271 0.8174
vn 0.2549 -0.8029 0.5389
vn 0.4026 0.3365 0.8513
vn 0.2200 -0.8575 0.4652
vn 0.4148 0.2427 0.8770
vn 0.0210 0.9988 0.0444
vn 0.1830 -0.9038 0.3869
vn 0.4229 0.1466 0.8942
vn 0.0628 0.9892 0.1328
vn 0.1442 -0.9414 0.3049
vn 0.4270 0.0490 0.9029
vn 0.1040 0.9700 0.2199
vn 0.1040 -0.9700 0.2199
vn 0.3268 -0.2427 0.9134
vn 0.1733 0.8575 0.4845
vn 0.3172 -0.3365 0.8866
vn 0.2008 0.8029 0.5613
vn 0.3046 -0.4271 0.8513
vn 0.2264 0.7405 0.6327
vn 0.2891 -0.5136 0.8078
vn 0.2498 0.6711 0.6980
vn 0.2707 -0.5952 0.7566
vn 0.2707 0.5952 0.7566
vn 0.2498 -0.6711 0.6980
vn 0.2891 0.5136 0.8078
vn 0.2264 -0.7405 0.6327
vn 0.3046 0.4271 0.8513
vn 0.2008 -0.8029 0.5613
vn 0.3172 0.3365 0.8866
vn 0.1733 -0.8575 0.4845
vn 0.3268 0.2427 0.9134
vn 0.0165 0.9988 0.0463
vn 0.1442 -0.9038 0.4030
vn 0.3333 0.1466 0.9314
vn 0.0495 0.9892 0.1383
vn 0.1136 -0.9414 0.3175
vn 0.3365 0.0490 0.9404
vn 0.0819 0.9700 0.2290
vn 0.0819 -0.9700 0.2290
vn 0.3365 -0.0490 0.9404
vn 0.1136 0.9414 0.3175
vn 0.0495 -0.9892 0.1383
vn 0.3333 -0.1466 0.9314
vn 0.1442 0.9038 0.4030
vn 0.0165 -0.9988 0.0463
vn 0.2197 -0.4271 0.8771
vn 0.1633 0.7405 0.6519
vn 0.2085 -0.5136 0.8323
vn 0.1801 0.6711 0.7191
vn 0.1952 -0.5952 0.7795
vn 0.1952 0.5952 0.7795
vn 0.1801 -0.6711 0.7191
vn 0.2085 0.5136 0.8323
vn 0.1633 -0.7405 0.6519
vn 0.2197 0.4271 0.8771
vn 0.1449 -0.8029 0.5783
vn 0.2288 0.3365 0.9135
vn 0.1250 -0.8575 0.4991
vn 0.2357 0.2427 0.9410
vn 0.0119 0.9988 0.0477
vn 0.1040 -0.9038 0.4152
vn 0.2404 0.1466 0.9596
vn 0.0357 0.9892 0.1425
vn 0.0819 -0.9414 0.3271
vn 0.2427 0.0490 0.9689
vn 0.0591 0.9700 0.2360
vn 0.0591 -0.9700 0.2360
vn 0.2427 -0.0490 0.9689
vn 0.0819 0.9414 0.3271
vn 0.0357 -0.9892 0.1425
vn 0.2404 -0.1466 0.9596
vn 0.1040 0.9038 0.4152
vn 0.0119 -0.9988 0.0477
vn 0.2357 -0.2427 0.9410
vn 0.1250 0.8575 0.4991
vn 0.2288 -0.3365 0.9135
vn 0.1449 0.8029 0.5783
vn 0.1179 -0.5952 0.7949
vn 0.1179 0.5952 0.7949
vn 0.1088 -0.6711 0.7333
vn 0.1259 0.5136 0.8487
vn 0.0986 -0.7405 0.6647
vn 0.1327 0.4271 0.8944
vn 0.0875 -0.8029 0.5897
vn 0.1382 0.3365 0.9315
vn 0.0755 -0.8575 0.5090
vn 0.1423 0.2427 0.9596
vn 0.0072 0.9988 0.0486
vn 0.0628 -0.9038 0.4233
vn 0.1451 0.1466 0.9785
vn 0.0216 0.9892 0.1453
vn 0.0495 -0.9414 0.3336
vn 0.1466 0.0490 0.9880
vn 0.0357 0.9700 0.2406
vn 0.0357 -0.9700 0.2406
vn 0.1466 -0.0490 0.9880
vn 0.0495 0.9414 0.3336
vn 0.0216 -0.9892 0.1453
vn 0.1451 -0.1466 0.9785
vn 0.0628 0.9038 0.4233
vn 0.0072 -0.9988 0.0486
vn 0.1423 -0.2427 0.9596
vn 0.0755 0.8575 0.5090
vn 0.1382 -0.3365 0.9315
vn 0.0875 0.8029 0.5897
vn 0.1327 -0.4271 0.8944
vn 0.0986 0.7405 0.6647
vn 0.1259 -0.5136 0.8487
vn 0.1088 0.6711 0.7333
vn 0.0330 -0.7405 0.6712
vn 0.0444 0.4271 0.9031
vn 0.0293 -0.8029 0.5954
vn 0.0462 0.3365 0.9405
vn 0.0252 -0.8575 0.5139
vn 0.0476 0.2427 0.9689
vn 0.0024 0.9988 0.0491
vn 0.0210 -0.9038 0.4275
vn 0.0485 0.1466 0.9880
vn 0.0072 0.9892 0.1467
vn 0.0165 -0.9414 0.3368
vn 0.0490 0.0490 0.9976
vn 0.0119 0.9700 0.2430
vn 0.0119 -0.9700 0.2430
vn 0.0490 -0.0490 0.9976
vn 0.0165 0.9414 0.3368
vn 0.0072 -0.9892 0.1467
vn 0.0485 -0.1466 0.9880
vn 0.0210 0.9038 0.4275
vn 0.0024 -0.9988 0.0491
vn 0.0476 -0.2427 0.9689
vn 0.0252 0.8575 0.5139
vn 0.0462 -0.3365 0.9405
vn 0.0293 0.8029 0.5954
vn 0.0444 -0.4271 0.9031
vn 0.0330 0.7405 0.6712
vn 0.0421 -0.5136 0.8570
vn 0.0364 0.6711 0.7405
vn 0.0394 -0.5952 0.8026
vn 0.0394 0.5952 0.8026
vn 0.0364 -0.6711 0.7405
vn 0.0421 0.5136 0.8570
vt 0.750000 0.281250
vt 0.750000 0.312500
vt 0.734375 0.312500
vt 0.734375 0.281250
vt 0.750000 0.687500
vt 0.750000 0.718750
vt 0.734375 0.718750
vt 0.734375 0.687500
vt 0.750000 0.250000
vt 0.734375 0.250000
vt 0.750000 0.656250
vt 0.734375 0.656250
vt 0.750000 0.218750
vt 0.734375 0.218750
vt 0.750000 0.625000
vt 0.734375 0.625000
vt 0.750000 0.187500
vt 0.734375 0.187500
vt 0.750000 0.593750
vt 0.734375 0.593750
vt 0.750000 0.156250
vt 0.734375 0.156250
vt 0.750000 0.562500
vt 0.734375 0.562500
vt 0.750000 0.968750
vt 0.742188 1.000000
vt 0.734375 0.968750
vt 0.750000 0.125000
vt 0.734375 0.125000
vt 0.750000 0.531250
vt 0.734375 0.531250
vt 0.750000 0.937500
vt 0.734375 0.937500
vt 0.750000 0.093750
vt 0.734375 0.093750
vt 0.750000 0.500000
vt 0.734375 0.500000
vt 0.750000 0.906250
vt 0.734375 0.906250
vt 0.750000 0.062500
vt 0.734375 0.062500
vt 0.750000 0.468750
vt 0.734375 0.468750
vt 0.750000 0.875000
vt 0.734375 0.875000
vt 0.750000 0.031250
vt 0.734375 0.031250
vt 0.750000 0.437500
vt 0.734375 0.437500
vt 0.750000 0.843750
vt 0.734375 0.843750
vt 0.742188 0.000000
vt 0.750000 0.406250
vt 0.734375 0.406250
vt 0.750000 0.812500
vt 0.734375 0.812500
vt 0.750000 0.375000
vt 0.734375 0.375000
vt 0.750000 0.781250
vt 0.734375 0.781250
vt 0.750000 0.343750
vt 0.734375 0.343750
vt 0.750000 0.750000
vt 0.734375 0.750000
vt 0.718750 0.468750
vt 0.718750 0.437500
vt 0.718750 0.875000
vt 0.718750 0.843750
vt 0.726562 0.000000
vt 0.718750 0.031250
vt 0.718750 0.406250
vt 0.718750 0.812500
vt 0.718750 0.375000
vt 0.718750 0.781250
vt 0.718750 0.343750
vt 0.718750 0.750000
vt 0.718750 0.312500
vt 0.718750 0.718750
vt 0.718750 0.281250
vt 0.718750 0.687500
vt 0.718750 0.250000
vt 0.718750 0.656250
vt 0.718750 0.218750
vt 0.718750 0.625000
vt 0.718750 0.187500
vt 0.718750 0.593750
vt 0.718750 0.156250
vt 0.718750 0.562500
vt 0.726562 1.000000
vt 0.718750 0.968750
vt 0.718750 0.125000
vt 0.718750 0.531250
vt 0.718750 0.937500
vt 0.718750 0.093750
vt 0.718750 0.500000
vt 0.718750 0.906250
vt 0.718750 0.062500
vt 0.703125 0.406250
vt 0.703125 0.375000
vt 0.703125 0.812500
vt 0.703125 0.781250
vt 0.703125 0.343750
vt 0.703125 0.750000
vt 0.703125 0.312500
vt 0.703125 0.718750
vt 0.703125 0.281250
vt 0.703125 0.687500
vt 0.703125 0.250000
vt 0.703125 0.656250
vt 0.703125 0.218750
vt 0.703125 0.625000
vt 0.703125 0.187500
vt 0.703125 0.593750
vt 0.703125 0.156250
vt 0.703125 0.562500
vt 0.710938 1.000000
vt 0.703125 0.968750
vt 0.703125 0.125000
vt 0.703125 0.531250
vt 0.703125 0.937500
vt 0.703125 0.093750
vt 0.703125 0.500000
vt 0.703125 0.906250
vt 0.703125 0.062500
vt 0.703125 0.468750
vt 0.703125 0.875000
vt 0.703125 0.031250
vt 0.703125 0.437500
vt 0.703125 0.843750
vt 0.710938 0.000000
vt 0.687500 0.343750
vt 0.687500 0.312500
vt 0.687500 0.750000
vt 0.687500 0.718750
vt 0.687500 0.281250
vt 0.687500 0.687500
vt 0.687500 0.250000
vt 0.687500 0.656250
vt 0.687500 0.218750
vt 0.687500 0.625000
vt 0.687500 0.187500
vt 0.687500 0.593750
vt 0.687500 0.156250
vt 0.687500 0.562500
vt 0.695312 1.000000
vt 0.687500 0.968750
vt 0.687500 0.125000
vt 0.687500 0.531250
vt 0.687500 0.937500
vt 0.687500 0.093750
vt 0.687500 0.500000
vt 0.687500 0.906250
vt 0.687500 0.062500
vt 0.687500 0.468750
vt 0.687500 0.875000
vt 0.687500 0.031250
vt 0.687500 0.437500
vt 0.687500 0.843750
vt 0.695312 0.000000
vt 0.687500 0.406250
vt 0.687500 0.812500
vt 0.687500 0.375000
vt 0.687500 0.781250
vt 0.671875 0.281250
vt 0.671875 0.250000
vt 0.671875 0.687500
vt 0.671875 0.656250
vt 0.671875 0.218750
vt 0.671875 0.625000
vt 0.671875 0.187500
vt 0.671875 0.593750
vt 0.671875 0.156250
vt 0.671875 0.562500
vt 0.679688 1.000000
vt 0.671875 0.968750
vt 0.671875 0.125000
vt 0.671875 0.531250
vt 0.671875 0.937500
vt 0.671875 0.093750
vt 0.671875 0.500000
vt 0.671875 0.906250
vt 0.671875 0.062500
vt 0.671875 0.468750
vt 0.671875 0.875000
vt 0.671875 0.031250
vt 0.671875 0.437500
vt 0.671875 0.843750
vt 0.679688 0.000000
vt 0.671875 0.406250
vt 0.671875 0.812500
vt 0.671875 0.375000
vt 0.671875 0.781250
vt 0.671875 0.343750
vt 0.671875 0.750000
vt 0.671875 0.312500
vt 0.671875 0.718750
vt 0.656250 0.218750
vt 0.656250 0.187500
vt 0.656250 0.625000
vt 0.656250 0.593750
vt 0.656250 0.156250
vt 0.656250 0.562500
vt 0.664062 1.000000
vt 0.656250 0.968750
vt 0.656250 0.125000
vt 0.656250 0.531250
vt 0.656250 0.937500
vt 0.656250 0.093750
vt 0.656250 0.500000
vt 0.656250 0.906250
vt 0.656250 0.062500
vt 0.656250 0.468750
vt 0.656250 0.875000
vt 0.656250 0.031250
vt 0.656250 0.437500
vt 0.656250 0.843750
vt 0.664062 0.000000
vt 0.656250 0.406250
vt 0.656250 0.812500
vt 0.656250 0.375000
vt 0.656250 0.781250
vt 0.656250 0.343750
vt 0.656250 0.750000
vt 0.656250 0.312500
vt 0.656250 0.718750
vt 0.656250 0.281250
vt 0.656250 0.687500
vt 0.656250 0.250000
vt 0.656250 0.656250
vt 0.648438 1.000000
vt 0.640625 0.968750
vt 0.640625 0.156250
vt 0.640625 0.125000
vt 0.640625 0.562500
vt 0.640625 0.531250
vt 0.640625 0.937500
vt 0.640625 0.093750
vt 0.640625 0.500000
vt 0.640625 0.906250
vt 0.640625 0.062500
vt 0.640625 0.468750
vt 0.640625 0.875000
vt 0.640625 0.031250
vt 0.640625 0.437500
vt 0.640625 0.843750
vt 0.648438 0.000000
vt 0.640625 0.406250
vt 0.640625 0.812500
vt 0.640625 0.375000
vt 0.640625 0.781250
vt 0.640625 0.343750
vt 0.640625 0.750000
vt 0.640625 0.312500
vt 0.640625 0.718750
vt 0.640625 0.281250
vt 0.640625 0.687500
vt 0.640625 0.250000
vt 0.640625 0.656250
vt 0.640625 0.218750
vt 0.640625 0.625000
vt 0.640625 0.187500
vt 0.640625 0.593750
vt 0.625000 0.937500
vt 0.625000 0.906250
vt 0.625000 0.093750
vt 0.625000 0.062500
vt 0.625000 0.500000
vt 0.625000 0.468750
vt 0.625000 0.875000
vt 0.625000 0.031250
vt 0.625000 0.437500
vt 0.625000 0.843750
vt 0.632812 0.000000
vt 0.625000 0.406250
vt 0.625000 0.812500
vt 0.625000 0.375000
vt 0.625000 0.781250
vt 0.625000 0.343750
vt 0.625000 0.750000
vt 0.625000 0.312500
vt 0.625000 0.718750
vt 0.625000 0.281250
vt 0.625000 0.687500
vt 0.625000 0.250000
vt 0.625000 0.656250
vt 0.625000 0.218750
vt 0.625000 0.625000
vt 0.625000 0.187500
vt 0.625000 0.593750
vt 0.625000 0.156250
vt 0.625000 0.562500
vt 0.632812 1.000000
vt 0.625000 0.968750
vt 0.625000 0.125000
vt 0.625000 0.531250
vt 0.609375 0.875000
vt 0.609375 0.843750
vt 0.617188 0.000000
vt 0.609375 0.031250
vt 0.609375 0.437500
vt 0.609375 0.406250
vt 0.609375 0.812500
vt 0.609375 0.375000
vt 0.609375 0.781250
vt 0.609375 0.343750
vt 0.609375 0.750000
vt 0.609375 0.312500
vt 0.609375 0.718750
vt 0.609375 0.281250
vt 0.609375 0.687500
vt 0.609375 0.250000
vt 0.609375 0.656250
vt 0.609375 0.218750
vt 0.609375 0.625000
vt 0.609375 0.187500
vt 0.609375 0.593750
vt 0.609375 0.156250
vt 0.609375 0.562500
vt 0.617188 1.000000
vt 0.609375 0.968750
vt 0.609375 0.125000
vt 0.609375 0.531250
vt 0.609375 0.937500
vt 0.609375 0.093750
vt 0.609375 0.500000
vt 0.609375 0.906250
vt 0.609375 0.062500
vt 0.609375 0.468750
vt 0.593750 0.812500
vt 0.593750 0.781250
vt 0.593750 0.375000
vt 0.593750 0.343750
vt 0.593750 0.750000
vt 0.593750 0.312500
vt 0.593750 0.718750
vt 0.593750 0.281250
vt 0.593750 0.687500
vt 0.593750 0.250000
vt 0.593750 0.656250
vt 0.593750 0.218750
vt 0.593750 0.625000
vt 0.593750 0.187500
vt 0.593750 0.593750
vt 0.593750 0.156250
vt 0.593750 0.562500
vt 0.601562 1.000000
vt 0.593750 0.968750
vt 0.593750 0.125000
vt 0.593750 0.531250
vt 0.593750 0.937500
vt 0.593750 0.093750
vt 0.593750 0.500000
vt 0.593750 0.906250
vt 0.593750 0.062500
vt 0.593750 0.468750
vt 0.593750 0.875000
vt 0.593750 0.031250
vt 0.593750 0.437500
vt 0.593750 0.843750
vt 0.601562 0.000000
vt 0.593750 0.406250
vt 0.578125 0.750000
vt 0.578125 0.718750
vt 0.578125 0.312500
vt 0.578125 0.281250
vt 0.578125 0.687500
vt 0.578125 0.250000
vt 0.578125 0.656250
vt 0.578125 0.218750
vt 0.578125 0.625000
vt 0.578125 0.187500
vt 0.578125 0.593750
vt 0.578125 0.156250
vt 0.578125 0.562500
vt 0.585938 1.000000
vt 0.578125 0.968750
vt 0.578125 0.125000
vt 0.578125 0.531250
vt 0.578125 0.937500
vt 0.578125 0.093750
vt 0.578125 0.500000
vt 0.578125 0.906250
vt 0.578125 0.062500
vt 0.578125 0.468750
vt 0.578125 0.875000
vt 0.578125 0.031250
vt 0.578125 0.437500
vt 0.578125 0.843750
vt 0.585938 0.000000
vt 0.578125 0.406250
vt 0.578125 0.812500
vt 0.578125 0.375000
vt 0.578125 0.781250
vt 0.578125 0.343750
vt 0.562500 0.687500
vt 0.562500 0.656250
vt 0.562500 0.250000
vt 0.562500 0.218750
vt 0.562500 0.625000
vt 0.562500 0.187500
vt 0.562500 0.593750
vt 0.562500 0.156250
vt 0.562500 0.562500
vt 0.570312 1.000000
vt 0.562500 0.968750
vt 0.562500 0.125000
vt 0.562500 0.531250
vt 0.562500 0.937500
vt 0.562500 0.093750
vt 0.562500 0.500000
vt 0.562500 0.906250
vt 0.562500 0.062500
vt 0.562500 0.468750
vt 0.562500 0.875000
vt 0.562500 0.031250
vt 0.562500 0.437500
vt 0.562500 0.843750
vt 0.570312 0.000000
vt 0.562500 0.406250
vt 0.562500 0.812500
vt 0.562500 0.375000
vt 0.562500 0.781250
vt 0.562500 0.343750
vt 0.562500 0.750000
vt 0.562500 0.312500
vt 0.562500 0.718750
vt 0.562500 0.281250
vt 0.546875 0.625000
vt 0.546875 0.593750
vt 0.546875 0.187500
vt 0.546875 0.156250
vt 0.546875 0.562500
vt 0.554688 1.000000
vt 0.546875 0.968750
vt 0.546875 0.125000
vt 0.546875 0.531250
vt 0.546875 0.937500
vt 0.546875 0.093750
vt 0.546875 0.500000
vt 0.546875 0.906250
vt 0.546875 0.062500
vt 0.546875 0.468750
vt 0.546875 0.875000
vt 0.546875 0.031250
vt 0.546875 0.437500
vt 0.546875 0.843750
vt 0.554688 0.000000
vt 0.546875 0.406250
vt 0.546875 0.812500
vt 0.546875 0.375000
vt 0.546875 0.781250
vt 0.546875 0.343750
vt 0.546875 0.750000
vt 0.546875 0.312500
vt 0.546875 0.718750
vt 0.546875 0.281250
vt 0.546875 0.687500
vt 0.546875 0.250000
vt 0.546875 0.656250
vt 0.546875 0.218750
vt 0.531250 0.562500
vt 0.531250 0.531250
vt 0.531250 0.968750
vt 0.531250 0.937500
vt 0.531250 0.125000
vt 0.531250 0.093750
vt 0.531250 0.500000
vt 0.531250 0.906250
vt 0.531250 0.062500
vt 0.531250 0.468750
vt 0.531250 0.875000
vt 0.531250 0.031250
vt 0.531250 0.437500
vt 0.531250 0.843750
vt 0.539062 0.000000
vt 0.531250 0.406250
vt 0.531250 0.812500
vt 0.531250 0.375000
vt 0.531250 0.781250
vt 0.531250 0.343750
vt 0.531250 0.750000
vt 0.531250 0.312500
vt 0.531250 0.718750
vt 0.531250 0.281250
vt 0.531250 0.687500
vt 0.531250 0.250000
vt 0.531250 0.656250
vt 0.531250 0.218750
vt 0.531250 0.625000
vt 0.531250 0.187500
vt 0.531250 0.593750
vt 0.531250 0.156250
vt 0.539062 1.000000
vt 0.515625 0.500000
vt 0.515625 0.468750
vt 0.515625 0.906250
vt 0.515625 0.875000
vt 0.515625 0.062500
vt 0.515625 0.031250
vt 0.515625 0.437500
vt 0.515625 0.843750
vt 0.523438 0.000000
vt 0.515625 0.406250
vt 0.515625 0.812500
vt 0.515625 0.375000
vt 0.515625 0.781250
vt 0.515625 0.343750
vt 0.515625 0.750000
vt 0.515625 0.312500
vt 0.515625 0.718750
vt 0.515625 0.281250
vt 0.515625 0.687500
vt 0.515625 0.250000
vt 0.515625 0.656250
vt 0.515625 0.218750
vt 0.515625 0.625000
vt 0.515625 0.187500
vt 0.515625 0.593750
vt 0.515625 0.156250
vt 0.515625 0.562500
vt 0.523438 1.000000
vt 0.515625 0.968750
vt 0.515625 0.125000
vt 0.515625 0.531250
vt 0.515625 0.937500
vt 0.515625 0.093750
vt 0.500000 0.437500
vt 0.500000 0.406250
vt 0.500000 0.843750
vt 0.500000 0.812500
vt 0.500000 0.375000
vt 0.500000 0.781250
vt 0.500000 0.343750
vt 0.500000 0.750000
vt 0.500000 0.312500
vt 0.500000 0.718750
vt 0.500000 0.281250
vt 0.500000 0.687500
vt 0.500000 0.250000
vt 0.500000 0.656250
vt 0.500000 0.218750
vt 0.500000 0.625000
vt 0.500000 0.187500
vt 0.500000 0.593750
vt 0.500000 0.156250
vt 0.500000 0.562500
vt 0.507812 1.000000
vt 0.500000 0.968750
vt 0.500000 0.125000
vt 0.500000 0.531250
vt 0.500000 0.937500
vt 0.500000 0.093750
vt 0.500000 0.500000
vt 0.500000 0.906250
vt 0.500000 0.062500
vt 0.500000 0.468750
vt 0.500000 0.875000
vt 0.500000 0.031250
vt 0.507812 0.000000
vt 0.484375 0.375000
vt 0.484375 0.343750
vt 0.484375 0.781250
vt 0.484375 0.750000
vt 0.484375 0.312500
vt 0.484375 0.718750
vt 0.484375 0.281250
vt 0.484375 0.687500
vt 0.484375 0.250000
vt 0.484375 0.656250
vt 0.484375 0.218750
vt 0.484375 0.625000
vt 0.484375 0.187500
vt 0.484375 0.593750
vt 0.484375 0.156250
vt 0.484375 0.562500
vt 0.492188 1.000000
vt 0.484375 0.968750
vt 0.484375 0.125000
vt 0.484375 0.531250
vt 0.484375 0.937500
vt 0.484375 0.093750
vt 0.484375 0.500000
vt 0.484375 0.906250
vt 0.484375 0.062500
vt 0.484375 0.468750
vt 0.484375 0.875000
vt 0.484375 0.031250
vt 0.484375 0.437500
vt 0.484375 0.843750
vt 0.492188 0.000000
vt 0.484375 0.406250
vt 0.484375 0.812500
vt 0.468750 0.312500
vt 0.468750 0.281250
vt 0.468750 0.718750
vt 0.468750 0.687500
vt 0.468750 0.250000
vt 0.468750 0.656250
vt 0.468750 0.218750
vt 0.468750 0.625000
vt 0.468750 0.187500
vt 0.468750 0.593750
vt 0.468750 0.156250
vt 0.468750 0.562500
vt 0.476562 1.000000
vt 0.468750 0.968750
vt 0.468750 0.125000
vt 0.468750 0.531250
vt 0.468750 0.937500
vt 0.468750 0.093750
vt 0.468750 0.500000
vt 0.468750 0.906250
vt 0.468750 0.062500
vt 0.468750 0.468750
vt 0.468750 0.875000
vt 0.468750 0.031250
vt 0.468750 0.437500
vt 0.468750 0.843750
vt 0.476562 0.000000
vt 0.468750 0.406250
vt 0.468750 0.812500
vt 0.468750 0.375000
vt 0.468750 0.781250
vt 0.468750 0.343750
vt 0.468750 0.750000
vt 0.453125 0.250000
vt 0.453125 0.218750
vt 0.453125 0.656250
vt 0.453125 0.625000
vt 0.453125 0.187500
vt 0.453125 0.593750
vt 0.453125 0.156250
vt 0.453125 0.562500
vt 0.460938 1.000000
vt 0.453125 0.968750
vt 0.453125 0.125000
vt 0.453125 0.531250
vt 0.453125 0.937500
vt 0.453125 0.093750
vt 0.453125 0.500000
vt 0.453125 0.906250
vt 0.453125 0.062500
vt 0.453125 0.468750
vt 0.453125 0.875000
vt 0.453125 0.031250
vt 0.453125 0.437500
vt 0.453125 0.843750
vt 0.460938 0.000000
vt 0.453125 0.406250
vt 0.453125 0.812500
vt 0.453125 0.375000
vt 0.453125 0.781250
vt 0.453125 0.343750
vt 0.453125 0.750000
vt 0.453125 0.312500
vt 0.453125 0.718750
vt 0.453125 0.281250
vt 0.453125 0.687500
vt 0.437500 0.187500
vt 0.437500 0.156250
vt 0.437500 0.593750
vt 0.437500 0.562500
vt 0.445312 1.000000
vt 0.437500 0.968750
vt 0.437500 0.125000
vt 0.437500 0.531250
vt 0.437500 0.937500
vt 0.437500 0.093750
vt 0.437500 0.500000
vt 0.437500 0.906250
vt 0.437500 0.062500
vt 0.437500 0.468750
vt 0.437500 0.875000
vt 0.437500 0.031250
vt 0.437500 0.437500
vt 0.437500 0.843750
vt 0.445312 0.000000
vt 0.437500 0.406250
vt 0.437500 0.812500
vt 0.437500 0.375000
vt 0.437500 0.781250
vt 0.437500 0.343750
vt 0.437500 0.750000
vt 0.437500 0.312500
vt 0.437500 0.718750
vt 0.437500 0.281250
vt 0.437500 0.687500
vt 0.437500 0.250000
vt 0.437500 0.656250
vt 0.437500 0.218750
vt 0.437500 0.625000
vt 0.421875 0.125000
vt 0.421875 0.093750
vt 0.421875 0.531250
vt 0.421875 0.500000
vt 0.421875 0.937500
vt 0.421875 0.906250
vt 0.421875 0.062500
vt 0.421875 0.468750
vt 0.421875 0.875000
vt 0.421875 0.031250
vt 0.421875 0.437500
vt 0.421875 0.843750
vt 0.429688 0.000000
vt 0.421875 0.406250
vt 0.421875 0.812500
vt 0.421875 0.375000
vt 0.421875 0.781250
vt 0.421875 0.343750
vt 0.421875 0.750000
vt 0.421875 0.312500
vt 0.421875 0.718750
vt 0.421875 0.281250
vt 0.421875 0.687500
vt 0.421875 0.250000
vt 0.421875 0.656250
vt 0.421875 0.218750
vt 0.421875 0.625000
vt 0.421875 0.187500
vt 0.421875 0.593750
vt 0.421875 0.156250
vt 0.421875 0.562500
vt 0.429688 1.000000
vt 0.421875 0.968750
vt 0.406250 0.062500
vt 0.406250 0.031250
vt 0.406250 0.468750
vt 0.406250 0.437500
vt 0.406250 0.875000
vt 0.406250 0.843750
vt 0.414062 0.000000
vt 0.406250 0.406250
vt 0.406250 0.812500
vt 0.406250 0.375000
vt 0.406250 0.781250
vt 0.406250 0.343750
vt 0.406250 0.750000
vt 0.406250 0.312500
vt 0.406250 0.718750
vt 0.406250 0.281250
vt 0.406250 0.687500
vt 0.406250 0.250000
vt 0.406250 0.656250
vt 0.406250 0.218750
vt 0.406250 0.625000
vt 0.406250 0.187500
vt 0.406250 0.593750
vt 0.406250 0.156250
vt 0.406250 0.562500
vt 0.414062 1.000000
vt 0.406250 0.968750
vt 0.406250 0.125000
vt 0.406250 0.531250
vt 0.406250 0.937500
vt 0.406250 0.093750
vt 0.406250 0.500000
vt 0.406250 0.906250
vt 0.390625 0.406250
vt 0.390625 0.375000
vt 0.390625 0.812500
vt 0.390625 0.781250
vt 0.390625 0.343750
vt 0.390625 0.750000
vt 0.390625 0.312500
vt 0.390625 0.718750
vt 0.390625 0.281250
vt 0.390625 0.687500
vt 0.390625 0.250000
vt 0.390625 0.656250
vt 0.390625 0.218750
vt 0.390625 0.625000
vt 0.390625 0.187500
vt 0.390625 0.593750
vt 0.390625 0.156250
vt 0.390625 0.562500
vt 0.398438 1.000000
vt 0.390625 0.968750
vt 0.390625 0.125000
vt 0.390625 0.531250
vt 0.390625 0.937500
vt 0.390625 0.093750
vt 0.390625 0.500000
vt 0.390625 0.906250
vt 0.390625 0.062500
vt 0.390625 0.468750
vt 0.390625 0.875000
vt 0.390625 0.031250
vt 0.390625 0.437500
vt 0.390625 0.843750
vt 0.398438 0.000000
vt 0.375000 0.343750
vt 0.375000 0.312500
vt 0.375000 0.750000
vt 0.375000 0.718750
vt 0.375000 0.281250
vt 0.375000 0.687500
vt 0.375000 0.250000
vt 0.375000 0.656250
vt 0.375000 0.218750
vt 0.375000 0.625000
vt 0.375000 0.187500
vt 0.375000 0.593750
vt 0.375000 0.156250
vt 0.375000 0.562500
vt 0.382812 1.000000
vt 0.375000 0.968750
vt 0.375000 0.125000
vt 0.375000 0.531250
vt 0.375000 0.937500
vt 0.375000 0.093750
vt 0.375000 0.500000
vt 0.375000 0.906250
vt 0.375000 0.062500
vt 0.375000 0.468750
vt 0.375000 0.875000
vt 0.375000 0.031250
vt 0.375000 0.437500
vt 0.375000 0.843750
vt 0.382812 0.000000
vt 0.375000 0.406250
vt 0.375000 0.812500
vt 0.375000 0.375000
vt 0.375000 0.781250
vt 0.359375 0.281250
vt 0.359375 0.250000
vt 0.359375 0.687500
vt 0.359375 0.656250
vt 0.359375 0.218750
vt 0.359375 0.625000
vt 0.359375 0.187500
vt 0.359375 0.593750
vt 0.359375 0.156250
vt 0.359375 0.562500
vt 0.367188 1.000000
vt 0.359375 0.968750
vt 0.359375 0.125000
vt 0.359375 0.531250
vt 0.359375 0.937500
vt 0.359375 0.093750
vt 0.359375 0.500000
vt 0.359375 0.906250
vt 0.359375 0.062500
vt 0.359375 0.468750
vt 0.359375 0.875000
vt 0.359375 0.031250
vt 0.359375 0.437500
vt 0.359375 0.843750
vt 0.367188 0.000000
vt 0.359375 0.406250
vt 0.359375 0.812500
vt 0.359375 0.375000
vt 0.359375 0.781250
vt 0.359375 0.343750
vt 0.359375 0.750000
vt 0.359375 0.312500
vt 0.359375 0.718750
vt 0.343750 0.218750
vt 0.343750 0.187500
vt 0.343750 0.625000
vt 0.343750 0.593750
vt 0.343750 0.156250
vt 0.343750 0.562500
vt 0.351562 1.000000
vt 0.343750 0.968750
vt 0.343750 0.125000
vt 0.343750 0.531250
vt 0.343750 0.937500
vt 0.343750 0.093750
vt 0.343750 0.500000
vt 0.343750 0.906250
vt 0.343750 0.062500
vt 0.343750 0.468750
vt 0.343750 0.875000
vt 0.343750 0.031250
vt 0.343750 0.437500
vt 0.343750 0.843750
vt 0.351562 0.000000
vt 0.343750 0.406250
vt 0.343750 0.812500
vt 0.343750 0.375000
vt 0.343750 0.781250
vt 0.343750 0.343750
vt 0.343750 0.750000
vt 0.343750 0.312500
vt 0.343750 0.718750
vt 0.343750 0.281250
vt 0.343750 0.687500
vt 0.343750 0.250000
vt 0.343750 0.656250
vt 0.328125 0.750000
vt 0.328125 0.718750
vt 0.328125 0.312500
vt 0.328125 0.281250
vt 0.328125 0.687500
vt 0.328125 0.250000
vt 0.328125 0.656250
vt 0.328125 0.218750
vt 0.328125 0.625000
vt 0.328125 0.187500
vt 0.328125 0.593750
vt 0.328125 0.156250
vt 0.328125 0.562500
vt 0.335937 1.000000
vt 0.328125 0.968750
vt 0.328125 0.125000
vt 0.328125 0.531250
vt 0.328125 0.937500
vt 0.328125 0.093750
vt 0.328125 0.500000
vt 0.328125 0.906250
vt 0.328125 0.062500
vt 0.328125 0.468750
vt 0.328125 0.875000
vt 0.328125 0.031250
vt 0.328125 0.437500
vt 0.328125 0.843750
vt 0.335937 0.000000
vt 0.328125 0.406250
vt 0.328125 0.812500
vt 0.328125 0.375000
vt 0.328125 0.781250
vt 0.328125 0.343750
vt 0.312500 0.687500
vt 0.312500 0.656250
vt 0.312500 0.250000
vt 0.312500 0.218750
vt 0.312500 0.625000
vt 0.312500 0.187500
vt 0.312500 0.593750
vt 0.312500 0.156250
vt 0.312500 0.562500
vt 0.320312 1.000000
vt 0.312500 0.968750
vt 0.312500 0.125000
vt 0.312500 0.531250
vt 0.312500 0.937500
vt 0.312500 0.093750
vt 0.312500 0.500000
vt 0.312500 0.906250
vt 0.312500 0.062500
vt 0.312500 0.468750
vt 0.312500 0.875000
vt 0.312500 0.031250
vt 0.312500 0.437500
vt 0.312500 0.843750
vt 0.320312 0.000000
vt 0.312500 0.406250
vt 0.312500 0.812500
vt 0.312500 0.375000
vt 0.312500 0.781250
vt 0.312500 0.343750
vt 0.312500 0.750000
vt 0.312500 0.312500
vt 0.312500 0.718750
vt 0.312500 0.281250
vt 0.296875 0.625000
vt 0.296875 0.593750
vt 0.296875 0.187500
vt 0.296875 0.156250
vt 0.296875 0.562500
vt 0.304688 1.000000
vt 0.296875 0.968750
vt 0.296875 0.125000
vt 0.296875 0.531250
vt 0.296875 0.937500
vt 0.296875 0.093750
vt 0.296875 0.500000
vt 0.296875 0.906250
vt 0.296875 0.062500
vt 0.296875 0.468750
vt 0.296875 0.875000
vt 0.296875 0.031250
vt 0.296875 0.437500
vt 0.296875 0.843750
vt 0.304688 0.000000
vt 0.296875 0.406250
vt 0.296875 0.812500
vt 0.296875 0.375000
vt 0.296875 0.781250
vt 0.296875 0.343750
vt 0.296875 0.750000
vt 0.296875 0.312500
vt 0.296875 0.718750
vt 0.296875 0.281250
vt 0.296875 0.687500
vt 0.296875 0.250000
vt 0.296875 0.656250
vt 0.296875 0.218750
vt 0.281250 0.562500
vt 0.281250 0.531250
vt 0.281250 0.968750
vt 0.281250 0.937500
vt 0.281250 0.125000
vt 0.281250 0.093750
vt 0.281250 0.500000
vt 0.281250 0.906250
vt 0.281250 0.062500
vt 0.281250 0.468750
vt 0.281250 0.875000
vt 0.281250 0.031250
vt 0.281250 0.437500
vt 0.281250 0.843750
vt 0.289062 0.000000
vt 0.281250 0.406250
vt 0.281250 0.812500
vt 0.281250 0.375000
vt 0.281250 0.781250
vt 0.281250 0.343750
vt 0.281250 0.750000
vt 0.281250 0.312500
vt 0.281250 0.718750
vt 0.281250 0.281250
vt 0.281250 0.687500
vt 0.281250 0.250000
vt 0.281250 0.656250
vt 0.281250 0.218750
vt 0.281250 0.625000
vt 0.281250 0.187500
vt 0.281250 0.593750
vt 0.281250 0.156250
vt 0.289062 1.000000
vt 0.265625 0.500000
vt 0.265625 0.468750
vt 0.265625 0.906250
vt 0.265625 0.875000
vt 0.265625 0.062500
vt 0.265625 0.031250
vt 0.265625 0.437500
vt 0.265625 0.843750
vt 0.273438 0.000000
vt 0.265625 0.406250
vt 0.265625 0.812500
vt 0.265625 0.375000
vt 0.265625 0.781250
vt 0.265625 0.343750
vt 0.265625 0.750000
vt 0.265625 0.312500
vt 0.265625 0.718750
vt 0.265625 0.281250
vt 0.265625 0.687500
vt 0.265625 0.250000
vt 0.265625 0.656250
vt 0.265625 0.218750
vt 0.265625 0.625000
vt 0.265625 0.187500
vt 0.265625 0.593750
vt 0.265625 0.156250
vt 0.265625 0.562500
vt 0.273438 1.000000
vt 0.265625 0.968750
vt 0.265625 0.125000
vt 0.265625 0.531250
vt 0.265625 0.937500
vt 0.265625 0.093750
vt 0.250000 0.437500
vt 0.250000 0.406250
vt 0.250000 0.843750
vt 0.250000 0.812500
vt 0.250000 0.375000
vt 0.250000 0.781250
vt 0.250000 0.343750
vt 0.250000 0.750000
vt 0.250000 0.312500
vt 0.250000 0.718750
vt 0.250000 0.281250
vt 0.250000 0.687500
vt 0.250000 0.250000
vt 0.250000 0.656250
vt 0.250000 0.218750
vt 0.250000 0.625000
vt 0.250000 0.187500
vt 0.250000 0.593750
vt 0.250000 0.156250
vt 0.250000 0.562500
vt 0.257812 1.000000
vt 0.250000 0.968750
vt 0.250000 0.125000
vt 0.250000 0.531250
vt 0.250000 0.937500
vt 0.250000 0.093750
vt 0.250000 0.500000
vt 0.250000 0.906250
vt 0.250000 0.062500
vt 0.250000 0.468750
vt 0.250000 0.875000
vt 0.250000 0.031250
vt 0.257812 0.000000
vt 0.234375 0.375000
vt 0.234375 0.343750
vt 0.234375 0.781250
vt 0.234375 0.750000
vt 0.234375 0.312500
vt 0.234375 0.718750
vt 0.234375 0.281250
vt 0.234375 0.687500
vt 0.234375 0.250000
vt 0.234375 0.656250
vt 0.234375 0.218750
vt 0.234375 0.625000
vt 0.234375 0.187500
vt 0.234375 0.593750
vt 0.234375 0.156250
vt 0.234375 0.562500
vt 0.242187 1.000000
vt 0.234375 0.968750
vt 0.234375 0.125000
vt 0.234375 0.531250
vt 0.234375 0.937500
vt 0.234375 0.093750
vt 0.234375 0.500000
vt 0.234375 0.906250
vt 0.234375 0.062500
vt 0.234375 0.468750
vt 0.234375 0.875000
vt 0.234375 0.031250
vt 0.234375 0.437500
vt 0.234375 0.843750
vt 0.242187 0.000000
vt 0.234375 0.406250
vt 0.234375 0.812500
vt 0.218750 0.312500
vt 0.218750 0.281250
vt 0.218750 0.718750
vt 0.218750 0.687500
vt 0.218750 0.250000
vt 0.218750 0.656250
vt 0.218750 0.218750
vt 0.218750 0.625000
vt 0.218750 0.187500
vt 0.218750 0.593750
vt 0.218750 0.156250
vt 0.218750 0.562500
vt 0.226562 1.000000
vt 0.218750 0.968750
vt 0.218750 0.125000
vt 0.218750 0.531250
vt 0.218750 0.937500
vt 0.218750 0.093750
vt 0.218750 0.500000
vt 0.218750 0.906250
vt 0.218750 0.062500
vt 0.218750 0.468750
vt 0.218750 0.875000
vt 0.218750 0.031250
vt 0.218750 0.437500
vt 0.218750 0.843750
vt 0.226562 0.000000
vt 0.218750 0.406250
vt 0.218750 0.812500
vt 0.218750 0.375000
vt 0.218750 0.781250
vt 0.218750 0.343750
vt 0.218750 0.750000
vt 0.203125 0.250000
vt 0.203125 0.218750
vt 0.203125 0.656250
vt 0.203125 0.625000
vt 0.203125 0.187500
vt 0.203125 0.593750
vt 0.203125 0.156250
vt 0.203125 0.562500
vt 0.210938 1.000000
vt 0.203125 0.968750
vt 0.203125 0.125000
vt 0.203125 0.531250
vt 0.203125 0.937500
vt 0.203125 0.093750
vt 0.203125 0.500000
vt 0.203125 0.906250
vt 0.203125 0.062500
vt 0.203125 0.468750
vt 0.203125 0.875000
vt 0.203125 0.031250
vt 0.203125 0.437500
vt 0.203125 0.843750
vt 0.210938 0.000000
vt 0.203125 0.406250
vt 0.203125 0.812500
vt 0.203125 0.375000
vt 0.203125 0.781250
vt 0.203125 0.343750
vt 0.203125 0.750000
vt 0.203125 0.312500
vt 0.203125 0.718750
vt 0.203125 0.281250
vt 0.203125 0.687500
vt 0.187500 0.187500
vt 0.187500 0.156250
vt 0.187500 0.593750
vt 0.187500 0.562500
vt 0.195312 1.000000
vt 0.187500 0.968750
vt 0.187500 0.125000
vt 0.187500 0.531250
vt 0.187500 0.937500
vt 0.187500 0.093750
vt 0.187500 0.500000
vt 0.187500 0.906250
vt 0.187500 0.062500
vt 0.187500 0.468750
vt 0.187500 0.875000
vt 0.187500 0.031250
vt 0.187500 0.437500
vt 0.187500 0.843750
vt 0.195312 0.000000
vt 0.187500 0.406250
vt 0.187500 0.812500
vt 0.187500 0.375000
vt 0.187500 0.781250
vt 0.187500 0.343750
vt 0.187500 0.750000
vt 0.187500 0.312500
vt 0.187500 0.718750
vt 0.187500 0.281250
vt 0.187500 0.687500
vt 0.187500 0.250000
vt 0.187500 0.656250
vt 0.187500 0.218750
vt 0.187500 0.625000
vt 0.171875 0.125000
vt 0.171875 0.093750
vt 0.171875 0.531250
vt 0.171875 0.500000
vt 0.171875 0.937500
vt 0.171875 0.906250
vt 0.171875 0.062500
vt 0.171875 0.468750
vt 0.171875 0.875000
vt 0.171875 0.031250
vt 0.171875 0.437500
vt 0.171875 0.843750
vt 0.179687 0.000000
vt 0.171875 0.406250
vt 0.171875 0.812500
vt 0.171875 0.375000
vt 0.171875 0.781250
vt 0.171875 0.343750
vt 0.171875 0.750000
vt 0.171875 0.312500
vt 0.171875 0.718750
vt 0.171875 0.281250
vt 0.171875 0.687500
vt 0.171875 0.250000
vt 0.171875 0.656250
vt 0.171875 0.218750
vt 0.171875 0.625000
vt 0.171875 0.187500
vt 0.171875 0.593750
vt 0.171875 0.156250
vt 0.171875 0.562500
vt 0.179687 1.000000
vt 0.171875 0.968750
vt 0.156250 0.062500
vt 0.156250 0.031250
vt 0.156250 0.468750
vt 0.156250 0.437500
vt 0.156250 0.875000
vt 0.156250 0.843750
vt 0.164062 0.000000
vt 0.156250 0.406250
vt 0.156250 0.812500
vt 0.156250 0.375000
vt 0.156250 0.781250
vt 0.156250 0.343750
vt 0.156250 0.750000
vt 0.156250 0.312500
vt 0.156250 0.718750
vt 0.156250 0.281250
vt 0.156250 0.687500
vt 0.156250 0.250000
vt 0.156250 0.656250
vt 0.156250 0.218750
vt 0.156250 0.625000
vt 0.156250 0.187500
vt 0.156250 0.593750
vt 0.156250 0.156250
vt 0.156250 0.562500
vt 0.164062 1.000000
vt 0.156250 0.968750
vt 0.156250 0.125000
vt 0.156250 0.531250
vt 0.156250 0.937500
vt 0.156250 0.093750
vt 0.156250 0.500000
vt 0.156250 0.906250
vt 0.140625 0.406250
vt 0.140625 0.375000
vt 0.140625 0.812500
vt 0.140625 0.781250
vt 0.140625 0.343750
vt 0.140625 0.750000
vt 0.140625 0.312500
vt 0.140625 0.718750
vt 0.140625 0.281250
vt 0.140625 0.687500
vt 0.140625 0.250000
vt 0.140625 0.656250
vt 0.140625 0.218750
vt 0.140625 0.625000
vt 0.140625 0.187500
vt 0.140625 0.593750
vt 0.140625 0.156250
vt 0.140625 0.562500
vt 0.148438 1.000000
vt 0.140625 0.968750
vt 0.140625 0.125000
vt 0.140625 0.531250
vt 0.140625 0.937500
vt 0.140625 0.093750
vt 0.140625 0.500000
vt 0.140625 0.906250
vt 0.140625 0.062500
vt 0.140625 0.468750
vt 0.140625 0.875000
vt 0.140625 0.031250
vt 0.140625 0.437500
vt 0.140625 0.843750
vt 0.148438 0.000000
vt 0.125000 0.343750
vt 0.125000 0.312500
vt 0.125000 0.750000
vt 0.125000 0.718750
vt 0.125000 0.281250
vt 0.125000 0.687500
vt 0.125000 0.250000
vt 0.125000 0.656250
vt 0.125000 0.218750
vt 0.125000 0.625000
vt 0.125000 0.187500
vt 0.125000 0.593750
vt 0.125000 0.156250
vt 0.125000 0.562500
vt 0.132812 1.000000
vt 0.125000 0.968750
vt 0.125000 0.125000
vt 0.125000 0.531250
vt 0.125000 0.937500
vt 0.125000 0.093750
vt 0.125000 0.500000
vt 0.125000 0.906250
vt 0.125000 0.062500
vt 0.125000 0.468750
vt 0.125000 0.875000
vt 0.125000 0.031250
vt 0.125000 0.437500
vt 0.125000 0.843750
vt 0.132812 0.000000
vt 0.125000 0.406250
vt 0.125000 0.812500
vt 0.125000 0.375000
vt 0.125000 0.781250
vt 0.109375 0.281250
vt 0.109375 0.250000
vt 0.109375 0.687500
vt 0.109375 0.656250
vt 0.109375 0.218750
vt 0.109375 0.625000
vt 0.109375 0.187500
vt 0.109375 0.593750
vt 0.109375 0.156250
vt 0.109375 0.562500
vt 0.117188 1.000000
vt 0.109375 0.968750
vt 0.109375 0.125000
vt 0.109375 0.531250
vt 0.109375 0.937500
vt 0.109375 0.093750
vt 0.109375 0.500000
vt 0.109375 0.906250
vt 0.109375 0.062500
vt 0.109375 0.468750
vt 0.109375 0.875000
vt 0.109375 0.031250
vt 0.109375 0.437500
vt 0.109375 0.843750
vt 0.117188 0.000000
vt 0.109375 0.406250
vt 0.109375 0.812500
vt 0.109375 0.375000
vt 0.109375 0.781250
vt 0.109375 0.343750
vt 0.109375 0.750000
vt 0.109375 0.312500
vt 0.109375 0.718750
vt 0.093750 0.218750
vt 0.093750 0.187500
vt 0.093750 0.625000
vt 0.093750 0.593750
vt 0.093750 0.156250
vt 0.093750 0.562500
vt 0.101562 1.000000
vt 0.093750 0.968750
vt 0.093750 0.125000
vt 0.093750 0.531250
vt 0.093750 0.937500
vt 0.093750 0.093750
vt 0.093750 0.500000
vt 0.093750 0.906250
vt 0.093750 0.062500
vt 0.093750 0.468750
vt 0.093750 0.875000
vt 0.093750 0.031250
vt 0.093750 0.437500
vt 0.093750 0.843750
vt 0.101562 0.000000
vt 0.093750 0.406250
vt 0.093750 0.812500
vt 0.093750 0.375000
vt 0.093750 0.781250
vt 0.093750 0.343750
vt 0.093750 0.750000
vt 0.093750 0.312500
vt 0.093750 0.718750
vt 0.093750 0.281250
vt 0.093750 0.687500
vt 0.093750 0.250000
vt 0.093750 0.656250
vt 0.085937 1.000000
vt 0.078125 0.968750
vt 0.078125 0.156250
vt 0.078125 0.125000
vt 0.078125 0.562500
vt 0.078125 0.531250
vt 0.078125 0.937500
vt 0.078125 0.093750
vt 0.078125 0.500000
vt 0.078125 0.906250
vt 0.078125 0.062500
vt 0.078125 0.468750
vt 0.078125 0.875000
vt 0.078125 0.031250
vt 0.078125 0.437500
vt 0.078125 0.843750
vt 0.085937 0.000000
vt 0.078125 0.406250
vt 0.078125 0.812500
vt 0.078125 0.375000
vt 0.078125 0.781250
vt 0.078125 0.343750
vt 0.078125 0.750000
vt 0.078125 0.312500
vt 0.078125 0.718750
vt 0.078125 0.281250
vt 0.078125 0.687500
vt 0.078125 0.250000
vt 0.078125 0.656250
vt 0.078125 0.218750
vt 0.078125 0.625000
vt 0.078125 0.187500
vt 0.078125 0.593750
vt 0.062500 0.937500
vt 0.062500 0.906250
vt 0.062500 0.093750
vt 0.062500 0.062500
vt 0.062500 0.500000
vt 0.062500 0.468750
vt 0.062500 0.875000
vt 0.062500 0.031250
vt 0.062500 0.437500
vt 0.062500 0.843750
vt 0.070312 0.000000
vt 0.062500 0.406250
vt 0.062500 0.812500
vt 0.062500 0.375000
vt 0.062500 0.781250
vt 0.062500 0.343750
vt 0.062500 0.750000
vt 0.062500 0.312500
vt 0.062500 0.718750
vt 0.062500 0.281250
vt 0.062500 0.687500
vt 0.062500 0.250000
vt 0.062500 0.656250
vt 0.062500 0.218750
vt 0.062500 0.625000
vt 0.062500 0.187500
vt 0.062500 0.593750
vt 0.062500 0.156250
vt 0.062500 0.562500
vt 0.070312 1.000000
vt 0.062500 0.968750
vt 0.062500 0.125000
vt 0.062500 0.531250
vt 0.046875 0.875000
vt 0.046875 0.843750
vt 0.054688 0.000000
vt 0.046875 0.031250
vt 0.046875 0.437500
vt 0.046875 0.406250
vt 0.046875 0.812500
vt 0.046875 0.375000
vt 0.046875 0.781250
vt 0.046875 0.343750
vt 0.046875 0.750000
vt 0.046875 0.312500
vt 0.046875 0.718750
vt 0.046875 0.281250
vt 0.046875 0.687500
vt 0.046875 0.250000
vt 0.046875 0.656250
vt 0.046875 0.218750
vt 0.046875 0.625000
vt 0.046875 0.187500
vt 0.046875 0.593750
vt 0.046875 0.156250
vt 0.046875 0.562500
vt 0.054688 1.000000
vt 0.046875 0.968750
vt 0.046875 0.125000
vt 0.046875 0.531250
vt 0.046875 0.937500
vt 0.046875 0.093750
vt 0.046875 0.500000
vt 0.046875 0.906250
vt 0.046875 0.062500
vt 0.046875 0.468750
vt 0.031250 0.812500
vt 0.031250 0.781250
vt 0.031250 0.375000
vt 0.031250 0.343750
vt 0.031250 0.750000
vt 0.031250 0.312500
vt 0.031250 0.718750
vt 0.031250 0.281250
vt 0.031250 0.687500
vt 0.031250 0.250000
vt 0.031250 0.656250
vt 0.031250 0.218750
vt 0.031250 0.625000
vt 0.031250 0.187500
vt 0.031250 0.593750
vt 0.031250 0.156250
vt 0.031250 0.562500
vt 0.039062 1.000000
vt 0.031250 0.968750
vt 0.031250 0.125000
vt 0.031250 0.531250
vt 0.031250 0.937500
vt 0.031250 0.093750
vt 0.031250 0.500000
vt 0.031250 0.906250
vt 0.031250 0.062500
vt 0.031250 0.468750
vt 0.031250 0.875000
vt 0.031250 0.031250
vt 0.031250 0.437500
vt 0.031250 0.843750
vt 0.039062 0.000000
vt 0.031250 0.406250
vt 0.015625 0.750000
vt 0.015625 0.718750
vt 0.015625 0.312500
vt 0.015625 0.281250
vt 0.015625 0.687500
vt 0.015625 0.250000
vt 0.015625 0.656250
vt 0.015625 0.218750
vt 0.015625 0.625000
vt 0.015625 0.187500
vt 0.015625 0.593750
vt 0.015625 0.156250
vt 0.015625 0.562500
vt 0.023438 1.000000
vt 0.015625 0.968750
vt 0.015625 0.125000
vt 0.015625 0.531250
vt 0.015625 0.937500
vt 0.015625 0.093750
vt 0.015625 0.500000
vt 0.015625 0.906250
vt 0.015625 0.062500
vt 0.015625 0.468750
vt 0.015625 0.875000
vt 0.015625 0.031250
vt 0.015625 0.437500
vt 0.015625 0.843750
vt 0.023438 0.000000
vt 0.015625 0.406250
vt 0.015625 0.812500
vt 0.015625 0.375000
vt 0.015625 0.781250
vt 0.015625 0.343750
vt 0.000000 0.687500
vt 0.000000 0.656250
vt 0.000000 0.250000
vt 0.000000 0.218750
vt 0.000000 0.625000
vt 0.000000 0.187500
vt 0.000000 0.593750
vt 0.000000 0.156250
vt 0.000000 0.562500
vt 0.007812 1.000000
vt 0.000000 0.968750
vt 0.000000 0.125000
vt 0.000000 0.531250
vt 0.000000 0.937500
vt 0.000000 0.093750
vt 0.000000 0.500000
vt 0.000000 0.906250
vt 0.000000 0.062500
vt 0.000000 0.468750
vt 0.000000 0.875000
vt 0.000000 0.031250
vt 0.000000 0.437500
vt 0.000000 0.843750
vt 0.007812 0.000000
vt 0.000000 0.406250
vt 0.000000 0.812500
vt 0.000000 0.375000
vt 0.000000 0.781250
vt 0.000000 0.343750
vt 0.000000 0.750000
vt 0.000000 0.312500
vt 0.000000 0.718750
vt 0.000000 0.281250
vt 1.000000 0.593750
vt 1.000000 0.625000
vt 0.984375 0.625000
vt 0.984375 0.593750
vt 1.000000 0.156250
vt 1.000000 0.187500
vt 0.984375 0.187500
vt 0.984375 0.156250
vt 1.000000 0.562500
vt 0.984375 0.562500
vt 1.000000 0.968750
vt 0.992188 1.000000
vt 0.984375 0.968750
vt 1.000000 0.125000
vt 0.984375 0.125000
vt 1.000000 0.531250
vt 0.984375 0.531250
vt 1.000000 0.937500
vt 0.984375 0.937500
vt 1.000000 0.093750
vt 0.984375 0.093750
vt 1.000000 0.500000
vt 0.984375 0.500000
vt 1.000000 0.906250
vt 0.984375 0.906250
vt 1.000000 0.062500
vt 0.984375 0.062500
vt 1.000000 0.468750
vt 0.984375 0.468750
vt 1.000000 0.875000
vt 0.984375 0.875000
vt 1.000000 0.031250
vt 0.984375 0.031250
vt 1.000000 0.437500
vt 0.984375 0.437500
vt 1.000000 0.843750
vt 0.984375 0.843750
vt 0.992188 0.000000
vt 1.000000 0.406250
vt 0.984375 0.406250
vt 1.000000 0.812500
vt 0.984375 0.812500
vt 1.000000 0.375000
vt 0.984375 0.375000
vt 1.000000 0.781250
vt 0.984375 0.781250
vt 1.000000 0.343750
vt 0.984375 0.343750
vt 1.000000 0.750000
vt 0.984375 0.750000
vt 1.000000 0.312500
vt 0.984375 0.312500
vt 1.000000 0.718750
vt 0.984375 0.718750
vt 1.000000 0.281250
vt 0.984375 0.281250
vt 1.000000 0.687500
vt 0.984375 0.687500
vt 1.000000 0.250000
vt 0.984375 0.250000
vt 1.000000 0.656250
vt 0.984375 0.656250
vt 1.000000 0.218750
vt 0.984375 0.218750
vt 0.968750 0.562500
vt 0.968750 0.531250
vt 0.968750 0.968750
vt 0.968750 0.937500
vt 0.968750 0.125000
vt 0.968750 0.093750
vt 0.968750 0.500000
vt 0.968750 0.906250
vt 0.968750 0.062500
vt 0.968750 0.468750
vt 0.968750 0.875000
vt 0.968750 0.031250
vt 0.968750 0.437500
vt 0.968750 0.843750
vt 0.976562 0.000000
vt 0.968750 0.406250
vt 0.968750 0.812500
vt 0.968750 0.375000
vt 0.968750 0.781250
vt 0.968750 0.343750
vt 0.968750 0.750000
vt 0.968750 0.312500
vt 0.968750 0.718750
vt 0.968750 0.281250
vt 0.968750 0.687500
vt 0.968750 0.250000
vt 0.968750 0.656250
vt 0.968750 0.218750
vt 0.968750 0.625000
vt 0.968750 0.187500
vt 0.968750 0.593750
vt 0.968750 0.156250
vt 0.976562 1.000000
vt 0.953125 0.500000
vt 0.953125 0.468750
vt 0.953125 0.906250
vt 0.953125 0.875000
vt 0.953125 0.062500
vt 0.953125 0.031250
vt 0.953125 0.437500
vt 0.953125 0.843750
vt 0.960938 0.000000
vt 0.953125 0.406250
vt 0.953125 0.812500
vt 0.953125 0.375000
vt 0.953125 0.781250
vt 0.953125 0.343750
vt 0.953125 0.750000
vt 0.953125 0.312500
vt 0.953125 0.718750
vt 0.953125 0.281250
vt 0.953125 0.687500
vt 0.953125 0.250000
vt 0.953125 0.656250
vt 0.953125 0.218750
vt 0.953125 0.625000
vt 0.953125 0.187500
vt 0.953125 0.593750
vt 0.953125 0.156250
vt 0.953125 0.562500
vt 0.960938 1.000000
vt 0.953125 0.968750
vt 0.953125 0.125000
vt 0.953125 0.531250
vt 0.953125 0.937500
vt 0.953125 0.093750
vt 0.945312 1.000000
vt 0.937500 0.968750
vt 0.937500 0.156250
vt 0.937500 0.125000
vt 0.937500 0.562500
vt 0.937500 0.531250
vt 0.937500 0.937500
vt 0.937500 0.093750
vt 0.937500 0.500000
vt 0.937500 0.906250
vt 0.937500 0.062500
vt 0.937500 0.468750
vt 0.937500 0.875000
vt 0.937500 0.031250
vt 0.937500 0.437500
vt 0.937500 0.843750
vt 0.945312 0.000000
vt 0.937500 0.406250
vt 0.937500 0.812500
vt 0.937500 0.375000
vt 0.937500 0.781250
vt 0.937500 0.343750
vt 0.937500 0.750000
vt 0.937500 0.312500
vt 0.937500 0.718750
vt 0.937500 0.281250
vt 0.937500 0.687500
vt 0.937500 0.250000
vt 0.937500 0.656250
vt 0.937500 0.218750
vt 0.937500 0.625000
vt 0.937500 0.187500
vt 0.937500 0.593750
vt 0.921875 0.937500
vt 0.921875 0.906250
vt 0.921875 0.093750
vt 0.921875 0.062500
vt 0.921875 0.500000
vt 0.921875 0.468750
vt 0.921875 0.875000
vt 0.921875 0.031250
vt 0.921875 0.437500
vt 0.921875 0.843750
vt 0.929687 0.000000
vt 0.921875 0.406250
vt 0.921875 0.812500
vt 0.921875 0.375000
vt 0.921875 0.781250
vt 0.921875 0.343750
vt 0.921875 0.750000
vt 0.921875 0.312500
vt 0.921875 0.718750
vt 0.921875 0.281250
vt 0.921875 0.687500
vt 0.921875 0.250000
vt 0.921875 0.656250
vt 0.921875 0.218750
vt 0.921875 0.625000
vt 0.921875 0.187500
vt 0.921875 0.593750
vt 0.921875 0.156250
vt 0.921875 0.562500
vt 0.929687 1.000000
vt 0.921875 0.968750
vt 0.921875 0.125000
vt 0.921875 0.531250
vt 0.906250 0.875000
vt 0.906250 0.843750
vt 0.914062 0.000000
vt 0.906250 0.031250
vt 0.906250 0.437500
vt 0.906250 0.406250
vt 0.906250 0.812500
vt 0.906250 0.375000
vt 0.906250 0.781250
vt 0.906250 0.343750
vt 0.906250 0.750000
vt 0.906250 0.312500
vt 0.906250 0.718750
vt 0.906250 0.281250
vt 0.906250 0.687500
vt 0.906250 0.250000
vt 0.906250 0.656250
vt 0.906250 0.218750
vt 0.906250 0.625000
vt 0.906250 0.187500
vt 0.906250 0.593750
vt 0.906250 0.156250
vt 0.906250 0.562500
vt 0.914062 1.000000
vt 0.906250 0.968750
vt 0.906250 0.125000
vt 0.906250 0.531250
vt 0.906250 0.937500
vt 0.906250 0.093750
vt 0.906250 0.500000
vt 0.906250 0.906250
vt 0.906250 0.062500
vt 0.906250 0.468750
vt 0.890625 0.812500
vt 0.890625 0.781250
vt 0.890625 0.375000
vt 0.890625 0.343750
vt 0.890625 0.750000
vt 0.890625 0.312500
vt 0.890625 0.718750
vt 0.890625 0.281250
vt 0.890625 0.687500
vt 0.890625 0.250000
vt 0.890625 0.656250
vt 0.890625 0.218750
vt 0.890625 0.625000
vt 0.890625 0.187500
vt 0.890625 0.593750
vt 0.890625 0.156250
vt 0.890625 0.562500
vt 0.898438 1.000000
vt 0.890625 0.968750
vt 0.890625 0.125000
vt 0.890625 0.531250
vt 0.890625 0.937500
vt 0.890625 0.093750
vt 0.890625 0.500000
vt 0.890625 0.906250
vt 0.890625 0.062500
vt 0.890625 0.468750
vt 0.890625 0.875000
vt 0.890625 0.031250
vt 0.890625 0.437500
vt 0.890625 0.843750
vt 0.898438 0.000000
vt 0.890625 0.406250
vt 0.875000 0.750000
vt 0.875000 0.718750
vt 0.875000 0.312500
vt 0.875000 0.281250
vt 0.875000 0.687500
vt 0.875000 0.250000
vt 0.875000 0.656250
vt 0.875000 0.218750
vt 0.875000 0.625000
vt 0.875000 0.187500
vt 0.875000 0.593750
vt 0.875000 0.156250
vt 0.875000 0.562500
vt 0.882812 1.000000
vt 0.875000 0.968750
vt 0.875000 0.125000
vt 0.875000 0.531250
vt 0.875000 0.937500
vt 0.875000 0.093750
vt 0.875000 0.500000
vt 0.875000 0.906250
vt 0.875000 0.062500
vt 0.875000 0.468750
vt 0.875000 0.875000
vt 0.875000 0.031250
vt 0.875000 0.437500
vt 0.875000 0.843750
vt 0.882812 0.000000
vt 0.875000 0.406250
vt 0.875000 0.812500
vt 0.875000 0.375000
vt 0.875000 0.781250
vt 0.875000 0.343750
vt 0.859375 0.687500
vt 0.859375 0.656250
vt 0.859375 0.250000
vt 0.859375 0.218750
vt 0.859375 0.625000
vt 0.859375 0.187500
vt 0.859375 0.593750
vt 0.859375 0.156250
vt 0.859375 0.562500
vt 0.867188 1.000000
vt 0.859375 0.968750
vt 0.859375 0.125000
vt 0.859375 0.531250
vt 0.859375 0.937500
vt 0.859375 0.093750
vt 0.859375 0.500000
vt 0.859375 0.906250
vt 0.859375 0.062500
vt 0.859375 0.468750
vt 0.859375 0.875000
vt 0.859375 0.031250
vt 0.859375 0.437500
vt 0.859375 0.843750
vt 0.867188 0.000000
vt 0.859375 0.406250
vt 0.859375 0.812500
vt 0.859375 0.375000
vt 0.859375 0.781250
vt 0.859375 0.343750
vt 0.859375 0.750000
vt 0.859375 0.312500
vt 0.859375 0.718750
vt 0.859375 0.281250
vt 0.843750 0.625000
vt 0.843750 0.593750
vt 0.843750 0.187500
vt 0.843750 0.156250
vt 0.843750 0.562500
vt 0.851562 1.000000
vt 0.843750 0.968750
vt 0.843750 0.125000
vt 0.843750 0.531250
vt 0.843750 0.937500
vt 0.843750 0.093750
vt 0.843750 0.500000
vt 0.843750 0.906250
vt 0.843750 0.062500
vt 0.843750 0.468750
vt 0.843750 0.875000
vt 0.843750 0.031250
vt 0.843750 0.437500
vt 0.843750 0.843750
vt 0.851562 0.000000
vt 0.843750 0.406250
vt 0.843750 0.812500
vt 0.843750 0.375000
vt 0.843750 0.781250
vt 0.843750 0.343750
vt 0.843750 0.750000
vt 0.843750 0.312500
vt 0.843750 0.718750
vt 0.843750 0.281250
vt 0.843750 0.687500
vt 0.843750 0.250000
vt 0.843750 0.656250
vt 0.843750 0.218750
vt 0.828125 0.562500
vt 0.828125 0.531250
vt 0.828125 0.968750
vt 0.828125 0.937500
vt 0.828125 0.125000
vt 0.828125 0.093750
vt 0.828125 0.500000
vt 0.828125 0.906250
vt 0.828125 0.062500
vt 0.828125 0.468750
vt 0.828125 0.875000
vt 0.828125 0.031250
vt 0.828125 0.437500
vt 0.828125 0.843750
vt 0.835938 0.000000
vt 0.828125 0.406250
vt 0.828125 0.812500
vt 0.828125 0.375000
vt 0.828125 0.781250
vt 0.828125 0.343750
vt 0.828125 0.750000
vt 0.828125 0.312500
vt 0.828125 0.718750
vt 0.828125 0.281250
vt 0.828125 0.687500
vt 0.828125 0.250000
vt 0.828125 0.656250
vt 0.828125 0.218750
vt 0.828125 0.625000
vt 0.828125 0.187500
vt 0.828125 0.593750
vt 0.828125 0.156250
vt 0.835938 1.000000
vt 0.812500 0.500000
vt 0.812500 0.468750
vt 0.812500 0.906250
vt 0.812500 0.875000
vt 0.812500 0.062500
vt 0.812500 0.031250
vt 0.812500 0.437500
vt 0.812500 0.843750
vt 0.820312 0.000000
vt 0.812500 0.406250
vt 0.812500 0.812500
vt 0.812500 0.375000
vt 0.812500 0.781250
vt 0.812500 0.343750
vt 0.812500 0.750000
vt 0.812500 0.312500
vt 0.812500 0.718750
vt 0.812500 0.281250
vt 0.812500 0.687500
vt 0.812500 0.250000
vt 0.812500 0.656250
vt 0.812500 0.218750
vt 0.812500 0.625000
vt 0.812500 0.187500
vt 0.812500 0.593750
vt 0.812500 0.156250
vt 0.812500 0.562500
vt 0.820312 1.000000
vt 0.812500 0.968750
vt 0.812500 0.125000
vt 0.812500 0.531250
vt 0.812500 0.937500
vt 0.812500 0.093750
vt 0.796875 0.437500
vt 0.796875 0.406250
vt 0.796875 0.843750
vt 0.796875 0.812500
vt 0.796875 0.375000
vt 0.796875 0.781250
vt 0.796875 0.343750
vt 0.796875 0.750000
vt 0.796875 0.312500
vt 0.796875 0.718750
vt 0.796875 0.281250
vt 0.796875 0.687500
vt 0.796875 0.250000
vt 0.796875 0.656250
vt 0.796875 0.218750
vt 0.796875 0.625000
vt 0.796875 0.187500
vt 0.796875 0.593750
vt 0.796875 0.156250
vt 0.796875 0.562500
vt 0.804688 1.000000
vt 0.796875 0.968750
vt 0.796875 0.125000
vt 0.796875 0.531250
vt 0.796875 0.937500
vt 0.796875 0.093750
vt 0.796875 0.500000
vt 0.796875 0.906250
vt 0.796875 0.062500
vt 0.796875 0.468750
vt 0.796875 0.875000
vt 0.796875 0.031250
vt 0.804688 0.000000
vt 0.781250 0.375000
vt 0.781250 0.343750
vt 0.781250 0.781250
vt 0.781250 0.750000
vt 0.781250 0.312500
vt 0.781250 0.718750
vt 0.781250 0.281250
vt 0.781250 0.687500
vt 0.781250 0.250000
vt 0.781250 0.656250
vt 0.781250 0.218750
vt 0.781250 0.625000
vt 0.781250 0.187500
vt 0.781250 0.593750
vt 0.781250 0.156250
vt 0.781250 0.562500
vt 0.789062 1.000000
vt 0.781250 0.968750
vt 0.781250 0.125000
vt 0.781250 0.531250
vt 0.781250 0.937500
vt 0.781250 0.093750
vt 0.781250 0.500000
vt 0.781250 0.906250
vt 0.781250 0.062500
vt 0.781250 0.468750
vt 0.781250 0.875000
vt 0.781250 0.031250
vt 0.781250 0.437500
vt 0.781250 0.843750
vt 0.789062 0.000000
vt 0.781250 0.406250
vt 0.781250 0.812500
vt 0.765625 0.312500
vt 0.765625 0.281250
vt 0.765625 0.718750
vt 0.765625 0.687500
vt 0.765625 0.250000
vt 0.765625 0.656250
vt 0.765625 0.218750
vt 0.765625 0.625000
vt 0.765625 0.187500
vt 0.765625 0.593750
vt 0.765625 0.156250
vt 0.765625 0.562500
vt 0.773438 1.000000
vt 0.765625 0.968750
vt 0.765625 0.125000
vt 0.765625 0.531250
vt 0.765625 0.937500
vt 0.765625 0.093750
vt 0.765625 0.500000
vt 0.765625 0.906250
vt 0.765625 0.062500
vt 0.765625 0.468750
vt 0.765625 0.875000
vt 0.765625 0.031250
vt 0.765625 0.437500
vt 0.765625 0.843750
vt 0.773438 0.000000
vt 0.765625 0.406250
vt 0.765625 0.812500
vt 0.765625 0.375000
vt 0.765625 0.781250
vt 0.765625 0.343750
vt 0.765625 0.750000
vt 0.757812 1.000000
vt 0.757812 0.000000
s 0
f 1980/1/1 1979/2/1 37/3/1 38/4/1
f 1976/5/2 1975/6/2 24/7/2 25/8/2
f 1981/9/3 1980/1/3 38/4/3 39/10/3
f 5/11/4 1976/5/4 25/8/4 26/12/4
f 1982/13/5 1981/9/5 39/10/5 40/14/5
f 6/15/6 5/11/6 26/12/6 27/16/6
f 1983/17/7 1982/13/7 40/14/7 41/18/7
f 7/19/8 6/15/8 27/16/8 28/20/8
f 1984/21/9 1983/17/9 41/18/9 42/22/9
f 1977/23/10 7/19/10 28/20/10 29/24/10
f 1/25/11 1039/26/11 16/27/11
f 1985/28/12 1984/21/12 42/22/12 43/29/12
f 8/30/13 1977/23/13 29/24/13 30/31/13
f 2/32/14 1/25/14 16/27/14 17/33/14
f 14/34/15 1985/28/15 43/29/15 44/35/15
f 9/36/16 8/30/16 30/31/16 31/37/16
f 3/38/17 2/32/17 17/33/17 18/39/17
f 1986/40/18 14/34/18 44/35/18 45/41/18
f 10/42/19 9/36/19 31/37/19 32/43/19
f 1971/44/20 3/38/20 18/39/20 19/45/20
f 15/46/21 1986/40/21 45/41/21 46/47/21
f 1978/48/22 10/42/22 32/43/22 33/49/22
f 4/50/23 1971/44/23 19/45/23 20/51/23
f 1226/52/24 15/46/24 46/47/24
f 11/53/25 1978/48/25 33/49/25 34/54/25
f 1972/55/26 4/50/26 20/51/26 21/56/26
f 12/57/27 11/53/27 34/54/27 35/58/27
f 1973/59/28 1972/55/28 21/56/28 22/60/28
f 13/61/29 12/57/29 35/58/29 36/62/29
f 1974/63/30 1973/59/30 22/60/30 23/64/30
f 1979/2/31 13/61/31 36/62/31 37/3/31
f 1975/6/32 1974/63/32 23/64/32 24/7/32
f 33/49/33 32/43/33 63/65/33 64/66/33
f 20/51/34 19/45/34 50/67/34 51/68/34
f 1226/69/35 46/47/35 77/70/35
f 34/54/36 33/49/36 64/66/36 65/71/36
f 21/56/37 20/51/37 51/68/37 52/72/37
f 35/58/38 34/54/38 65/71/38 66/73/38
f 22/60/39 21/56/39 52/72/39 53/74/39
f 36/62/40 35/58/40 66/73/40 67/75/40
f 23/64/41 22/60/41 53/74/41 54/76/41
f 37/3/42 36/62/42 67/75/42 68/77/42
f 24/7/43 23/64/43 54/76/43 55/78/43
f 38/4/44 37/3/44 68/77/44 69/79/44
f 25/8/45 24/7/45 55/78/45 56/80/45
f 39/10/46 38/4/46 69/79/46 70/81/46
f 26/12/47 25/8/47 56/80/47 57/82/47
f 40/14/48 39/10/48 70/81/48 71/83/48
f 27/16/49 26/12/49 57/82/49 58/84/49
f 41/18/50 40/14/50 71/83/50 72/85/50
f 28/20/51 27/16/51 58/84/51 59/86/51
f 42/22/52 41/18/52 72/85/52 73/87/52
f 29/24/53 28/20/53 59/86/53 60/88/53
f 16/27/54 1039/89/54 47/90/54
f 43/29/55 42/22/55 73/87/55 74/91/55
f 30/31/56 29/24/56 60/88/56 61/92/56
f 17/33/57 16/27/57 47/90/57 48/93/57
f 44/35/58 43/29/58 74/91/58 75/94/58
f 31/37/59 30/31/59 61/92/59 62/95/59
f 18/39/60 17/33/60 48/93/60 49/96/60
f 45/41/61 44/35/61 75/94/61 76/97/61
f 32/43/62 31/37/62 62/95/62 63/65/62
f 19/45/63 18/39/63 49/96/63 50/67/63
f 46/47/64 45/41/64 76/97/64 77/70/64
f 66/73/65 65/71/65 96/98/65 97/99/65
f 53/74/66 52/72/66 83/100/66 84/101/66
f 67/75/67 66/73/67 97/99/67 98/102/67
f 54/76/68 53/74/68 84/101/68 85/103/68
f 68/77/69 67/75/69 98/102/69 99/104/69
f 55/78/70 54/76/70 85/103/70 86/105/70
f 69/79/71 68/77/71 99/104/71 100/106/71
f 56/80/72 55/78/72 86/105/72 87/107/72
f 70/81/73 69/79/73 100/106/73 101/108/73
f 57/82/74 56/80/74 87/107/74 88/109/74
f 71/83/75 70/81/75 101/108/75 102/110/75
f 58/84/76 57/82/76 88/109/76 89/111/76
f 72/85/77 71/83/77 102/110/77 103/112/77
f 59/86/78 58/84/78 89/111/78 90/113/78
f 73/87/79 72/85/79 103/112/79 104/114/79
f 60/88/80 59/86/80 90/113/80 91/115/80
f 47/90/81 1039/116/81 78/117/81
f 74/91/82 73/87/82 104/114/82 105/118/82
f 61/92/83 60/88/83 91/115/83 92/119/83
f 48/93/84 47/90/84 78/117/84 79/120/84
f 75/94/85 74/91/85 105/118/85 106/121/85
f 62/95/86 61/92/86 92/119/86 93/122/86
f 49/96/87 48/93/87 79/120/87 80/123/87
f 76/97/88 75/94/88 106/121/88 107/124/88
f 63/65/89 62/95/89 93/122/89 94/125/89
f 50/67/90 49/96/90 80/123/90 81/126/90
f 77/70/91 76/97/91 107/124/91 108/127/91
f 64/66/92 63/65/92 94/125/92 95/128/92
f 51/68/93 50/67/93 81/126/93 82/129/93
f 1226/130/94 77/70/94 108/127/94
f 65/71/95 64/66/95 95/128/95 96/98/95
f 52/72/96 51/68/96 82/129/96 83/100/96
f 99/104/97 98/102/97 129/131/97 130/132/97
f 86/105/98 85/103/98 116/133/98 117/134/98
f 100/106/99 99/104/99 130/132/99 131/135/99
f 87/107/100 86/105/100 117/134/100 118/136/100
f 101/108/101 100/106/101 131/135/101 132/137/101
f 88/109/102 87/107/102 118/136/102 119/138/102
f 102/110/103 101/108/103 132/137/103 133/139/103
f 89/111/104 88/109/104 119/138/104 120/140/104
f 103/112/105 102/110/105 133/139/105 134/141/105
f 90/113/106 89/111/106 120/140/106 121/142/106
f 104/114/107 103/112/107 134/141/107 135/143/107
f 91/115/108 90/113/108 121/142/108 122/144/108
f 78/117/109 1039/145/109 109/146/109
f 105/118/110 104/114/110 135/143/110 136/147/110
f 92/119/111 91/115/111 122/144/111 123/148/111
f 79/120/112 78/117/112 109/146/112 110/149/112
f 106/121/113 105/118/113 136/147/113 137/150/113
f 93/122/114 92/119/114 123/148/114 124/151/114
f 80/123/115 79/120/115 110/149/115 111/152/115
f 107/124/116 106/121/116 137/150/116 138/153/116
f 94/125/117 93/122/117 124/151/117 125/154/117
f 81/126/118 80/123/118 111/152/118 112/155/118
f 108/127/119 107/124/119 138/153/119 139/156/119
f 95/128/120 94/125/120 125/154/120 126/157/120
f 82/129/121 81/126/121 112/155/121 113/158/121
f 1226/159/122 108/127/122 139/156/122
f 96/98/123 95/128/123 126/157/123 127/160/123
f 83/100/124 82/129/124 113/158/124 114/161/124
f 97/99/125 96/98/125 127/160/125 128/162/125
f 84/101/126 83/100/126 114/161/126 115/163/126
f 98/102/127 97/99/127 128/162/127 129/131/127
f 85/103/128 84/101/128 115/163/128 116/133/128
f 132/137/129 131/135/129 162/164/129 163/165/129
f 119/138/130 118/136/130 149/166/130 150/167/130
f 133/139/131 132/137/131 163/165/131 164/168/131
f 120/140/132 119/138/132 150/167/132 151/169/132
f 134/141/133 133/139/133 164/168/133 165/170/133
f 121/142/134 120/140/134 151/169/134 152/171/134
f 135/143/135 134/141/135 165/170/135 166/172/135
f 122/144/136 121/142/136 152/171/136 153/173/136
f 109/146/137 1039/174/137 140/175/137
f 136/147/138 135/143/138 166/172/138 167/176/138
f 123/148/139 122/144/139 153/173/139 154/177/139
f 110/149/140 109/146/140 140/175/140 141/178/140
f 137/150/141 136/147/141 167/176/141 168/179/141
f 124/151/142 123/148/142 154/177/142 155/180/142
f 111/152/143 110/149/143 141/178/143 142/181/143
f 138/153/144 137/150/144 168/179/144 169/182/144
f 125/154/145 124/151/145 155/180/145 156/183/145
f 112/155/146 111/152/146 142/181/146 143/184/146
f 139/156/147 138/153/147 169/182/147 170/185/147
f 126/157/148 125/154/148 156/183/148 157/186/148
f 113/158/149 112/155/149 143/184/149 144/187/149
f 1226/188/150 139/156/150 170/185/150
f 127/160/151 126/157/151 157/186/151 158/189/151
f 114/161/152 113/158/152 144/187/152 145/190/152
f 128/162/153 127/160/153 158/189/153 159/191/153
f 115/163/154 114/161/154 145/190/154 146/192/154
f 129/131/155 128/162/155 159/191/155 160/193/155
f 116/133/156 115/163/156 146/192/156 147/194/156
f 130/132/157 129/131/157 160/193/157 161/195/157
f 117/134/158 116/133/158 147/194/158 148/196/158
f 131/135/159 130/132/159 161/195/159 162/164/159
f 118/136/160 117/134/160 148/196/160 149/166/160
f 165/170/161 164/168/161 195/197/161 196/198/161
f 152/171/162 151/169/162 182/199/162 183/200/162
f 166/172/163 165/170/163 196/198/163 197/201/163
f 153/173/164 152/171/164 183/200/164 184/202/164
f 140/175/165 1039/203/165 171/204/165
f 167/176/166 166/172/166 197/201/166 198/205/166
f 154/177/167 153/173/167 184/202/167 185/206/167
f 141/178/168 140/175/168 171/204/168 172/207/168
f 168/179/169 167/176/169 198/205/169 199/208/169
f 155/180/170 154/177/170 185/206/170 186/209/170
f 142/181/171 141/178/171 172/207/171 173/210/171
f 169/182/172 168/179/172 199/208/172 200/211/172
f 156/183/173 155/180/173 186/209/173 187/212/173
f 143/184/174 142/181/174 173/210/174 174/213/174
f 170/185/175 169/182/175 200/211/175 201/214/175
f 157/186/176 156/183/176 187/212/176 188/215/176
f 144/187/177 143/184/177 174/213/177 175/216/177
f 1226/217/178 170/185/178 201/214/178
f 158/189/179 157/186/179 188/215/179 189/218/179
f 145/190/180 144/187/180 175/216/180 176/219/180
f 159/191/181 158/189/181 189/218/181 190/220/181
f 146/192/182 145/190/182 176/219/182 177/221/182
f 160/193/183 159/191/183 190/220/183 191/222/183
f 147/194/184 146/192/184 177/221/184 178/223/184
f 161/195/185 160/193/185 191/222/185 192/224/185
f 148/196/186 147/194/186 178/223/186 179/225/186
f 162/164/187 161/195/187 192/224/187 193/226/187
f 149/166/188 148/196/188 179/225/188 180/227/188
f 163/165/189 162/164/189 193/226/189 194/228/189
f 150/167/190 149/166/190 180/227/190 181/229/190
f 164/168/191 163/165/191 194/228/191 195/197/191
f 151/169/192 150/167/192 181/229/192 182/199/192
f 171/204/193 1039/230/193 202/231/193
f 198/205/194 197/201/194 228/232/194 229/233/194
f 185/206/195 184/202/195 215/234/195 216/235/195
f 172/207/196 171/204/196 202/231/196 203/236/196
f 199/208/197 198/205/197 229/233/197 230/237/197
f 186/209/198 185/206/198 216/235/198 217/238/198
f 173/210/199 172/207/199 203/236/199 204/239/199
f 200/211/200 199/208/200 230/237/200 231/240/200
f 187/212/201 186/209/201 217/238/201 218/241/201
f 174/213/202 173/210/202 204/239/202 205/242/202
f 201/214/203 200/211/203 231/240/203 232/243/203
f 188/215/204 187/212/204 218/241/204 219/244/204
f 175/216/205 174/213/205 205/242/205 206/245/205
f 1226/246/206 201/214/206 232/243/206
f 189/218/207 188/215/207 219/244/207 220/247/207
f 176/219/208 175/216/208 206/245/208 207/248/208
f 190/220/209 189/218/209 220/247/209 221/249/209
f 177/221/210 176/219/210 207/248/210 208/250/210
f 191/222/211 190/220/211 221/249/211 222/251/211
f 178/223/212 177/221/212 208/250/212 209/252/212
f 192/224/213 191/222/213 222/251/213 223/253/213
f 179/225/214 178/223/214 209/252/214 210/254/214
f 193/226/215 192/224/215 223/253/215 224/255/215
f 180/227/216 179/225/216 210/254/216 211/256/216
f 194/228/217 193/226/217 224/255/217 225/257/217
f 181/229/218 180/227/218 211/256/218 212/258/218
f 195/197/219 194/228/219 225/257/219 226/259/219
f 182/199/220 181/229/220 212/258/220 213/260/220
f 196/198/221 195/197/221 226/259/221 227/261/221
f 183/200/222 182/199/222 213/260/222 214/262/222
f 197/201/223 196/198/223 227/261/223 228/232/223
f 184/202/224 183/200/224 214/262/224 215/234/224
f 204/239/225 203/236/225 234/263/225 235/264/225
f 231/240/226 230/237/226 261/265/226 262/266/226
f 218/241/227 217/238/227 248/267/227 249/268/227
f 205/242/228 204/239/228 235/264/228 236/269/228
f 232/243/229 231/240/229 262/266/229 263/270/229
f 219/244/230 218/241/230 249/268/230 250/271/230
f 206/245/231 205/242/231 236/269/231 237/272/231
f 1226/273/232 232/243/232 263/270/232
f 220/247/233 219/244/233 250/271/233 251/274/233
f 207/248/234 206/245/234 237/272/234 238/275/234
f 221/249/235 220/247/235 251/274/235 252/276/235
f 208/250/236 207/248/236 238/275/236 239/277/236
f 222/251/237 221/249/237 252/276/237 253/278/237
f 209/252/238 208/250/238 239/277/238 240/279/238
f 223/253/239 222/251/239 253/278/239 254/280/239
f 210/254/240 209/252/240 240/279/240 241/281/240
f 224/255/241 223/253/241 254/280/241 255/282/241
f 211/256/242 210/254/242 241/281/242 242/283/242
f 225/257/243 224/255/243 255/282/243 256/284/243
f 212/258/244 211/256/244 242/283/244 243/285/244
f 226/259/245 225/257/245 256/284/245 257/286/245
f 213/260/246 212/258/246 243/285/246 244/287/246
f 227/261/247 226/259/247 257/286/247 258/288/247
f 214/262/248 213/260/248 244/287/248 245/289/248
f 228/232/249 227/261/249 258/288/249 259/290/249
f 215/234/250 214/262/250 245/289/250 246/291/250
f 202/231/251 1039/292/251 233/293/251
f 229/233/252 228/232/252 259/290/252 260/294/252
f 216/235/253 215/234/253 246/291/253 247/295/253
f 203/236/254 202/231/254 233/293/254 234/263/254
f 230/237/255 229/233/255 260/294/255 261/265/255
f 217/238/256 216/235/256 247/295/256 248/267/256
f 237/272/257 236/269/257 267/296/257 268/297/257
f 1226/298/258 263/270/258 294/299/258
f 251/274/259 250/271/259 281/300/259 282/301/259
f 238/275/260 237/272/260 268/297/260 269/302/260
f 252/276/261 251/274/261 282/301/261 283/303/261
f 239/277/262 238/275/262 269/302/262 270/304/262
f 253/278/263 252/276/263 283/303/263 284/305/263
f 240/279/264 239/277/264 270/304/264 271/306/264
f 254/280/265 253/278/265 284/305/265 285/307/265
f 241/281/266 240/279/266 271/306/266 272/308/266
f 255/282/267 254/280/267 285/307/267 286/309/267
f 242/283/268 241/281/268 272/308/268 273/310/268
f 256/284/269 255/282/269 286/309/269 287/311/269
f 243/285/270 242/283/270 273/310/270 274/312/270
f 257/286/271 256/284/271 287/311/271 288/313/271
f 244/287/272 243/285/272 274/312/272 275/314/272
f 258/288/273 257/286/273 288/313/273 289/315/273
f 245/289/274 244/287/274 275/314/274 276/316/274
f 259/290/275 258/288/275 289/315/275 290/317/275
f 246/291/276 245/289/276 276/316/276 277/318/276
f 233/293/277 1039/319/277 264/320/277
f 260/294/278 259/290/278 290/317/278 291/321/278
f 247/295/279 246/291/279 277/318/279 278/322/279
f 234/263/280 233/293/280 264/320/280 265/323/280
f 261/265/281 260/294/281 291/321/281 292/324/281
f 248/267/282 247/295/282 278/322/282 279/325/282
f 235/264/283 234/263/283 265/323/283 266/326/283
f 262/266/284 261/265/284 292/324/284 293/327/284
f 249/268/285 248/267/285 279/325/285 280/328/285
f 236/269/286 235/264/286 266/326/286 267/296/286
f 263/270/287 262/266/287 293/327/287 294/299/287
f 250/271/288 249/268/288 280/328/288 281/300/288
f 270/304/289 269/302/289 300/329/289 301/330/289
f 284/305/290 283/303/290 314/331/290 315/332/290
f 271/306/291 270/304/291 301/330/291 302/333/291
f 285/307/292 284/305/292 315/332/292 316/334/292
f 272/308/293 271/306/293 302/333/293 303/335/293
f 286/309/294 285/307/294 316/334/294 317/336/294
f 273/310/295 272/308/295 303/335/295 304/337/295
f 287/311/296 286/309/296 317/336/296 318/338/296
f 274/312/297 273/310/297 304/337/297 305/339/297
f 288/313/298 287/311/298 318/338/298 319/340/298
f 275/314/299 274/312/299 305/339/299 306/341/299
f 289/315/300 288/313/300 319/340/300 320/342/300
f 276/316/301 275/314/301 306/341/301 307/343/301
f 290/317/302 289/315/302 320/342/302 321/344/302
f 277/318/303 276/316/303 307/343/303 308/345/303
f 264/320/304 1039/346/304 295/347/304
f 291/321/305 290/317/305 321/344/305 322/348/305
f 278/322/306 277/318/306 308/345/306 309/349/306
f 265/323/307 264/320/307 295/347/307 296/350/307
f 292/324/308 291/321/308 322/348/308 323/351/308
f 279/325/309 278/322/309 309/349/309 310/352/309
f 266/326/310 265/323/310 296/350/310 297/353/310
f 293/327/311 292/324/311 323/351/311 324/354/311
f 280/328/312 279/325/312 310/352/312 311/355/312
f 267/296/313 266/326/313 297/353/313 298/356/313
f 294/299/314 293/327/314 324/354/314 325/357/314
f 281/300/315 280/328/315 311/355/315 312/358/315
f 268/297/316 267/296/316 298/356/316 299/359/316
f 1226/360/317 294/299/317 325/357/317
f 282/301/318 281/300/318 312/358/318 313/361/318
f 269/302/319 268/297/319 299/359/319 300/329/319
f 283/303/320 282/301/320 313/361/320 314/331/320
f 303/335/321 302/333/321 333/362/321 334/363/321
f 317/336/322 316/334/322 347/364/322 348/365/322
f 304/337/323 303/335/323 334/363/323 335/366/323
f 318/338/324 317/336/324 348/365/324 349/367/324
f 305/339/325 304/337/325 335/366/325 336/368/325
f 319/340/326 318/338/326 349/367/326 350/369/326
f 306/341/327 305/339/327 336/368/327 337/370/327
f 320/342/328 319/340/328 350/369/328 351/371/328
f 307/343/329 306/341/329 337/370/329 338/372/329
f 321/344/330 320/342/330 351/371/330 352/373/330
f 308/345/331 307/343/331 338/372/331 339/374/331
f 295/347/332 1039/375/332 326/376/332
f 322/348/333 321/344/333 352/373/333 353/377/333
f 309/349/334 308/345/334 339/374/334 340/378/334
f 296/350/335 295/347/335 326/376/335 327/379/335
f 323/351/336 322/348/336 353/377/336 354/380/336
f 310/352/337 309/349/337 340/378/337 341/381/337
f 297/353/338 296/350/338 327/379/338 328/382/338
f 324/354/339 323/351/339 354/380/339 355/383/339
f 311/355/340 310/352/340 341/381/340 342/384/340
f 298/356/341 297/353/341 328/382/341 329/385/341
f 325/357/342 324/354/342 355/383/342 356/386/342
f 312/358/343 311/355/343 342/384/343 343/387/343
f 299/359/344 298/356/344 329/385/344 330/388/344
f 1226/389/345 325/357/345 356/386/345
f 313/361/346 312/358/346 343/387/346 344/390/346
f 300/329/347 299/359/347 330/388/347 331/391/347
f 314/331/348 313/361/348 344/390/348 345/392/348
f 301/330/349 300/329/349 331/391/349 332/393/349
f 315/332/350 314/331/350 345/392/350 346/394/350
f 302/333/351 301/330/351 332/393/351 333/362/351
f 316/334/352 315/332/352 346/394/352 347/364/352
f 336/368/353 335/366/353 366/395/353 367/396/353
f 350/369/354 349/367/354 380/397/354 381/398/354
f 337/370/355 336/368/355 367/396/355 368/399/355
f 351/371/356 350/369/356 381/398/356 382/400/356
f 338/372/357 337/370/357 368/399/357 369/401/357
f 352/373/358 351/371/358 382/400/358 383/402/358
f 339/374/359 338/372/359 369/401/359 370/403/359
f 326/376/360 1039/404/360 357/405/360
f 353/377/361 352/373/361 383/402/361 384/406/361
f 340/378/362 339/374/362 370/403/362 371/407/362
f 327/379/363 326/376/363 357/405/363 358/408/363
f 354/380/364 353/377/364 384/406/364 385/409/364
f 341/381/365 340/378/365 371/407/365 372/410/365
f 328/382/366 327/379/366 358/408/366 359/411/366
f 355/383/367 354/380/367 385/409/367 386/412/367
f 342/384/368 341/381/368 372/410/368 373/413/368
f 329/385/369 328/382/369 359/411/369 360/414/369
f 356/386/370 355/383/370 386/412/370 387/415/370
f 343/387/371 342/384/371 373/413/371 374/416/371
f 330/388/372 329/385/372 360/414/372 361/417/372
f 1226/418/373 356/386/373 387/415/373
f 344/390/374 343/387/374 374/416/374 375/419/374
f 331/391/375 330/388/375 361/417/375 362/420/375
f 345/392/376 344/390/376 375/419/376 376/421/376
f 332/393/377 331/391/377 362/420/377 363/422/377
f 346/394/378 345/392/378 376/421/378 377/423/378
f 333/362/379 332/393/379 363/422/379 364/424/379
f 347/364/380 346/394/380 377/423/380 378/425/380
f 334/363/381 333/362/381 364/424/381 365/426/381
f 348/365/382 347/364/382 378/425/382 379/427/382
f 335/366/383 334/363/383 365/426/383 366/395/383
f 349/367/384 348/365/384 379/427/384 380/397/384
f 369/401/385 368/399/385 399/428/385 400/429/385
f 383/402/386 382/400/386 413/430/386 414/431/386
f 370/403/387 369/401/387 400/429/387 401/432/387
f 357/405/388 1039/433/388 388/434/388
f 384/406/389 383/402/389 414/431/389 415/435/389
f 371/407/390 370/403/390 401/432/390 402/436/390
f 358/408/391 357/405/391 388/434/391 389/437/391
f 385/409/392 384/406/392 415/435/392 416/438/392
f 372/410/393 371/407/393 402/436/393 403/439/393
f 359/411/394 358/408/394 389/437/394 390/440/394
f 386/412/395 385/409/395 416/438/395 417/441/395
f 373/413/396 372/410/396 403/439/396 404/442/396
f 360/414/397 359/411/397 390/440/397 391/443/397
f 387/415/398 386/412/398 417/441/398 418/444/398
f 374/416/399 373/413/399 404/442/399 405/445/399
f 361/417/400 360/414/400 391/443/400 392/446/400
f 1226/447/401 387/415/401 418/444/401
f 375/419/402 374/416/402 405/445/402 406/448/402
f 362/420/403 361/417/403 392/446/403 393/449/403
f 376/421/404 375/419/404 406/448/404 407/450/404
f 363/422/405 362/420/405 393/449/405 394/451/405
f 377/423/406 376/421/406 407/450/406 408/452/406
f 364/424/407 363/422/407 394/451/407 395/453/407
f 378/425/408 377/423/408 408/452/408 409/454/408
f 365/426/409 364/424/409 395/453/409 396/455/409
f 379/427/410 378/425/410 409/454/410 410/456/410
f 366/395/411 365/426/411 396/455/411 397/457/411
f 380/397/412 379/427/412 410/456/412 411/458/412
f 367/396/413 366/395/413 397/457/413 398/459/413
f 381/398/414 380/397/414 411/458/414 412/460/414
f 368/399/415 367/396/415 398/459/415 399/428/415
f 382/400/416 381/398/416 412/460/416 413/430/416
f 402/436/417 401/432/417 432/461/417 433/462/417
f 389/437/418 388/434/418 419/463/418 420/464/418
f 416/438/419 415/435/419 446/465/419 447/466/419
f 403/439/420 402/436/420 433/462/420 434/467/420
f 390/440/421 389/437/421 420/464/421 421/468/421
f 417/441/422 416/438/422 447/466/422 448/469/422
f 404/442/423 403/439/423 434/467/423 435/470/423
f 391/443/424 390/440/424 421/468/424 422/471/424
f 418/444/425 417/441/425 448/469/425 449/472/425
f 405/445/426 404/442/426 435/470/426 436/473/426
f 392/446/427 391/443/427 422/471/427 423/474/427
f 1226/475/428 418/444/428 449/472/428
f 406/448/429 405/445/429 436/473/429 437/476/429
f 393/449/430 392/446/430 423/474/430 424/477/430
f 407/450/431 406/448/431 437/476/431 438/478/431
f 394/451/432 393/449/432 424/477/432 425/479/432
f 408/452/433 407/450/433 438/478/433 439/480/433
f 395/453/434 394/451/434 425/479/434 426/481/434
f 409/454/435 408/452/435 439/480/435 440/482/435
f 396/455/436 395/453/436 426/481/436 427/483/436
f 410/456/437 409/454/437 440/482/437 441/484/437
f 397/457/438 396/455/438 427/483/438 428/485/438
f 411/458/439 410/456/439 441/484/439 442/486/439
f 398/459/440 397/457/440 428/485/440 429/487/440
f 412/460/441 411/458/441 442/486/441 443/488/441
f 399/428/442 398/459/442 429/487/442 430/489/442
f 413/430/443 412/460/443 443/488/443 444/490/443
f 400/429/444 399/428/444 430/489/444 431/491/444
f 414/431/445 413/430/445 444/490/445 445/492/445
f 401/432/446 400/429/446 431/491/446 432/461/446
f 388/434/447 1039/493/447 419/463/447
f 415/435/448 414/431/448 445/492/448 446/465/448
f 435/470/449 434/467/449 465/494/449 466/495/449
f 422/471/450 421/468/450 452/496/450 453/497/450
f 449/472/451 448/469/451 479/498/451 480/499/451
f 436/473/452 435/470/452 466/495/452 467/500/452
f 423/474/453 422/471/453 453/497/453 454/501/453
f 1226/502/454 449/472/454 480/499/454
f 437/476/455 436/473/455 467/500/455 468/503/455
f 424/477/456 423/474/456 454/501/456 455/504/456
f 438/478/457 437/476/457 468/503/457 469/505/457
f 425/479/458 424/477/458 455/504/458 456/506/458
f 439/480/459 438/478/459 469/505/459 470/507/459
f 426/481/460 425/479/460 456/506/460 457/508/460
f 440/482/461 439/480/461 470/507/461 471/509/461
f 427/483/462 426/481/462 457/508/462 458/510/462
f 441/484/463 440/482/463 471/509/463 472/511/463
f 428/485/464 427/483/464 458/510/464 459/512/464
f 442/486/465 441/484/465 472/511/465 473/513/465
f 429/487/466 428/485/466 459/512/466 460/514/466
f 443/488/467 442/486/467 473/513/467 474/515/467
f 430/489/468 429/487/468 460/514/468 461/516/468
f 444/490/469 443/488/469 474/515/469 475/517/469
f 431/491/470 430/489/470 461/516/470 462/518/470
f 445/492/471 444/490/471 475/517/471 476/519/471
f 432/461/472 431/491/472 462/518/472 463/520/472
f 419/463/473 1039/521/473 450/522/473
f 446/465/474 445/492/474 476/519/474 477/523/474
f 433/462/475 432/461/475 463/520/475 464/524/475
f 420/464/476 419/463/476 450/522/476 451/525/476
f 447/466/477 446/465/477 477/523/477 478/526/477
f 434/467/478 433/462/478 464/524/478 465/494/478
f 421/468/479 420/464/479 451/525/479 452/496/479
f 448/469/480 447/466/480 478/526/480 479/498/480
f 468/503/481 467/500/481 498/527/481 499/528/481
f 455/504/482 454/501/482 485/529/482 486/530/482
f 469/505/483 468/503/483 499/528/483 500/531/483
f 456/506/484 455/504/484 486/530/484 487/532/484
f 470/507/485 469/505/485 500/531/485 501/533/485
f 457/508/486 456/506/486 487/532/486 488/534/486
f 471/509/487 470/507/487 501/533/487 502/535/487
f 458/510/488 457/508/488 488/534/488 489/536/488
f 472/511/489 471/509/489 502/535/489 503/537/489
f 459/512/490 458/510/490 489/536/490 490/538/490
f 473/513/491 472/511/491 503/537/491 504/539/491
f 460/514/492 459/512/492 490/538/492 491/540/492
f 474/515/493 473/513/493 504/539/493 505/541/493
f 461/516/494 460/514/494 491/540/494 492/542/494
f 475/517/495 474/515/495 505/541/495 506/543/495
f 462/518/496 461/516/496 492/542/496 493/544/496
f 476/519/497 475/517/497 506/543/497 507/545/497
f 463/520/498 462/518/498 493/544/498 494/546/498
f 450/522/499 1039/547/499 481/548/499
f 477/523/500 476/519/500 507/545/500 508/549/500
f 464/524/501 463/520/501 494/546/501 495/550/501
f 451/525/502 450/522/502 481/548/502 482/551/502
f 478/526/503 477/523/503 508/549/503 509/552/503
f 465/494/504 464/524/504 495/550/504 496/553/504
f 452/496/505 451/525/505 482/551/505 483/554/505
f 479/498/506 478/526/506 509/552/506 510/555/506
f 466/495/507 465/494/507 496/553/507 497/556/507
f 453/497/508 452/496/508 483/554/508 484/557/508
f 480/499/509 479/498/509 510/555/509 511/558/509
f 467/500/510 466/495/510 497/556/510 498/527/510
f 454/501/511 453/497/511 484/557/511 485/529/511
f 1226/559/512 480/499/512 511/558/512
f 501/533/513 500/531/513 531/560/513 532/561/513
f 488/534/514 487/532/514 518/562/514 519/563/514
f 502/535/515 501/533/515 532/561/515 533/564/515
f 489/536/516 488/534/516 519/563/516 520/565/516
f 503/537/517 502/535/517 533/564/517 534/566/517
f 490/538/518 489/536/518 520/565/518 521/567/518
f 504/539/519 503/537/519 534/566/519 535/568/519
f 491/540/520 490/538/520 521/567/520 522/569/520
f 505/541/521 504/539/521 535/568/521 536/570/521
f 492/542/522 491/540/522 522/569/522 523/571/522
f 506/543/523 505/541/523 536/570/523 537/572/523
f 493/544/524 492/542/524 523/571/524 524/573/524
f 507/545/525 506/543/525 537/572/525 538/574/525
f 494/546/526 493/544/526 524/573/526 525/575/526
f 481/548/527 1039/576/527 512/577/527
f 508/549/528 507/545/528 538/574/528 539/578/528
f 495/550/529 494/546/529 525/575/529 526/579/529
f 482/551/530 481/548/530 512/577/530 513/580/530
f 509/552/531 508/549/531 539/578/531 540/581/531
f 496/553/532 495/550/532 526/579/532 527/582/532
f 483/554/533 482/551/533 513/580/533 514/583/533
f 510/555/534 509/552/534 540/581/534 541/584/534
f 497/556/535 496/553/535 527/582/535 528/585/535
f 484/557/536 483/554/536 514/583/536 515/586/536
f 511/558/537 510/555/537 541/584/537 542/587/537
f 498/527/538 497/556/538 528/585/538 529/588/538
f 485/529/539 484/557/539 515/586/539 516/589/539
f 1226/590/540 511/558/540 542/587/540
f 499/528/541 498/527/541 529/588/541 530/591/541
f 486/530/542 485/529/542 516/589/542 517/592/542
f 500/531/543 499/528/543 530/591/543 531/560/543
f 487/532/544 486/530/544 517/592/544 518/562/544
f 534/566/545 533/564/545 564/593/545 565/594/545
f 521/567/546 520/565/546 551/595/546 552/596/546
f 535/568/547 534/566/547 565/594/547 566/597/547
f 522/569/548 521/567/548 552/596/548 553/598/548
f 536/570/549 535/568/549 566/597/549 567/599/549
f 523/571/550 522/569/550 553/598/550 554/600/550
f 537/572/551 536/570/551 567/599/551 568/601/551
f 524/573/552 523/571/552 554/600/552 555/602/552
f 538/574/553 537/572/553 568/601/553 569/603/553
f 525/575/554 524/573/554 555/602/554 556/604/554
f 512/577/555 1039/605/555 543/606/555
f 539/578/556 538/574/556 569/603/556 570/607/556
f 526/579/557 525/575/557 556/604/557 557/608/557
f 513/580/558 512/577/558 543/606/558 544/609/558
f 540/581/559 539/578/559 570/607/559 571/610/559
f 527/582/560 526/579/560 557/608/560 558/611/560
f 514/583/561 513/580/561 544/609/561 545/612/561
f 541/584/562 540/581/562 571/610/562 572/613/562
f 528/585/563 527/582/563 558/611/563 559/614/563
f 515/586/564 514/583/564 545/612/564 546/615/564
f 542/587/565 541/584/565 572/613/565 573/616/565
f 529/588/566 528/585/566 559/614/566 560/617/566
f 516/589/567 515/586/567 546/615/567 547/618/567
f 1226/619/568 542/587/568 573/616/568
f 530/591/569 529/588/569 560/617/569 561/620/569
f 517/592/570 516/589/570 547/618/570 548/621/570
f 531/560/571 530/591/571 561/620/571 562/622/571
f 518/562/572 517/592/572 548/621/572 549/623/572
f 532/561/573 531/560/573 562/622/573 563/624/573
f 519/563/574 518/562/574 549/623/574 550/625/574
f 533/564/575 532/561/575 563/624/575 564/593/575
f 520/565/576 519/563/576 550/625/576 551/595/576
f 567/599/577 566/597/577 597/626/577 598/627/577
f 554/600/578 553/598/578 584/628/578 585/629/578
f 568/601/579 567/599/579 598/627/579 599/630/579
f 555/602/580 554/600/580 585/629/580 586/631/580
f 569/603/581 568/601/581 599/630/581 600/632/581
f 556/604/582 555/602/582 586/631/582 587/633/582
f 543/606/583 1039/634/583 574/635/583
f 570/607/584 569/603/584 600/632/584 601/636/584
f 557/608/585 556/604/585 587/633/585 588/637/585
f 544/609/586 543/606/586 574/635/586 575/638/586
f 571/610/587 570/607/587 601/636/587 602/639/587
f 558/611/588 557/608/588 588/637/588 589/640/588
f 545/612/589 544/609/589 575/638/589 576/641/589
f 572/613/590 571/610/590 602/639/590 603/642/590
f 559/614/591 558/611/591 589/640/591 590/643/591
f 546/615/592 545/612/592 576/641/592 577/644/592
f 573/616/593 572/613/593 603/642/593 604/645/593
f 560/617/594 559/614/594 590/643/594 591/646/594
f 547/618/595 546/615/595 577/644/595 578/647/595
f 1226/648/596 573/616/596 604/645/596
f 561/620/597 560/617/597 591/646/597 592/649/597
f 548/621/598 547/618/598 578/647/598 579/650/598
f 562/622/599 561/620/599 592/649/599 593/651/599
f 549/623/600 548/621/600 579/650/600 580/652/600
f 563/624/601 562/622/601 593/651/601 594/653/601
f 550/625/602 549/623/602 580/652/602 581/654/602
f 564/593/603 563/624/603 594/653/603 595/655/603
f 551/595/604 550/625/604 581/654/604 582/656/604
f 565/594/605 564/593/605 595/655/605 596/657/605
f 552/596/606 551/595/606 582/656/606 583/658/606
f 566/597/607 565/594/607 596/657/607 597/626/607
f 553/598/608 552/596/608 583/658/608 584/628/608
f 600/632/609 599/630/609 630/659/609 631/660/609
f 587/633/610 586/631/610 617/661/610 618/662/610
f 574/635/611 1039/663/611 605/664/611
f 601/636/612 600/632/612 631/660/612 632/665/612
f 588/637/613 587/633/613 618/662/613 619/666/613
f 575/638/614 574/635/614 605/664/614 606/667/614
f 602/639/615 601/636/615 632/665/615 633/668/615
f 589/640/616 588/637/616 619/666/616 620/669/616
f 576/641/617 575/638/617 606/667/617 607/670/617
f 603/642/618 602/639/618 633/668/618 634/671/618
f 590/643/619 589/640/619 620/669/619 621/672/619
f 577/644/620 576/641/620 607/670/620 608/673/620
f 604/645/621 603/642/621 634/671/621 635/674/621
f 591/646/622 590/643/622 621/672/622 622/675/622
f 578/647/623 577/644/623 608/673/623 609/676/623
f 1226/677/624 604/645/624 635/674/624
f 592/649/625 591/646/625 622/675/625 623/678/625
f 579/650/626 578/647/626 609/676/626 610/679/626
f 593/651/627 592/649/627 623/678/627 624/680/627
f 580/652/628 579/650/628 610/679/628 611/681/628
f 594/653/629 593/651/629 624/680/629 625/682/629
f 581/654/630 580/652/630 611/681/630 612/683/630
f 595/655/631 594/653/631 625/682/631 626/684/631
f 582/656/632 581/654/632 612/683/632 613/685/632
f 596/657/633 595/655/633 626/684/633 627/686/633
f 583/658/634 582/656/634 613/685/634 614/687/634
f 597/626/635 596/657/635 627/686/635 628/688/635
f 584/628/636 583/658/636 614/687/636 615/689/636
f 598/627/637 597/626/637 628/688/637 629/690/637
f 585/629/638 584/628/638 615/689/638 616/691/638
f 599/630/639 598/627/639 629/690/639 630/659/639
f 586/631/640 585/629/640 616/691/640 617/661/640
f 633/668/641 632/665/641 663/692/641 664/693/641
f 620/669/642 619/666/642 650/694/642 651/695/642
f 607/670/643 606/667/643 637/696/643 638/697/643
f 634/671/644 633/668/644 664/693/644 665/698/644
f 621/672/645 620/669/645 651/695/645 652/699/645
f 608/673/646 607/670/646 638/697/646 639/700/646
f 635/674/647 634/671/647 665/698/647 666/701/647
f 622/675/648 621/672/648 652/699/648 653/702/648
f 609/676/649 608/673/649 639/700/649 640/703/649
f 1226/704/650 635/674/650 666/701/650
f 623/678/651 622/675/651 653/702/651 654/705/651
f 610/679/652 609/676/652 640/703/652 641/706/652
f 624/680/653 623/678/653 654/705/653 655/707/653
f 611/681/654 610/679/654 641/706/654 642/708/654
f 625/682/655 624/680/655 655/707/655 656/709/655
f 612/683/656 611/681/656 642/708/656 643/710/656
f 626/684/657 625/682/657 656/709/657 657/711/657
f 613/685/658 612/683/658 643/710/658 644/712/658
f 627/686/659 626/684/659 657/711/659 658/713/659
f 614/687/660 613/685/660 644/712/660 645/714/660
f 628/688/661 627/686/661 658/713/661 659/715/661
f 615/689/662 614/687/662 645/714/662 646/716/662
f 629/690/663 628/688/663 659/715/663 660/717/663
f 616/691/664 615/689/664 646/716/664 647/718/664
f 630/659/665 629/690/665 660/717/665 661/719/665
f 617/661/666 616/691/666 647/718/666 648/720/666
f 631/660/667 630/659/667 661/719/667 662/721/667
f 618/662/668 617/661/668 648/720/668 649/722/668
f 605/664/669 1039/723/669 636/724/669
f 632/665/670 631/660/670 662/721/670 663/692/670
f 619/666/671 618/662/671 649/722/671 650/694/671
f 606/667/672 605/664/672 636/724/672 637/696/672
f 666/701/673 665/698/673 696/725/673 697/726/673
f 653/702/674 652/699/674 683/727/674 684/728/674
f 640/703/675 639/700/675 670/729/675 671/730/675
f 1226/731/676 666/701/676 697/726/676
f 654/705/677 653/702/677 684/728/677 685/732/677
f 641/706/678 640/703/678 671/730/678 672/733/678
f 655/707/679 654/705/679 685/732/679 686/734/679
f 642/708/680 641/706/680 672/733/680 673/735/680
f 656/709/681 655/707/681 686/734/681 687/736/681
f 643/710/682 642/708/682 673/735/682 674/737/682
f 657/711/683 656/709/683 687/736/683 688/738/683
f 644/712/684 643/710/684 674/737/684 675/739/684
f 658/713/685 657/711/685 688/738/685 689/740/685
f 645/714/686 644/712/686 675/739/686 676/741/686
f 659/715/687 658/713/687 689/740/687 690/742/687
f 646/716/688 645/714/688 676/741/688 677/743/688
f 660/717/689 659/715/689 690/742/689 691/744/689
f 647/718/690 646/716/690 677/743/690 678/745/690
f 661/719/691 660/717/691 691/744/691 692/746/691
f 648/720/692 647/718/692 678/745/692 679/747/692
f 662/721/693 661/719/693 692/746/693 693/748/693
f 649/722/694 648/720/694 679/747/694 680/749/694
f 636/724/695 1039/750/695 667/751/695
f 663/692/696 662/721/696 693/748/696 694/752/696
f 650/694/697 649/722/697 680/749/697 681/753/697
f 637/696/698 636/724/698 667/751/698 668/754/698
f 664/693/699 663/692/699 694/752/699 695/755/699
f 651/695/700 650/694/700 681/753/700 682/756/700
f 638/697/701 637/696/701 668/754/701 669/757/701
f 665/698/702 664/693/702 695/755/702 696/725/702
f 652/699/703 651/695/703 682/756/703 683/727/703
f 639/700/704 638/697/704 669/757/704 670/729/704
f 686/734/705 685/732/705 716/758/705 717/759/705
f 673/735/706 672/733/706 703/760/706 704/761/706
f 687/736/707 686/734/707 717/759/707 718/762/707
f 674/737/708 673/735/708 704/761/708 705/763/708
f 688/738/709 687/736/709 718/762/709 719/764/709
f 675/739/710 674/737/710 705/763/710 706/765/710
f 689/740/711 688/738/711 719/764/711 720/766/711
f 676/741/712 675/739/712 706/765/712 707/767/712
f 690/742/713 689/740/713 720/766/713 721/768/713
f 677/743/714 676/741/714 707/767/714 708/769/714
f 691/744/715 690/742/715 721/768/715 722/770/715
f 678/745/716 677/743/716 708/769/716 709/771/716
f 692/746/717 691/744/717 722/770/717 723/772/717
f 679/747/718 678/745/718 709/771/718 710/773/718
f 693/748/719 692/746/719 723/772/719 724/774/719
f 680/749/720 679/747/720 710/773/720 711/775/720
f 667/751/721 1039/776/721 698/777/721
f 694/752/722 693/748/722 724/774/722 725/778/722
f 681/753/723 680/749/723 711/775/723 712/779/723
f 668/754/724 667/751/724 698/777/724 699/780/724
f 695/755/725 694/752/725 725/778/725 726/781/725
f 682/756/726 681/753/726 712/779/726 713/782/726
f 669/757/727 668/754/727 699/780/727 700/783/727
f 696/725/728 695/755/728 726/781/728 727/784/728
f 683/727/729 682/756/729 713/782/729 714/785/729
f 670/729/730 669/757/730 700/783/730 701/786/730
f 697/726/731 696/725/731 727/784/731 728/787/731
f 684/728/732 683/727/732 714/785/732 715/788/732
f 671/730/733 670/729/733 701/786/733 702/789/733
f 1226/790/734 697/726/734 728/787/734
f 685/732/735 684/728/735 715/788/735 716/758/735
f 672/733/736 671/730/736 702/789/736 703/760/736
f 719/764/737 718/762/737 749/791/737 750/792/737
f 706/765/738 705/763/738 736/793/738 737/794/738
f 720/766/739 719/764/739 750/792/739 751/795/739
f 707/767/740 706/765/740 737/794/740 738/796/740
f 721/768/741 720/766/741 751/795/741 752/797/741
f 708/769/742 707/767/742 738/796/742 739/798/742
f 722/770/743 721/768/743 752/797/743 753/799/743
f 709/771/744 708/769/744 739/798/744 740/800/744
f 723/772/745 722/770/745 753/799/745 754/801/745
f 710/773/746 709/771/746 740/800/746 741/802/746
f 724/774/747 723/772/747 754/801/747 755/803/747
f 711/775/748 710/773/748 741/802/748 742/804/748
f 698/777/749 1039/805/749 729/806/749
f 725/778/750 724/774/750 755/803/750 756/807/750
f 712/779/751 711/775/751 742/804/751 743/808/751
f 699/780/752 698/777/752 729/806/752 730/809/752
f 726/781/753 725/778/753 756/807/753 757/810/753
f 713/782/754 712/779/754 743/808/754 744/811/754
f 700/783/755 699/780/755 730/809/755 731/812/755
f 727/784/756 726/781/756 757/810/756 758/813/756
f 714/785/757 713/782/757 744/811/757 745/814/757
f 701/786/758 700/783/758 731/812/758 732/815/758
f 728/787/759 727/784/759 758/813/759 759/816/759
f 715/788/760 714/785/760 745/814/760 746/817/760
f 702/789/761 701/786/761 732/815/761 733/818/761
f 1226/819/762 728/787/762 759/816/762
f 716/758/763 715/788/763 746/817/763 747/820/763
f 703/760/764 702/789/764 733/818/764 734/821/764
f 717/759/765 716/758/765 747/820/765 748/822/765
f 704/761/766 703/760/766 734/821/766 735/823/766
f 718/762/767 717/759/767 748/822/767 749/791/767
f 705/763/768 704/761/768 735/823/768 736/793/768
f 752/797/769 751/795/769 782/824/769 783/825/769
f 739/798/770 738/796/770 769/826/770 770/827/770
f 753/799/771 752/797/771 783/825/771 784/828/771
f 740/800/772 739/798/772 770/827/772 771/829/772
f 754/801/773 753/799/773 784/828/773 785/830/773
f 741/802/774 740/800/774 771/829/774 772/831/774
f 755/803/775 754/801/775 785/830/775 786/832/775
f 742/804/776 741/802/776 772/831/776 773/833/776
f 729/806/777 1039/834/777 760/835/777
f 756/807/778 755/803/778 786/832/778 787/836/778
f 743/808/779 742/804/779 773/833/779 774/837/779
f 730/809/780 729/806/780 760/835/780 761/838/780
f 757/810/781 756/807/781 787/836/781 788/839/781
f 744/811/782 743/808/782 774/837/782 775/840/782
f 731/812/783 730/809/783 761/838/783 762/841/783
f 758/813/784 757/810/784 788/839/784 789/842/784
f 745/814/785 744/811/785 775/840/785 776/843/785
f 732/815/786 731/812/786 762/841/786 763/844/786
f 759/816/787 758/813/787 789/842/787 790/845/787
f 746/817/788 745/814/788 776/843/788 777/846/788
f 733/818/789 732/815/789 763/844/789 764/847/789
f 1226/848/790 759/816/790 790/845/790
f 747/820/791 746/817/791 777/846/791 778/849/791
f 734/821/792 733/818/792 764/847/792 765/850/792
f 748/822/793 747/820/793 778/849/793 779/851/793
f 735/823/794 734/821/794 765/850/794 766/852/794
f 749/791/795 748/822/795 779/851/795 780/853/795
f 736/793/796 735/823/796 766/852/796 767/854/796
f 750/792/797 749/791/797 780/853/797 781/855/797
f 737/794/798 736/793/798 767/854/798 768/856/798
f 751/795/799 750/792/799 781/855/799 782/824/799
f 738/796/800 737/794/800 768/856/800 769/826/800
f 785/830/801 784/828/801 815/857/801 816/858/801
f 772/831/802 771/829/802 802/859/802 803/860/802
f 786/832/803 785/830/803 816/858/803 817/861/803
f 773/833/804 772/831/804 803/860/804 804/862/804
f 760/835/805 1039/863/805 791/864/805
f 787/836/806 786/832/806 817/861/806 818/865/806
f 774/837/807 773/833/807 804/862/807 805/866/807
f 761/838/808 760/835/808 791/864/808 792/867/808
f 788/839/809 787/836/809 818/865/809 819/868/809
f 775/840/810 774/837/810 805/866/810 806/869/810
f 762/841/811 761/838/811 792/867/811 793/870/811
f 789/842/812 788/839/812 819/868/812 820/871/812
f 776/843/813 775/840/813 806/869/813 807/872/813
f 763/844/814 762/841/814 793/870/814 794/873/814
f 790/845/815 789/842/815 820/871/815 821/874/815
f 777/846/816 776/843/816 807/872/816 808/875/816
f 764/847/817 763/844/817 794/873/817 795/876/817
f 1226/877/818 790/845/818 821/874/818
f 778/849/819 777/846/819 808/875/819 809/878/819
f 765/850/820 764/847/820 795/876/820 796/879/820
f 779/851/821 778/849/821 809/878/821 810/880/821
f 766/852/822 765/850/822 796/879/822 797/881/822
f 780/853/823 779/851/823 810/880/823 811/882/823
f 767/854/824 766/852/824 797/881/824 798/883/824
f 781/855/825 780/853/825 811/882/825 812/884/825
f 768/856/826 767/854/826 798/883/826 799/885/826
f 782/824/827 781/855/827 812/884/827 813/886/827
f 769/826/828 768/856/828 799/885/828 800/887/828
f 783/825/829 782/824/829 813/886/829 814/888/829
f 770/827/830 769/826/830 800/887/830 801/889/830
f 784/828/831 783/825/831 814/888/831 815/857/831
f 771/829/832 770/827/832 801/889/832 802/859/832
f 799/885/833 798/883/833 829/890/833 830/891/833
f 813/886/834 812/884/834 843/892/834 844/893/834
f 800/887/835 799/885/835 830/891/835 831/894/835
f 814/888/836 813/886/836 844/893/836 845/895/836
f 801/889/837 800/887/837 831/894/837 832/896/837
f 815/857/838 814/888/838 845/895/838 846/897/838
f 802/859/839 801/889/839 832/896/839 833/898/839
f 816/858/840 815/857/840 846/897/840 847/899/840
f 803/860/841 802/859/841 833/898/841 834/900/841
f 817/861/842 816/858/842 847/899/842 848/901/842
f 804/862/843 803/860/843 834/900/843 835/902/843
f 791/864/844 1039/903/844 822/904/844
f 818/865/845 817/861/845 848/901/845 849/905/845
f 805/866/846 804/862/846 835/902/846 836/906/846
f 792/867/847 791/864/847 822/904/847 823/907/847
f 819/868/848 818/865/848 849/905/848 850/908/848
f 806/869/849 805/866/849 836/906/849 837/909/849
f 793/870/850 792/867/850 823/907/850 824/910/850
f 820/871/851 819/868/851 850/908/851 851/911/851
f 807/872/852 806/869/852 837/909/852 838/912/852
f 794/873/853 793/870/853 824/910/853 825/913/853
f 821/874/854 820/871/854 851/911/854 852/914/854
f 808/875/855 807/872/855 838/912/855 839/915/855
f 795/876/856 794/873/856 825/913/856 826/916/856
f 1226/917/857 821/874/857 852/914/857
f 809/878/858 808/875/858 839/915/858 840/918/858
f 796/879/859 795/876/859 826/916/859 827/919/859
f 810/880/860 809/878/860 840/918/860 841/920/860
f 797/881/861 796/879/861 827/919/861 828/921/861
f 811/882/862 810/880/862 841/920/862 842/922/862
f 798/883/863 797/881/863 828/921/863 829/890/863
f 812/884/864 811/882/864 842/922/864 843/892/864
f 832/896/865 831/894/865 862/923/865 863/924/865
f 846/897/866 845/895/866 876/925/866 877/926/866
f 833/898/867 832/896/867 863/924/867 864/927/867
f 847/899/868 846/897/868 877/926/868 878/928/868
f 834/900/869 833/898/869 864/927/869 865/929/869
f 848/901/870 847/899/870 878/928/870 879/930/870
f 835/902/871 834/900/871 865/929/871 866/931/871
f 822/904/872 1039/932/872 853/933/872
f 849/905/873 848/901/873 879/930/873 880/934/873
f 836/906/874 835/902/874 866/931/874 867/935/874
f 823/907/875 822/904/875 853/933/875 854/936/875
f 850/908/876 849/905/876 880/934/876 881/937/876
f 837/909/877 836/906/877 867/935/877 868/938/877
f 824/910/878 823/907/878 854/936/878 855/939/878
f 851/911/879 850/908/879 881/937/879 882/940/879
f 838/912/880 837/909/880 868/938/880 869/941/880
f 825/913/881 824/910/881 855/939/881 856/942/881
f 852/914/882 851/911/882 882/940/882 883/943/882
f 839/915/883 838/912/883 869/941/883 870/944/883
f 826/916/884 825/913/884 856/942/884 857/945/884
f 1226/946/885 852/914/885 883/943/885
f 840/918/886 839/915/886 870/944/886 871/947/886
f 827/919/887 826/916/887 857/945/887 858/948/887
f 841/920/888 840/918/888 871/947/888 872/949/888
f 828/921/889 827/919/889 858/948/889 859/950/889
f 842/922/890 841/920/890 872/949/890 873/951/890
f 829/890/891 828/921/891 859/950/891 860/952/891
f 843/892/892 842/922/892 873/951/892 874/953/892
f 830/891/893 829/890/893 860/952/893 861/954/893
f 844/893/894 843/892/894 874/953/894 875/955/894
f 831/894/895 830/891/895 861/954/895 862/923/895
f 845/895/896 844/893/896 875/955/896 876/925/896
f 865/929/897 864/927/897 895/956/897 896/957/897
f 879/930/898 878/928/898 909/958/898 910/959/898
f 866/931/899 865/929/899 896/957/899 897/960/899
f 853/933/900 1039/961/900 884/962/900
f 880/934/901 879/930/901 910/959/901 911/963/901
f 867/935/902 866/931/902 897/960/902 898/964/902
f 854/936/903 853/933/903 884/962/903 885/965/903
f 881/937/904 880/934/904 911/963/904 912/966/904
f 868/938/905 867/935/905 898/964/905 899/967/905
f 855/939/906 854/936/906 885/965/906 886/968/906
f 882/940/907 881/937/907 912/966/907 913/969/907
f 869/941/908 868/938/908 899/967/908 900/970/908
f 856/942/909 855/939/909 886/968/909 887/971/909
f 883/943/910 882/940/910 913/969/910 914/972/910
f 870/944/911 869/941/911 900/970/911 901/973/911
f 857/945/912 856/942/912 887/971/912 888/974/912
f 1226/975/913 883/943/913 914/972/913
f 871/947/914 870/944/914 901/973/914 902/976/914
f 858/948/915 857/945/915 888/974/915 889/977/915
f 872/949/916 871/947/916 902/976/916 903/978/916
f 859/950/917 858/948/917 889/977/917 890/979/917
f 873/951/918 872/949/918 903/978/918 904/980/918
f 860/952/919 859/950/919 890/979/919 891/981/919
f 874/953/920 873/951/920 904/980/920 905/982/920
f 861/954/921 860/952/921 891/981/921 892/983/921
f 875/955/922 874/953/922 905/982/922 906/984/922
f 862/923/923 861/954/923 892/983/923 893/985/923
f 876/925/924 875/955/924 906/984/924 907/986/924
f 863/924/925 862/923/925 893/985/925 894/987/925
f 877/926/926 876/925/926 907/986/926 908/988/926
f 864/927/927 863/924/927 894/987/927 895/956/927
f 878/928/928 877/926/928 908/988/928 909/958/928
f 898/964/929 897/960/929 928/989/929 929/990/929
f 885/965/930 884/962/930 915/991/930 916/992/930
f 912/966/931 911/963/931 942/993/931 943/994/931
f 899/967/932 898/964/932 929/990/932 930/995/932
f 886/968/933 885/965/933 916/992/933 917/996/933
f 913/969/934 912/966/934 943/994/934 944/997/934
f 900/970/935 899/967/935 930/995/935 931/998/935
f 887/971/936 886/968/936 917/996/936 918/999/936
f 914/972/937 913/969/937 944/997/937 945/1000/937
f 901/973/938 900/970/938 931/998/938 932/1001/938
f 888/974/939 887/971/939 918/999/939 919/1002/939
f 1226/1003/940 914/972/940 945/1000/940
f 902/976/941 901/973/941 932/1001/941 933/1004/941
f 889/977/942 888/974/942 919/1002/942 920/1005/942
f 903/978/943 902/976/943 933/1004/943 934/1006/943
f 890/979/944 889/977/944 920/1005/944 921/1007/944
f 904/980/945 903/978/945 934/1006/945 935/1008/945
f 891/981/946 890/979/946 921/1007/946 922/1009/946
f 905/982/947 904/980/947 935/1008/947 936/1010/947
f 892/983/948 891/981/948 922/1009/948 923/1011/948
f 906/984/949 905/982/949 936/1010/949 937/1012/949
f 893/985/950 892/983/950 923/1011/950 924/1013/950
f 907/986/951 906/984/951 937/1012/951 938/1014/951
f 894/987/952 893/985/952 924/1013/952 925/1015/952
f 908/988/953 907/986/953 938/1014/953 939/1016/953
f 895/956/954 894/987/954 925/1015/954 926/1017/954
f 909/958/955 908/988/955 939/1016/955 940/1018/955
f 896/957/956 895/956/956 926/1017/956 927/1019/956
f 910/959/957 909/958/957 940/1018/957 941/1020/957
f 897/960/958 896/957/958 927/1019/958 928/989/958
f 884/962/959 1039/1021/959 915/991/959
f 911/963/960 910/959/960 941/1020/960 942/993/960
f 931/998/961 930/995/961 961/1022/961 962/1023/961
f 918/999/962 917/996/962 948/1024/962 949/1025/962
f 945/1000/963 944/997/963 975/1026/963 976/1027/963
f 932/1001/964 931/998/964 962/1023/964 963/1028/964
f 919/1002/965 918/999/965 949/1025/965 950/1029/965
f 1226/1030/966 945/1000/966 976/1027/966
f 933/1004/967 932/1001/967 963/1028/967 964/1031/967
f 920/1005/968 919/1002/968 950/1029/968 951/1032/968
f 934/1006/969 933/1004/969 964/1031/969 965/1033/969
f 921/1007/970 920/1005/970 951/1032/970 952/1034/970
f 935/1008/971 934/1006/971 965/1033/971 966/1035/971
f 922/1009/972 921/1007/972 952/1034/972 953/1036/972
f 936/1010/973 935/1008/973 966/1035/973 967/1037/973
f 923/1011/974 922/1009/974 953/1036/974 954/1038/974
f 937/1012/975 936/1010/975 967/1037/975 968/1039/975
f 924/1013/976 923/1011/976 954/1038/976 955/1040/976
f 938/1014/977 937/1012/977 968/1039/977 969/1041/977
f 925/1015/978 924/1013/978 955/1040/978 956/1042/978
f 939/1016/979 938/1014/979 969/1041/979 970/1043/979
f 926/1017/980 925/1015/980 956/1042/980 957/1044/980
f 940/1018/981 939/1016/981 970/1043/981 971/1045/981
f 927/1019/982 926/1017/982 957/1044/982 958/1046/982
f 941/1020/983 940/1018/983 971/1045/983 972/1047/983
f 928/989/984 927/1019/984 958/1046/984 959/1048/984
f 915/991/985 1039/1049/985 946/1050/985
f 942/993/986 941/1020/986 972/1047/986 973/1051/986
f 929/990/987 928/989/987 959/1048/987 960/1052/987
f 916/992/988 915/991/988 946/1050/988 947/1053/988
f 943/994/989 942/993/989 973/1051/989 974/1054/989
f 930/995/990 929/990/990 960/1052/990 961/1022/990
f 917/996/991 916/992/991 947/1053/991 948/1024/991
f 944/997/992 943/994/992 974/1054/992 975/1026/992
f 964/1031/993 963/1028/993 994/1055/993 995/1056/993
f 951/1032/994 950/1029/994 981/1057/994 982/1058/994
f 965/1033/995 964/1031/995 995/1056/995 996/1059/995
f 952/1034/996 951/1032/996 982/1058/996 983/1060/996
f 966/1035/997 965/1033/997 996/1059/997 997/1061/997
f 953/1036/998 952/1034/998 983/1060/998 984/1062/998
f 967/1037/999 966/1035/999 997/1061/999 998/1063/999
f 954/1038/1000 953/1036/1000 984/1062/1000 985/1064/1000
f 968/1039/1001 967/1037/1001 998/1063/1001 999/1065/1001
f 955/1040/1002 954/1038/1002 985/1064/1002 986/1066/1002
f 969/1041/1003 968/1039/1003 999/1065/1003 1000/1067/1003
f 956/1042/1004 955/1040/1004 986/1066/1004 987/1068/1004
f 970/1043/1005 969/1041/1005 1000/1067/1005 1001/1069/1005
f 957/1044/1006 956/1042/1006 987/1068/1006 988/1070/1006
f 971/1045/1007 970/1043/1007 1001/1069/1007 1002/1071/1007
f 958/1046/1008 957/1044/1008 988/1070/1008 989/1072/1008
f 972/1047/1009 971/1045/1009 1002/1071/1009 1003/1073/1009
f 959/1048/1010 958/1046/1010 989/1072/1010 990/1074/1010
f 946/1050/1011 1039/1075/1011 977/1076/1011
f 973/1051/1012 972/1047/1012 1003/1073/1012 1004/1077/1012
f 960/1052/1013 959/1048/1013 990/1074/1013 991/1078/1013
f 947/1053/1014 946/1050/1014 977/1076/1014 978/1079/1014
f 974/1054/1015 973/1051/1015 1004/1077/1015 1005/1080/1015
f 961/1022/1016 960/1052/1016 991/1078/1016 992/1081/1016
f 948/1024/1017 947/1053/1017 978/1079/1017 979/1082/1017
f 975/1026/1018 974/1054/1018 1005/1080/1018 1006/1083/1018
f 962/1023/1019 961/1022/1019 992/1081/1019 993/1084/1019
f 949/1025/1020 948/1024/1020 979/1082/1020 980/1085/1020
f 976/1027/1021 975/1026/1021 1006/1083/1021 1007/1086/1021
f 963/1028/1022 962/1023/1022 993/1084/1022 994/1055/1022
f 950/1029/1023 949/1025/1023 980/1085/1023 981/1057/1023
f 1226/1087/1024 976/1027/1024 1007/1086/1024
f 997/1061/1025 996/1059/1025 1027/1088/1025 1028/1089/1025
f 984/1062/1026 983/1060/1026 1014/1090/1026 1015/1091/1026
f 998/1063/1027 997/1061/1027 1028/1089/1027 1029/1092/1027
f 985/1064/1028 984/1062/1028 1015/1091/1028 1016/1093/1028
f 999/1065/1029 998/1063/1029 1029/1092/1029 1030/1094/1029
f 986/1066/1030 985/1064/1030 1016/1093/1030 1017/1095/1030
f 1000/1067/1031 999/1065/1031 1030/1094/1031 1031/1096/1031
f 987/1068/1032 986/1066/1032 1017/1095/1032 1018/1097/1032
f 1001/1069/1033 1000/1067/1033 1031/1096/1033 1032/1098/1033
f 988/1070/1034 987/1068/1034 1018/1097/1034 1019/1099/1034
f 1002/1071/1035 1001/1069/1035 1032/1098/1035 1033/1100/1035
f 989/1072/1036 988/1070/1036 1019/1099/1036 1020/1101/1036
f 1003/1073/1037 1002/1071/1037 1033/1100/1037 1034/1102/1037
f 990/1074/1038 989/1072/1038 1020/1101/1038 1021/1103/1038
f 977/1076/1039 1039/1104/1039 1008/1105/1039
f 1004/1077/1040 1003/1073/1040 1034/1102/1040 1035/1106/1040
f 991/1078/1041 990/1074/1041 1021/1103/1041 1022/1107/1041
f 978/1079/1042 977/1076/1042 1008/1105/1042 1009/1108/1042
f 1005/1080/1043 1004/1077/1043 1035/1106/1043 1036/1109/1043
f 992/1081/1044 991/1078/1044 1022/1107/1044 1023/1110/1044
f 979/1082/1045 978/1079/1045 1009/1108/1045 1010/1111/1045
f 1006/1083/1046 1005/1080/1046 1036/1109/1046 1037/1112/1046
f 993/1084/1047 992/1081/1047 1023/1110/1047 1024/1113/1047
f 980/1085/1048 979/1082/1048 1010/1111/1048 1011/1114/1048
f 1007/1086/1049 1006/1083/1049 1037/1112/1049 1038/1115/1049
f 994/1055/1050 993/1084/1050 1024/1113/1050 1025/1116/1050
f 981/1057/1051 980/1085/1051 1011/1114/1051 1012/1117/1051
f 1226/1118/1052 1007/1086/1052 1038/1115/1052
f 995/1056/1053 994/1055/1053 1025/1116/1053 1026/1119/1053
f 982/1058/1054 981/1057/1054 1012/1117/1054 1013/1120/1054
f 996/1059/1055 995/1056/1055 1026/1119/1055 1027/1088/1055
f 983/1060/1056 982/1058/1056 1013/1120/1056 1014/1090/1056
f 1030/1094/1057 1029/1092/1057 1061/1121/1057 1062/1122/1057
f 1017/1095/1058 1016/1093/1058 1048/1123/1058 1049/1124/1058
f 1031/1096/1059 1030/1094/1059 1062/1122/1059 1063/1125/1059
f 1018/1097/1060 1017/1095/1060 1049/1124/1060 1050/1126/1060
f 1032/1098/1061 1031/1096/1061 1063/1125/1061 1064/1127/1061
f 1019/1099/1062 1018/1097/1062 1050/1126/1062 1051/1128/1062
f 1033/1100/1063 1032/1098/1063 1064/1127/1063 1065/1129/1063
f 1020/1101/1064 1019/1099/1064 1051/1128/1064 1052/1130/1064
f 1034/1102/1065 1033/1100/1065 1065/1129/1065 1066/1131/1065
f 1021/1103/1066 1020/1101/1066 1052/1130/1066 1053/1132/1066
f 1008/1105/1067 1039/1133/1067 1040/1134/1067
f 1035/1106/1068 1034/1102/1068 1066/1131/1068 1067/1135/1068
f 1022/1107/1069 1021/1103/1069 1053/1132/1069 1054/1136/1069
f 1009/1108/1070 1008/1105/1070 1040/1134/1070 1041/1137/1070
f 1036/1109/1071 1035/1106/1071 1067/1135/1071 1068/1138/1071
f 1023/1110/1072 1022/1107/1072 1054/1136/1072 1055/1139/1072
f 1010/1111/1073 1009/1108/1073 1041/1137/1073 1042/1140/1073
f 1037/1112/1074 1036/1109/1074 1068/1138/1074 1069/1141/1074
f 1024/1113/1075 1023/1110/1075 1055/1139/1075 1056/1142/1075
f 1011/1114/1076 1010/1111/1076 1042/1140/1076 1043/1143/1076
f 1038/1115/1077 1037/1112/1077 1069/1141/1077 1070/1144/1077
f 1025/1116/1078 1024/1113/1078 1056/1142/1078 1057/1145/1078
f 1012/1117/1079 1011/1114/1079 1043/1143/1079 1044/1146/1079
f 1226/1147/1080 1038/1115/1080 1070/1144/1080
f 1026/1119/1081 1025/1116/1081 1057/1145/1081 1058/1148/1081
f 1013/1120/1082 1012/1117/1082 1044/1146/1082 1045/1149/1082
f 1027/1088/1083 1026/1119/1083 1058/1148/1083 1059/1150/1083
f 1014/1090/1084 1013/1120/1084 1045/1149/1084 1046/1151/1084
f 1028/1089/1085 1027/1088/1085 1059/1150/1085 1060/1152/1085
f 1015/1091/1086 1014/1090/1086 1046/1151/1086 1047/1153/1086
f 1029/1092/1087 1028/1089/1087 1060/1152/1087 1061/1121/1087
f 1016/1093/1088 1015/1091/1088 1047/1153/1088 1048/1123/1088
f 1064/1127/1089 1063/1125/1089 1094/1154/1089 1095/1155/1089
f 1051/1128/1090 1050/1126/1090 1081/1156/1090 1082/1157/1090
f 1065/1129/1091 1064/1127/1091 1095/1155/1091 1096/1158/1091
f 1052/1130/1092 1051/1128/1092 1082/1157/1092 1083/1159/1092
f 1066/1131/1093 1065/1129/1093 1096/1158/1093 1097/1160/1093
f 1053/1132/1094 1052/1130/1094 1083/1159/1094 1084/1161/1094
f 1040/1134/1095 1039/1162/1095 1071/1163/1095
f 1067/1135/1096 1066/1131/1096 1097/1160/1096 1098/1164/1096
f 1054/1136/1097 1053/1132/1097 1084/1161/1097 1085/1165/1097
f 1041/1137/1098 1040/1134/1098 1071/1163/1098 1072/1166/1098
f 1068/1138/1099 1067/1135/1099 1098/1164/1099 1099/1167/1099
f 1055/1139/1100 1054/1136/1100 1085/1165/1100 1086/1168/1100
f 1042/1140/1101 1041/1137/1101 1072/1166/1101 1073/1169/1101
f 1069/1141/1102 1068/1138/1102 1099/1167/1102 1100/1170/1102
f 1056/1142/1103 1055/1139/1103 1086/1168/1103 1087/1171/1103
f 1043/1143/1104 1042/1140/1104 1073/1169/1104 1074/1172/1104
f 1070/1144/1105 1069/1141/1105 1100/1170/1105 1101/1173/1105
f 1057/1145/1106 1056/1142/1106 1087/1171/1106 1088/1174/1106
f 1044/1146/1107 1043/1143/1107 1074/1172/1107 1075/1175/1107
f 1226/1176/1108 1070/1144/1108 1101/1173/1108
f 1058/1148/1109 1057/1145/1109 1088/1174/1109 1089/1177/1109
f 1045/1149/1110 1044/1146/1110 1075/1175/1110 1076/1178/1110
f 1059/1150/1111 1058/1148/1111 1089/1177/1111 1090/1179/1111
f 1046/1151/1112 1045/1149/1112 1076/1178/1112 1077/1180/1112
f 1060/1152/1113 1059/1150/1113 1090/1179/1113 1091/1181/1113
f 1047/1153/1114 1046/1151/1114 1077/1180/1114 1078/1182/1114
f 1061/1121/1115 1060/1152/1115 1091/1181/1115 1092/1183/1115
f 1048/1123/1116 1047/1153/1116 1078/1182/1116 1079/1184/1116
f 1062/1122/1117 1061/1121/1117 1092/1183/1117 1093/1185/1117
f 1049/1124/1118 1048/1123/1118 1079/1184/1118 1080/1186/1118
f 1063/1125/1119 1062/1122/1119 1093/1185/1119 1094/1154/1119
f 1050/1126/1120 1049/1124/1120 1080/1186/1120 1081/1156/1120
f 1097/1160/1121 1096/1158/1121 1127/1187/1121 1128/1188/1121
f 1084/1161/1122 1083/1159/1122 1114/1189/1122 1115/1190/1122
f 1071/1163/1123 1039/1191/1123 1102/1192/1123
f 1098/1164/1124 1097/1160/1124 1128/1188/1124 1129/1193/1124
f 1085/1165/1125 1084/1161/1125 1115/1190/1125 1116/1194/1125
f 1072/1166/1126 1071/1163/1126 1102/1192/1126 1103/1195/1126
f 1099/1167/1127 1098/1164/1127 1129/1193/1127 1130/1196/1127
f 1086/1168/1128 1085/1165/1128 1116/1194/1128 1117/1197/1128
f 1073/1169/1129 1072/1166/1129 1103/1195/1129 1104/1198/1129
f 1100/1170/1130 1099/1167/1130 1130/1196/1130 1131/1199/1130
f 1087/1171/1131 1086/1168/1131 1117/1197/1131 1118/1200/1131
f 1074/1172/1132 1073/1169/1132 1104/1198/1132 1105/1201/1132
f 1101/1173/1133 1100/1170/1133 1131/1199/1133 1132/1202/1133
f 1088/1174/1134 1087/1171/1134 1118/1200/1134 1119/1203/1134
f 1075/1175/1135 1074/1172/1135 1105/1201/1135 1106/1204/1135
f 1226/1205/1136 1101/1173/1136 1132/1202/1136
f 1089/1177/1137 1088/1174/1137 1119/1203/1137 1120/1206/1137
f 1076/1178/1138 1075/1175/1138 1106/1204/1138 1107/1207/1138
f 1090/1179/1139 1089/1177/1139 1120/1206/1139 1121/1208/1139
f 1077/1180/1140 1076/1178/1140 1107/1207/1140 1108/1209/1140
f 1091/1181/1141 1090/1179/1141 1121/1208/1141 1122/1210/1141
f 1078/1182/1142 1077/1180/1142 1108/1209/1142 1109/1211/1142
f 1092/1183/1143 1091/1181/1143 1122/1210/1143 1123/1212/1143
f 1079/1184/1144 1078/1182/1144 1109/1211/1144 1110/1213/1144
f 1093/1185/1145 1092/1183/1145 1123/1212/1145 1124/1214/1145
f 1080/1186/1146 1079/1184/1146 1110/1213/1146 1111/1215/1146
f 1094/1154/1147 1093/1185/1147 1124/1214/1147 1125/1216/1147
f 1081/1156/1148 1080/1186/1148 1111/1215/1148 1112/1217/1148
f 1095/1155/1149 1094/1154/1149 1125/1216/1149 1126/1218/1149
f 1082/1157/1150 1081/1156/1150 1112/1217/1150 1113/1219/1150
f 1096/1158/1151 1095/1155/1151 1126/1218/1151 1127/1187/1151
f 1083/1159/1152 1082/1157/1152 1113/1219/1152 1114/1189/1152
f 1130/1196/1153 1129/1193/1153 1160/1220/1153 1161/1221/1153
f 1117/1197/1154 1116/1194/1154 1147/1222/1154 1148/1223/1154
f 1104/1198/1155 1103/1195/1155 1134/1224/1155 1135/1225/1155
f 1131/1199/1156 1130/1196/1156 1161/1221/1156 1162/1226/1156
f 1118/1200/1157 1117/1197/1157 1148/1223/1157 1149/1227/1157
f 1105/1201/1158 1104/1198/1158 1135/1225/1158 1136/1228/1158
f 1132/1202/1159 1131/1199/1159 1162/1226/1159 1163/1229/1159
f 1119/1203/1160 1118/1200/1160 1149/1227/1160 1150/1230/1160
f 1106/1204/1161 1105/1201/1161 1136/1228/1161 1137/1231/1161
f 1226/1232/1162 1132/1202/1162 1163/1229/1162
f 1120/1206/1163 1119/1203/1163 1150/1230/1163 1151/1233/1163
f 1107/1207/1164 1106/1204/1164 1137/1231/1164 1138/1234/1164
f 1121/1208/1165 1120/1206/1165 1151/1233/1165 1152/1235/1165
f 1108/1209/1166 1107/1207/1166 1138/1234/1166 1139/1236/1166
f 1122/1210/1167 1121/1208/1167 1152/1235/1167 1153/1237/1167
f 1109/1211/1168 1108/1209/1168 1139/1236/1168 1140/1238/1168
f 1123/1212/1169 1122/1210/1169 1153/1237/1169 1154/1239/1169
f 1110/1213/1170 1109/1211/1170 1140/1238/1170 1141/1240/1170
f 1124/1214/1171 1123/1212/1171 1154/1239/1171 1155/1241/1171
f 1111/1215/1172 1110/1213/1172 1141/1240/1172 1142/1242/1172
f 1125/1216/1173 1124/1214/1173 1155/1241/1173 1156/1243/1173
f 1112/1217/1174 1111/1215/1174 1142/1242/1174 1143/1244/1174
f 1126/1218/1175 1125/1216/1175 1156/1243/1175 1157/1245/1175
f 1113/1219/1176 1112/1217/1176 1143/1244/1176 1144/1246/1176
f 1127/1187/1177 1126/1218/1177 1157/1245/1177 1158/1247/1177
f 1114/1189/1178 1113/1219/1178 1144/1246/1178 1145/1248/1178
f 1128/1188/1179 1127/1187/1179 1158/1247/1179 1159/1249/1179
f 1115/1190/1180 1114/1189/1180 1145/1248/1180 1146/1250/1180
f 1102/1192/1181 1039/1251/1181 1133/1252/1181
f 1129/1193/1182 1128/1188/1182 1159/1249/1182 1160/1220/1182
f 1116/1194/1183 1115/1190/1183 1146/1250/1183 1147/1222/1183
f 1103/1195/1184 1102/1192/1184 1133/1252/1184 1134/1224/1184
f 1163/1229/1185 1162/1226/1185 1193/1253/1185 1194/1254/1185
f 1150/1230/1186 1149/1227/1186 1180/1255/1186 1181/1256/1186
f 1137/1231/1187 1136/1228/1187 1167/1257/1187 1168/1258/1187
f 1226/1259/1188 1163/1229/1188 1194/1254/1188
f 1151/1233/1189 1150/1230/1189 1181/1256/1189 1182/1260/1189
f 1138/1234/1190 1137/1231/1190 1168/1258/1190 1169/1261/1190
f 1152/1235/1191 1151/1233/1191 1182/1260/1191 1183/1262/1191
f 1139/1236/1192 1138/1234/1192 1169/1261/1192 1170/1263/1192
f 1153/1237/1193 1152/1235/1193 1183/1262/1193 1184/1264/1193
f 1140/1238/1194 1139/1236/1194 1170/1263/1194 1171/1265/1194
f 1154/1239/1195 1153/1237/1195 1184/1264/1195 1185/1266/1195
f 1141/1240/1196 1140/1238/1196 1171/1265/1196 1172/1267/1196
f 1155/1241/1197 1154/1239/1197 1185/1266/1197 1186/1268/1197
f 1142/1242/1198 1141/1240/1198 1172/1267/1198 1173/1269/1198
f 1156/1243/1199 1155/1241/1199 1186/1268/1199 1187/1270/1199
f 1143/1244/1200 1142/1242/1200 1173/1269/1200 1174/1271/1200
f 1157/1245/1201 1156/1243/1201 1187/1270/1201 1188/1272/1201
f 1144/1246/1202 1143/1244/1202 1174/1271/1202 1175/1273/1202
f 1158/1247/1203 1157/1245/1203 1188/1272/1203 1189/1274/1203
f 1145/1248/1204 1144/1246/1204 1175/1273/1204 1176/1275/1204
f 1159/1249/1205 1158/1247/1205 1189/1274/1205 1190/1276/1205
f 1146/1250/1206 1145/1248/1206 1176/1275/1206 1177/1277/1206
f 1133/1252/1207 1039/1278/1207 1164/1279/1207
f 1160/1220/1208 1159/1249/1208 1190/1276/1208 1191/1280/1208
f 1147/1222/1209 1146/1250/1209 1177/1277/1209 1178/1281/1209
f 1134/1224/1210 1133/1252/1210 1164/1279/1210 1165/1282/1210
f 1161/1221/1211 1160/1220/1211 1191/1280/1211 1192/1283/1211
f 1148/1223/1212 1147/1222/1212 1178/1281/1212 1179/1284/1212
f 1135/1225/1213 1134/1224/1213 1165/1282/1213 1166/1285/1213
f 1162/1226/1214 1161/1221/1214 1192/1283/1214 1193/1253/1214
f 1149/1227/1215 1148/1223/1215 1179/1284/1215 1180/1255/1215
f 1136/1228/1216 1135/1225/1216 1166/1285/1216 1167/1257/1216
f 1183/1262/1217 1182/1260/1217 1213/1286/1217 1214/1287/1217
f 1170/1263/1218 1169/1261/1218 1200/1288/1218 1201/1289/1218
f 1184/1264/1219 1183/1262/1219 1214/1287/1219 1215/1290/1219
f 1171/1265/1220 1170/1263/1220 1201/1289/1220 1202/1291/1220
f 1185/1266/1221 1184/1264/1221 1215/1290/1221 1216/1292/1221
f 1172/1267/1222 1171/1265/1222 1202/1291/1222 1203/1293/1222
f 1186/1268/1223 1185/1266/1223 1216/1292/1223 1217/1294/1223
f 1173/1269/1224 1172/1267/1224 1203/1293/1224 1204/1295/1224
f 1187/1270/1225 1186/1268/1225 1217/1294/1225 1218/1296/1225
f 1174/1271/1226 1173/1269/1226 1204/1295/1226 1205/1297/1226
f 1188/1272/1227 1187/1270/1227 1218/1296/1227 1219/1298/1227
f 1175/1273/1228 1174/1271/1228 1205/1297/1228 1206/1299/1228
f 1189/1274/1229 1188/1272/1229 1219/1298/1229 1220/1300/1229
f 1176/1275/1230 1175/1273/1230 1206/1299/1230 1207/1301/1230
f 1190/1276/1231 1189/1274/1231 1220/1300/1231 1221/1302/1231
f 1177/1277/1232 1176/1275/1232 1207/1301/1232 1208/1303/1232
f 1164/1279/1233 1039/1304/1233 1195/1305/1233
f 1191/1280/1234 1190/1276/1234 1221/1302/1234 1222/1306/1234
f 1178/1281/1235 1177/1277/1235 1208/1303/1235 1209/1307/1235
f 1165/1282/1236 1164/1279/1236 1195/1305/1236 1196/1308/1236
f 1192/1283/1237 1191/1280/1237 1222/1306/1237 1223/1309/1237
f 1179/1284/1238 1178/1281/1238 1209/1307/1238 1210/1310/1238
f 1166/1285/1239 1165/1282/1239 1196/1308/1239 1197/1311/1239
f 1193/1253/1240 1192/1283/1240 1223/1309/1240 1224/1312/1240
f 1180/1255/1241 1179/1284/1241 1210/1310/1241 1211/1313/1241
f 1167/1257/1242 1166/1285/1242 1197/1311/1242 1198/1314/1242
f 1194/1254/1243 1193/1253/1243 1224/1312/1243 1225/1315/1243
f 1181/1256/1244 1180/1255/1244 1211/1313/1244 1212/1316/1244
f 1168/1258/1245 1167/1257/1245 1198/1314/1245 1199/1317/1245
f 1226/1318/1246 1194/1254/1246 1225/1315/1246
f 1182/1260/1247 1181/1256/1247 1212/1316/1247 1213/1286/1247
f 1169/1261/1248 1168/1258/1248 1199/1317/1248 1200/1288/1248
f 1216/1292/1249 1215/1290/1249 1247/1319/1249 1248/1320/1249
f 1203/1293/1250 1202/1291/1250 1234/1321/1250 1235/1322/1250
f 1217/1294/1251 1216/1292/1251 1248/1320/1251 1249/1323/1251
f 1204/1295/1252 1203/1293/1252 1235/1322/1252 1236/1324/1252
f 1218/1296/1253 1217/1294/1253 1249/1323/1253 1250/1325/1253
f 1205/1297/1254 1204/1295/1254 1236/1324/1254 1237/1326/1254
f 1219/1298/1255 1218/1296/1255 1250/1325/1255 1251/1327/1255
f 1206/1299/1256 1205/1297/1256 1237/1326/1256 1238/1328/1256
f 1220/1300/1257 1219/1298/1257 1251/1327/1257 1252/1329/1257
f 1207/1301/1258 1206/1299/1258 1238/1328/1258 1239/1330/1258
f 1221/1302/1259 1220/1300/1259 1252/1329/1259 1253/1331/1259
f 1208/1303/1260 1207/1301/1260 1239/1330/1260 1240/1332/1260
f 1195/1305/1261 1039/1333/1261 1227/1334/1261
f 1222/1306/1262 1221/1302/1262 1253/1331/1262 1254/1335/1262
f 1209/1307/1263 1208/1303/1263 1240/1332/1263 1241/1336/1263
f 1196/1308/1264 1195/1305/1264 1227/1334/1264 1228/1337/1264
f 1223/1309/1265 1222/1306/1265 1254/1335/1265 1255/1338/1265
f 1210/1310/1266 1209/1307/1266 1241/1336/1266 1242/1339/1266
f 1197/1311/1267 1196/1308/1267 1228/1337/1267 1229/1340/1267
f 1224/1312/1268 1223/1309/1268 1255/1338/1268 1256/1341/1268
f 1211/1313/1269 1210/1310/1269 1242/1339/1269 1243/1342/1269
f 1198/1314/1270 1197/1311/1270 1229/1340/1270 1230/1343/1270
f 1225/1315/1271 1224/1312/1271 1256/1341/1271 1257/1344/1271
f 1212/1316/1272 1211/1313/1272 1243/1342/1272 1244/1345/1272
f 1199/1317/1273 1198/1314/1273 1230/1343/1273 1231/1346/1273
f 1226/1347/1274 1225/1315/1274 1257/1344/1274
f 1213/1286/1275 1212/1316/1275 1244/1345/1275 1245/1348/1275
f 1200/1288/1276 1199/1317/1276 1231/1346/1276 1232/1349/1276
f 1214/1287/1277 1213/1286/1277 1245/1348/1277 1246/1350/1277
f 1201/1289/1278 1200/1288/1278 1232/1349/1278 1233/1351/1278
f 1215/1290/1279 1214/1287/1279 1246/1350/1279 1247/1319/1279
f 1202/1291/1280 1201/1289/1280 1233/1351/1280 1234/1321/1280
f 1250/1325/1281 1249/1323/1281 1280/1352/1281 1281/1353/1281
f 1237/1326/1282 1236/1324/1282 1267/1354/1282 1268/1355/1282
f 1251/1327/1283 1250/1325/1283 1281/1353/1283 1282/1356/1283
f 1238/1328/1284 1237/1326/1284 1268/1355/1284 1269/1357/1284
f 1252/1329/1285 1251/1327/1285 1282/1356/1285 1283/1358/1285
f 1239/1330/1286 1238/1328/1286 1269/1357/1286 1270/1359/1286
f 1253/1331/1287 1252/1329/1287 1283/1358/1287 1284/1360/1287
f 1240/1332/1288 1239/1330/1288 1270/1359/1288 1271/1361/1288
f 1227/1334/1289 1039/1362/1289 1258/1363/1289
f 1254/1335/1290 1253/1331/1290 1284/1360/1290 1285/1364/1290
f 1241/1336/1291 1240/1332/1291 1271/1361/1291 1272/1365/1291
f 1228/1337/1292 1227/1334/1292 1258/1363/1292 1259/1366/1292
f 1255/1338/1293 1254/1335/1293 1285/1364/1293 1286/1367/1293
f 1242/1339/1294 1241/1336/1294 1272/1365/1294 1273/1368/1294
f 1229/1340/1295 1228/1337/1295 1259/1366/1295 1260/1369/1295
f 1256/1341/1296 1255/1338/1296 1286/1367/1296 1287/1370/1296
f 1243/1342/1297 1242/1339/1297 1273/1368/1297 1274/1371/1297
f 1230/1343/1298 1229/1340/1298 1260/1369/1298 1261/1372/1298
f 1257/1344/1299 1256/1341/1299 1287/1370/1299 1288/1373/1299
f 1244/1345/1300 1243/1342/1300 1274/1371/1300 1275/1374/1300
f 1231/1346/1301 1230/1343/1301 1261/1372/1301 1262/1375/1301
f 1226/1376/1302 1257/1344/1302 1288/1373/1302
f 1245/1348/1303 1244/1345/1303 1275/1374/1303 1276/1377/1303
f 1232/1349/1304 1231/1346/1304 1262/1375/1304 1263/1378/1304
f 1246/1350/1305 1245/1348/1305 1276/1377/1305 1277/1379/1305
f 1233/1351/1306 1232/1349/1306 1263/1378/1306 1264/1380/1306
f 1247/1319/1307 1246/1350/1307 1277/1379/1307 1278/1381/1307
f 1234/1321/1308 1233/1351/1308 1264/1380/1308 1265/1382/1308
f 1248/1320/1309 1247/1319/1309 1278/1381/1309 1279/1383/1309
f 1235/1322/1310 1234/1321/1310 1265/1382/1310 1266/1384/1310
f 1249/1323/1311 1248/1320/1311 1279/1383/1311 1280/1352/1311
f 1236/1324/1312 1235/1322/1312 1266/1384/1312 1267/1354/1312
f 1283/1358/1313 1282/1356/1313 1313/1385/1313 1314/1386/1313
f 1270/1359/1314 1269/1357/1314 1300/1387/1314 1301/1388/1314
f 1284/1360/1315 1283/1358/1315 1314/1386/1315 1315/1389/1315
f 1271/1361/1316 1270/1359/1316 1301/1388/1316 1302/1390/1316
f 1258/1363/1317 1039/1391/1317 1289/1392/1317
f 1285/1364/1318 1284/1360/1318 1315/1389/1318 1316/1393/1318
f 1272/1365/1319 1271/1361/1319 1302/1390/1319 1303/1394/1319
f 1259/1366/1320 1258/1363/1320 1289/1392/1320 1290/1395/1320
f 1286/1367/1321 1285/1364/1321 1316/1393/1321 1317/1396/1321
f 1273/1368/1322 1272/1365/1322 1303/1394/1322 1304/1397/1322
f 1260/1369/1323 1259/1366/1323 1290/1395/1323 1291/1398/1323
f 1287/1370/1324 1286/1367/1324 1317/1396/1324 1318/1399/1324
f 1274/1371/1325 1273/1368/1325 1304/1397/1325 1305/1400/1325
f 1261/1372/1326 1260/1369/1326 1291/1398/1326 1292/1401/1326
f 1288/1373/1327 1287/1370/1327 1318/1399/1327 1319/1402/1327
f 1275/1374/1328 1274/1371/1328 1305/1400/1328 1306/1403/1328
f 1262/1375/1329 1261/1372/1329 1292/1401/1329 1293/1404/1329
f 1226/1405/1330 1288/1373/1330 1319/1402/1330
f 1276/1377/1331 1275/1374/1331 1306/1403/1331 1307/1406/1331
f 1263/1378/1332 1262/1375/1332 1293/1404/1332 1294/1407/1332
f 1277/1379/1333 1276/1377/1333 1307/1406/1333 1308/1408/1333
f 1264/1380/1334 1263/1378/1334 1294/1407/1334 1295/1409/1334
f 1278/1381/1335 1277/1379/1335 1308/1408/1335 1309/1410/1335
f 1265/1382/1336 1264/1380/1336 1295/1409/1336 1296/1411/1336
f 1279/1383/1337 1278/1381/1337 1309/1410/1337 1310/1412/1337
f 1266/1384/1338 1265/1382/1338 1296/1411/1338 1297/1413/1338
f 1280/1352/1339 1279/1383/1339 1310/1412/1339 1311/1414/1339
f 1267/1354/1340 1266/1384/1340 1297/1413/1340 1298/1415/1340
f 1281/1353/1341 1280/1352/1341 1311/1414/1341 1312/1416/1341
f 1268/1355/1342 1267/1354/1342 1298/1415/1342 1299/1417/1342
f 1282/1356/1343 1281/1353/1343 1312/1416/1343 1313/1385/1343
f 1269/1357/1344 1268/1355/1344 1299/1417/1344 1300/1387/1344
f 1289/1392/1345 1039/1418/1345 1320/1419/1345
f 1316/1393/1346 1315/1389/1346 1346/1420/1346 1347/1421/1346
f 1303/1394/1347 1302/1390/1347 1333/1422/1347 1334/1423/1347
f 1290/1395/1348 1289/1392/1348 1320/1419/1348 1321/1424/1348
f 1317/1396/1349 1316/1393/1349 1347/1421/1349 1348/1425/1349
f 1304/1397/1350 1303/1394/1350 1334/1423/1350 1335/1426/1350
f 1291/1398/1351 1290/1395/1351 1321/1424/1351 1322/1427/1351
f 1318/1399/1352 1317/1396/1352 1348/1425/1352 1349/1428/1352
f 1305/1400/1353 1304/1397/1353 1335/1426/1353 1336/1429/1353
f 1292/1401/1354 1291/1398/1354 1322/1427/1354 1323/1430/1354
f 1319/1402/1355 1318/1399/1355 1349/1428/1355 1350/1431/1355
f 1306/1403/1356 1305/1400/1356 1336/1429/1356 1337/1432/1356
f 1293/1404/1357 1292/1401/1357 1323/1430/1357 1324/1433/1357
f 1226/1434/1358 1319/1402/1358 1350/1431/1358
f 1307/1406/1359 1306/1403/1359 1337/1432/1359 1338/1435/1359
f 1294/1407/1360 1293/1404/1360 1324/1433/1360 1325/1436/1360
f 1308/1408/1361 1307/1406/1361 1338/1435/1361 1339/1437/1361
f 1295/1409/1362 1294/1407/1362 1325/1436/1362 1326/1438/1362
f 1309/1410/1363 1308/1408/1363 1339/1437/1363 1340/1439/1363
f 1296/1411/1364 1295/1409/1364 1326/1438/1364 1327/1440/1364
f 1310/1412/1365 1309/1410/1365 1340/1439/1365 1341/1441/1365
f 1297/1413/1366 1296/1411/1366 1327/1440/1366 1328/1442/1366
f 1311/1414/1367 1310/1412/1367 1341/1441/1367 1342/1443/1367
f 1298/1415/1368 1297/1413/1368 1328/1442/1368 1329/1444/1368
f 1312/1416/1369 1311/1414/1369 1342/1443/1369 1343/1445/1369
f 1299/1417/1370 1298/1415/1370 1329/1444/1370 1330/1446/1370
f 1313/1385/1371 1312/1416/1371 1343/1445/1371 1344/1447/1371
f 1300/1387/1372 1299/1417/1372 1330/1446/1372 1331/1448/1372
f 1314/1386/1373 1313/1385/1373 1344/1447/1373 1345/1449/1373
f 1301/1388/1374 1300/1387/1374 1331/1448/1374 1332/1450/1374
f 1315/1389/1375 1314/1386/1375 1345/1449/1375 1346/1420/1375
f 1302/1390/1376 1301/1388/1376 1332/1450/1376 1333/1422/1376
f 1322/1427/1377 1321/1424/1377 1352/1451/1377 1353/1452/1377
f 1349/1428/1378 1348/1425/1378 1379/1453/1378 1380/1454/1378
f 1336/1429/1379 1335/1426/1379 1366/1455/1379 1367/1456/1379
f 1323/1430/1380 1322/1427/1380 1353/1452/1380 1354/1457/1380
f 1350/1431/1381 1349/1428/1381 1380/1454/1381 1381/1458/1381
f 1337/1432/1382 1336/1429/1382 1367/1456/1382 1368/1459/1382
f 1324/1433/1383 1323/1430/1383 1354/1457/1383 1355/1460/1383
f 1226/1461/1384 1350/1431/1384 1381/1458/1384
f 1338/1435/1385 1337/1432/1385 1368/1459/1385 1369/1462/1385
f 1325/1436/1386 1324/1433/1386 1355/1460/1386 1356/1463/1386
f 1339/1437/1387 1338/1435/1387 1369/1462/1387 1370/1464/1387
f 1326/1438/1388 1325/1436/1388 1356/1463/1388 1357/1465/1388
f 1340/1439/1389 1339/1437/1389 1370/1464/1389 1371/1466/1389
f 1327/1440/1390 1326/1438/1390 1357/1465/1390 1358/1467/1390
f 1341/1441/1391 1340/1439/1391 1371/1466/1391 1372/1468/1391
f 1328/1442/1392 1327/1440/1392 1358/1467/1392 1359/1469/1392
f 1342/1443/1393 1341/1441/1393 1372/1468/1393 1373/1470/1393
f 1329/1444/1394 1328/1442/1394 1359/1469/1394 1360/1471/1394
f 1343/1445/1395 1342/1443/1395 1373/1470/1395 1374/1472/1395
f 1330/1446/1396 1329/1444/1396 1360/1471/1396 1361/1473/1396
f 1344/1447/1397 1343/1445/1397 1374/1472/1397 1375/1474/1397
f 1331/1448/1398 1330/1446/1398 1361/1473/1398 1362/1475/1398
f 1345/1449/1399 1344/1447/1399 1375/1474/1399 1376/1476/1399
f 1332/1450/1400 1331/1448/1400 1362/1475/1400 1363/1477/1400
f 1346/1420/1401 1345/1449/1401 1376/1476/1401 1377/1478/1401
f 1333/1422/1402 1332/1450/1402 1363/1477/1402 1364/1479/1402
f 1320/1419/1403 1039/1480/1403 1351/1481/1403
f 1347/1421/1404 1346/1420/1404 1377/1478/1404 1378/1482/1404
f 1334/1423/1405 1333/1422/1405 1364/1479/1405 1365/1483/1405
f 1321/1424/1406 1320/1419/1406 1351/1481/1406 1352/1451/1406
f 1348/1425/1407 1347/1421/1407 1378/1482/1407 1379/1453/1407
f 1335/1426/1408 1334/1423/1408 1365/1483/1408 1366/1455/1408
f 1355/1460/1409 1354/1457/1409 1385/1484/1409 1386/1485/1409
f 1226/1486/1410 1381/1458/1410 1412/1487/1410
f 1369/1462/1411 1368/1459/1411 1399/1488/1411 1400/1489/1411
f 1356/1463/1412 1355/1460/1412 1386/1485/1412 1387/1490/1412
f 1370/1464/1413 1369/1462/1413 1400/1489/1413 1401/1491/1413
f 1357/1465/1414 1356/1463/1414 1387/1490/1414 1388/1492/1414
f 1371/1466/1415 1370/1464/1415 1401/1491/1415 1402/1493/1415
f 1358/1467/1416 1357/1465/1416 1388/1492/1416 1389/1494/1416
f 1372/1468/1417 1371/1466/1417 1402/1493/1417 1403/1495/1417
f 1359/1469/1418 1358/1467/1418 1389/1494/1418 1390/1496/1418
f 1373/1470/1419 1372/1468/1419 1403/1495/1419 1404/1497/1419
f 1360/1471/1420 1359/1469/1420 1390/1496/1420 1391/1498/1420
f 1374/1472/1421 1373/1470/1421 1404/1497/1421 1405/1499/1421
f 1361/1473/1422 1360/1471/1422 1391/1498/1422 1392/1500/1422
f 1375/1474/1423 1374/1472/1423 1405/1499/1423 1406/1501/1423
f 1362/1475/1424 1361/1473/1424 1392/1500/1424 1393/1502/1424
f 1376/1476/1425 1375/1474/1425 1406/1501/1425 1407/1503/1425
f 1363/1477/1426 1362/1475/1426 1393/1502/1426 1394/1504/1426
f 1377/1478/1427 1376/1476/1427 1407/1503/1427 1408/1505/1427
f 1364/1479/1428 1363/1477/1428 1394/1504/1428 1395/1506/1428
f 1351/1481/1429 1039/1507/1429 1382/1508/1429
f 1378/1482/1430 1377/1478/1430 1408/1505/1430 1409/1509/1430
f 1365/1483/1431 1364/1479/1431 1395/1506/1431 1396/1510/1431
f 1352/1451/1432 1351/1481/1432 1382/1508/1432 1383/1511/1432
f 1379/1453/1433 1378/1482/1433 1409/1509/1433 1410/1512/1433
f 1366/1455/1434 1365/1483/1434 1396/1510/1434 1397/1513/1434
f 1353/1452/1435 1352/1451/1435 1383/1511/1435 1384/1514/1435
f 1380/1454/1436 1379/1453/1436 1410/1512/1436 1411/1515/1436
f 1367/1456/1437 1366/1455/1437 1397/1513/1437 1398/1516/1437
f 1354/1457/1438 1353/1452/1438 1384/1514/1438 1385/1484/1438
f 1381/1458/1439 1380/1454/1439 1411/1515/1439 1412/1487/1439
f 1368/1459/1440 1367/1456/1440 1398/1516/1440 1399/1488/1440
f 1388/1492/1441 1387/1490/1441 1418/1517/1441 1419/1518/1441
f 1402/1493/1442 1401/1491/1442 1432/1519/1442 1433/1520/1442
f 1389/1494/1443 1388/1492/1443 1419/1518/1443 1420/1521/1443
f 1403/1495/1444 1402/1493/1444 1433/1520/1444 1434/1522/1444
f 1390/1496/1445 1389/1494/1445 1420/1521/1445 1421/1523/1445
f 1404/1497/1446 1403/1495/1446 1434/1522/1446 1435/1524/1446
f 1391/1498/1447 1390/1496/1447 1421/1523/1447 1422/1525/1447
f 1405/1499/1448 1404/1497/1448 1435/1524/1448 1436/1526/1448
f 1392/1500/1449 1391/1498/1449 1422/1525/1449 1423/1527/1449
f 1406/1501/1450 1405/1499/1450 1436/1526/1450 1437/1528/1450
f 1393/1502/1451 1392/1500/1451 1423/1527/1451 1424/1529/1451
f 1407/1503/1452 1406/1501/1452 1437/1528/1452 1438/1530/1452
f 1394/1504/1453 1393/1502/1453 1424/1529/1453 1425/1531/1453
f 1408/1505/1454 1407/1503/1454 1438/1530/1454 1439/1532/1454
f 1395/1506/1455 1394/1504/1455 1425/1531/1455 1426/1533/1455
f 1382/1508/1456 1039/1534/1456 1413/1535/1456
f 1409/1509/1457 1408/1505/1457 1439/1532/1457 1440/1536/1457
f 1396/1510/1458 1395/1506/1458 1426/1533/1458 1427/1537/1458
f 1383/1511/1459 1382/1508/1459 1413/1535/1459 1414/1538/1459
f 1410/1512/1460 1409/1509/1460 1440/1536/1460 1441/1539/1460
f 1397/1513/1461 1396/1510/1461 1427/1537/1461 1428/1540/1461
f 1384/1514/1462 1383/1511/1462 1414/1538/1462 1415/1541/1462
f 1411/1515/1463 1410/1512/1463 1441/1539/1463 1442/1542/1463
f 1398/1516/1464 1397/1513/1464 1428/1540/1464 1429/1543/1464
f 1385/1484/1465 1384/1514/1465 1415/1541/1465 1416/1544/1465
f 1412/1487/1466 1411/1515/1466 1442/1542/1466 1443/1545/1466
f 1399/1488/1467 1398/1516/1467 1429/1543/1467 1430/1546/1467
f 1386/1485/1468 1385/1484/1468 1416/1544/1468 1417/1547/1468
f 1226/1548/1469 1412/1487/1469 1443/1545/1469
f 1400/1489/1470 1399/1488/1470 1430/1546/1470 1431/1549/1470
f 1387/1490/1471 1386/1485/1471 1417/1547/1471 1418/1517/1471
f 1401/1491/1472 1400/1489/1472 1431/1549/1472 1432/1519/1472
f 1421/1523/1473 1420/1521/1473 1451/1550/1473 1452/1551/1473
f 1435/1524/1474 1434/1522/1474 1465/1552/1474 1466/1553/1474
f 1422/1525/1475 1421/1523/1475 1452/1551/1475 1453/1554/1475
f 1436/1526/1476 1435/1524/1476 1466/1553/1476 1467/1555/1476
f 1423/1527/1477 1422/1525/1477 1453/1554/1477 1454/1556/1477
f 1437/1528/1478 1436/1526/1478 1467/1555/1478 1468/1557/1478
f 1424/1529/1479 1423/1527/1479 1454/1556/1479 1455/1558/1479
f 1438/1530/1480 1437/1528/1480 1468/1557/1480 1469/1559/1480
f 1425/1531/1481 1424/1529/1481 1455/1558/1481 1456/1560/1481
f 1439/1532/1482 1438/1530/1482 1469/1559/1482 1470/1561/1482
f 1426/1533/1483 1425/1531/1483 1456/1560/1483 1457/1562/1483
f 1413/1535/1484 1039/1563/1484 1444/1564/1484
f 1440/1536/1485 1439/1532/1485 1470/1561/1485 1471/1565/1485
f 1427/1537/1486 1426/1533/1486 1457/1562/1486 1458/1566/1486
f 1414/1538/1487 1413/1535/1487 1444/1564/1487 1445/1567/1487
f 1441/1539/1488 1440/1536/1488 1471/1565/1488 1472/1568/1488
f 1428/1540/1489 1427/1537/1489 1458/1566/1489 1459/1569/1489
f 1415/1541/1490 1414/1538/1490 1445/1567/1490 1446/1570/1490
f 1442/1542/1491 1441/1539/1491 1472/1568/1491 1473/1571/1491
f 1429/1543/1492 1428/1540/1492 1459/1569/1492 1460/1572/1492
f 1416/1544/1493 1415/1541/1493 1446/1570/1493 1447/1573/1493
f 1443/1545/1494 1442/1542/1494 1473/1571/1494 1474/1574/1494
f 1430/1546/1495 1429/1543/1495 1460/1572/1495 1461/1575/1495
f 1417/1547/1496 1416/1544/1496 1447/1573/1496 1448/1576/1496
f 1226/1577/1497 1443/1545/1497 1474/1574/1497
f 1431/1549/1498 1430/1546/1498 1461/1575/1498 1462/1578/1498
f 1418/1517/1499 1417/1547/1499 1448/1576/1499 1449/1579/1499
f 1432/1519/1500 1431/1549/1500 1462/1578/1500 1463/1580/1500
f 1419/1518/1501 1418/1517/1501 1449/1579/1501 1450/1581/1501
f 1433/1520/1502 1432/1519/1502 1463/1580/1502 1464/1582/1502
f 1420/1521/1503 1419/1518/1503 1450/1581/1503 1451/1550/1503
f 1434/1522/1504 1433/1520/1504 1464/1582/1504 1465/1552/1504
f 1454/1556/1505 1453/1554/1505 1484/1583/1505 1485/1584/1505
f 1468/1557/1506 1467/1555/1506 1498/1585/1506 1499/1586/1506
f 1455/1558/1507 1454/1556/1507 1485/1584/1507 1486/1587/1507
f 1469/1559/1508 1468/1557/1508 1499/1586/1508 1500/1588/1508
f 1456/1560/1509 1455/1558/1509 1486/1587/1509 1487/1589/1509
f 1470/1561/1510 1469/1559/1510 1500/1588/1510 1501/1590/1510
f 1457/1562/1511 1456/1560/1511 1487/1589/1511 1488/1591/1511
f 1444/1564/1512 1039/1592/1512 1475/1593/1512
f 1471/1565/1513 1470/1561/1513 1501/1590/1513 1502/1594/1513
f 1458/1566/1514 1457/1562/1514 1488/1591/1514 1489/1595/1514
f 1445/1567/1515 1444/1564/1515 1475/1593/1515 1476/1596/1515
f 1472/1568/1516 1471/1565/1516 1502/1594/1516 1503/1597/1516
f 1459/1569/1517 1458/1566/1517 1489/1595/1517 1490/1598/1517
f 1446/1570/1518 1445/1567/1518 1476/1596/1518 1477/1599/1518
f 1473/1571/1519 1472/1568/1519 1503/1597/1519 1504/1600/1519
f 1460/1572/1520 1459/1569/1520 1490/1598/1520 1491/1601/1520
f 1447/1573/1521 1446/1570/1521 1477/1599/1521 1478/1602/1521
f 1474/1574/1522 1473/1571/1522 1504/1600/1522 1505/1603/1522
f 1461/1575/1523 1460/1572/1523 1491/1601/1523 1492/1604/1523
f 1448/1576/1524 1447/1573/1524 1478/1602/1524 1479/1605/1524
f 1226/1606/1525 1474/1574/1525 1505/1603/1525
f 1462/1578/1526 1461/1575/1526 1492/1604/1526 1493/1607/1526
f 1449/1579/1527 1448/1576/1527 1479/1605/1527 1480/1608/1527
f 1463/1580/1528 1462/1578/1528 1493/1607/1528 1494/1609/1528
f 1450/1581/1529 1449/1579/1529 1480/1608/1529 1481/1610/1529
f 1464/1582/1530 1463/1580/1530 1494/1609/1530 1495/1611/1530
f 1451/1550/1531 1450/1581/1531 1481/1610/1531 1482/1612/1531
f 1465/1552/1532 1464/1582/1532 1495/1611/1532 1496/1613/1532
f 1452/1551/1533 1451/1550/1533 1482/1612/1533 1483/1614/1533
f 1466/1553/1534 1465/1552/1534 1496/1613/1534 1497/1615/1534
f 1453/1554/1535 1452/1551/1535 1483/1614/1535 1484/1583/1535
f 1467/1555/1536 1466/1553/1536 1497/1615/1536 1498/1585/1536
f 1487/1616/1537 1486/1617/1537 1517/1618/1537 1518/1619/1537
f 1501/1620/1538 1500/1621/1538 1531/1622/1538 1532/1623/1538
f 1488/1624/1539 1487/1616/1539 1518/1619/1539 1519/1625/1539
f 1475/1626/1540 1039/1627/1540 1506/1628/1540
f 1502/1629/1541 1501/1620/1541 1532/1623/1541 1533/1630/1541
f 1489/1631/1542 1488/1624/1542 1519/1625/1542 1520/1632/1542
f 1476/1633/1543 1475/1626/1543 1506/1628/1543 1507/1634/1543
f 1503/1635/1544 1502/1629/1544 1533/1630/1544 1534/1636/1544
f 1490/1637/1545 1489/1631/1545 1520/1632/1545 1521/1638/1545
f 1477/1639/1546 1476/1633/1546 1507/1634/1546 1508/1640/1546
f 1504/1641/1547 1503/1635/1547 1534/1636/1547 1535/1642/1547
f 1491/1643/1548 1490/1637/1548 1521/1638/1548 1522/1644/1548
f 1478/1645/1549 1477/1639/1549 1508/1640/1549 1509/1646/1549
f 1505/1647/1550 1504/1641/1550 1535/1642/1550 1536/1648/1550
f 1492/1649/1551 1491/1643/1551 1522/1644/1551 1523/1650/1551
f 1479/1651/1552 1478/1645/1552 1509/1646/1552 1510/1652/1552
f 1226/1653/1553 1505/1647/1553 1536/1648/1553
f 1493/1654/1554 1492/1649/1554 1523/1650/1554 1524/1655/1554
f 1480/1656/1555 1479/1651/1555 1510/1652/1555 1511/1657/1555
f 1494/1658/1556 1493/1654/1556 1524/1655/1556 1525/1659/1556
f 1481/1660/1557 1480/1656/1557 1511/1657/1557 1512/1661/1557
f 1495/1662/1558 1494/1658/1558 1525/1659/1558 1526/1663/1558
f 1482/1664/1559 1481/1660/1559 1512/1661/1559 1513/1665/1559
f 1496/1666/1560 1495/1662/1560 1526/1663/1560 1527/1667/1560
f 1483/1668/1561 1482/1664/1561 1513/1665/1561 1514/1669/1561
f 1497/1670/1562 1496/1666/1562 1527/1667/1562 1528/1671/1562
f 1484/1672/1563 1483/1668/1563 1514/1669/1563 1515/1673/1563
f 1498/1674/1564 1497/1670/1564 1528/1671/1564 1529/1675/1564
f 1485/1676/1565 1484/1672/1565 1515/1673/1565 1516/1677/1565
f 1499/1678/1566 1498/1674/1566 1529/1675/1566 1530/1679/1566
f 1486/1617/1567 1485/1676/1567 1516/1677/1567 1517/1618/1567
f 1500/1621/1568 1499/1678/1568 1530/1679/1568 1531/1622/1568
f 1520/1632/1569 1519/1625/1569 1550/1680/1569 1551/1681/1569
f 1507/1634/1570 1506/1628/1570 1537/1682/1570 1538/1683/1570
f 1534/1636/1571 1533/1630/1571 1564/1684/1571 1565/1685/1571
f 1521/1638/1572 1520/1632/1572 1551/1681/1572 1552/1686/1572
f 1508/1640/1573 1507/1634/1573 1538/1683/1573 1539/1687/1573
f 1535/1642/1574 1534/1636/1574 1565/1685/1574 1566/1688/1574
f 1522/1644/1575 1521/1638/1575 1552/1686/1575 1553/1689/1575
f 1509/1646/1576 1508/1640/1576 1539/1687/1576 1540/1690/1576
f 1536/1648/1577 1535/1642/1577 1566/1688/1577 1567/1691/1577
f 1523/1650/1578 1522/1644/1578 1553/1689/1578 1554/1692/1578
f 1510/1652/1579 1509/1646/1579 1540/1690/1579 1541/1693/1579
f 1226/1694/1580 1536/1648/1580 1567/1691/1580
f 1524/1655/1581 1523/1650/1581 1554/1692/1581 1555/1695/1581
f 1511/1657/1582 1510/1652/1582 1541/1693/1582 1542/1696/1582
f 1525/1659/1583 1524/1655/1583 1555/1695/1583 1556/1697/1583
f 1512/1661/1584 1511/1657/1584 1542/1696/1584 1543/1698/1584
f 1526/1663/1585 1525/1659/1585 1556/1697/1585 1557/1699/1585
f 1513/1665/1586 1512/1661/1586 1543/1698/1586 1544/1700/1586
f 1527/1667/1587 1526/1663/1587 1557/1699/1587 1558/1701/1587
f 1514/1669/1588 1513/1665/1588 1544/1700/1588 1545/1702/1588
f 1528/1671/1589 1527/1667/1589 1558/1701/1589 1559/1703/1589
f 1515/1673/1590 1514/1669/1590 1545/1702/1590 1546/1704/1590
f 1529/1675/1591 1528/1671/1591 1559/1703/1591 1560/1705/1591
f 1516/1677/1592 1515/1673/1592 1546/1704/1592 1547/1706/1592
f 1530/1679/1593 1529/1675/1593 1560/1705/1593 1561/1707/1593
f 1517/1618/1594 1516/1677/1594 1547/1706/1594 1548/1708/1594
f 1531/1622/1595 1530/1679/1595 1561/1707/1595 1562/1709/1595
f 1518/1619/1596 1517/1618/1596 1548/1708/1596 1549/1710/1596
f 1532/1623/1597 1531/1622/1597 1562/1709/1597 1563/1711/1597
f 1519/1625/1598 1518/1619/1598 1549/1710/1598 1550/1680/1598
f 1506/1628/1599 1039/1712/1599 1537/1682/1599
f 1533/1630/1600 1532/1623/1600 1563/1711/1600 1564/1684/1600
f 1553/1689/1601 1552/1686/1601 1583/1713/1601 1584/1714/1601
f 1540/1690/1602 1539/1687/1602 1570/1715/1602 1571/1716/1602
f 1567/1691/1603 1566/1688/1603 1597/1717/1603 1598/1718/1603
f 1554/1692/1604 1553/1689/1604 1584/1714/1604 1585/1719/1604
f 1541/1693/1605 1540/1690/1605 1571/1716/1605 1572/1720/1605
f 1226/1721/1606 1567/1691/1606 1598/1718/1606
f 1555/1695/1607 1554/1692/1607 1585/1719/1607 1586/1722/1607
f 1542/1696/1608 1541/1693/1608 1572/1720/1608 1573/1723/1608
f 1556/1697/1609 1555/1695/1609 1586/1722/1609 1587/1724/1609
f 1543/1698/1610 1542/1696/1610 1573/1723/1610 1574/1725/1610
f 1557/1699/1611 1556/1697/1611 1587/1724/1611 1588/1726/1611
f 1544/1700/1612 1543/1698/1612 1574/1725/1612 1575/1727/1612
f 1558/1701/1613 1557/1699/1613 1588/1726/1613 1589/1728/1613
f 1545/1702/1614 1544/1700/1614 1575/1727/1614 1576/1729/1614
f 1559/1703/1615 1558/1701/1615 1589/1728/1615 1590/1730/1615
f 1546/1704/1616 1545/1702/1616 1576/1729/1616 1577/1731/1616
f 1560/1705/1617 1559/1703/1617 1590/1730/1617 1591/1732/1617
f 1547/1706/1618 1546/1704/1618 1577/1731/1618 1578/1733/1618
f 1561/1707/1619 1560/1705/1619 1591/1732/1619 1592/1734/1619
f 1548/1708/1620 1547/1706/1620 1578/1733/1620 1579/1735/1620
f 1562/1709/1621 1561/1707/1621 1592/1734/1621 1593/1736/1621
f 1549/1710/1622 1548/1708/1622 1579/1735/1622 1580/1737/1622
f 1563/1711/1623 1562/1709/1623 1593/1736/1623 1594/1738/1623
f 1550/1680/1624 1549/1710/1624 1580/1737/1624 1581/1739/1624
f 1537/1682/1625 1039/1740/1625 1568/1741/1625
f 1564/1684/1626 1563/1711/1626 1594/1738/1626 1595/1742/1626
f 1551/1681/1627 1550/1680/1627 1581/1739/1627 1582/1743/1627
f 1538/1683/1628 1537/1682/1628 1568/1741/1628 1569/1744/1628
f 1565/1685/1629 1564/1684/1629 1595/1742/1629 1596/1745/1629
f 1552/1686/1630 1551/1681/1630 1582/1743/1630 1583/1713/1630
f 1539/1687/1631 1538/1683/1631 1569/1744/1631 1570/1715/1631
f 1566/1688/1632 1565/1685/1632 1596/1745/1632 1597/1717/1632
f 1568/1741/1633 1039/1746/1633 1599/1747/1633
f 1595/1742/1634 1594/1738/1634 1625/1748/1634 1626/1749/1634
f 1582/1743/1635 1581/1739/1635 1612/1750/1635 1613/1751/1635
f 1569/1744/1636 1568/1741/1636 1599/1747/1636 1600/1752/1636
f 1596/1745/1637 1595/1742/1637 1626/1749/1637 1627/1753/1637
f 1583/1713/1638 1582/1743/1638 1613/1751/1638 1614/1754/1638
f 1570/1715/1639 1569/1744/1639 1600/1752/1639 1601/1755/1639
f 1597/1717/1640 1596/1745/1640 1627/1753/1640 1628/1756/1640
f 1584/1714/1641 1583/1713/1641 1614/1754/1641 1615/1757/1641
f 1571/1716/1642 1570/1715/1642 1601/1755/1642 1602/1758/1642
f 1598/1718/1643 1597/1717/1643 1628/1756/1643 1629/1759/1643
f 1585/1719/1644 1584/1714/1644 1615/1757/1644 1616/1760/1644
f 1572/1720/1645 1571/1716/1645 1602/1758/1645 1603/1761/1645
f 1226/1762/1646 1598/1718/1646 1629/1759/1646
f 1586/1722/1647 1585/1719/1647 1616/1760/1647 1617/1763/1647
f 1573/1723/1648 1572/1720/1648 1603/1761/1648 1604/1764/1648
f 1587/1724/1649 1586/1722/1649 1617/1763/1649 1618/1765/1649
f 1574/1725/1650 1573/1723/1650 1604/1764/1650 1605/1766/1650
f 1588/1726/1651 1587/1724/1651 1618/1765/1651 1619/1767/1651
f 1575/1727/1652 1574/1725/1652 1605/1766/1652 1606/1768/1652
f 1589/1728/1653 1588/1726/1653 1619/1767/1653 1620/1769/1653
f 1576/1729/1654 1575/1727/1654 1606/1768/1654 1607/1770/1654
f 1590/1730/1655 1589/1728/1655 1620/1769/1655 1621/1771/1655
f 1577/1731/1656 1576/1729/1656 1607/1770/1656 1608/1772/1656
f 1591/1732/1657 1590/1730/1657 1621/1771/1657 1622/1773/1657
f 1578/1733/1658 1577/1731/1658 1608/1772/1658 1609/1774/1658
f 1592/1734/1659 1591/1732/1659 1622/1773/1659 1623/1775/1659
f 1579/1735/1660 1578/1733/1660 1609/1774/1660 1610/1776/1660
f 1593/1736/1661 1592/1734/1661 1623/1775/1661 1624/1777/1661
f 1580/1737/1662 1579/1735/1662 1610/1776/1662 1611/1778/1662
f 1594/1738/1663 1593/1736/1663 1624/1777/1663 1625/1748/1663
f 1581/1739/1664 1580/1737/1664 1611/1778/1664 1612/1750/1664
f 1601/1755/1665 1600/1752/1665 1631/1779/1665 1632/1780/1665
f 1628/1756/1666 1627/1753/1666 1658/1781/1666 1659/1782/1666
f 1615/1757/1667 1614/1754/1667 1645/1783/1667 1646/1784/1667
f 1602/1758/1668 1601/1755/1668 1632/1780/1668 1633/1785/1668
f 1629/1759/1669 1628/1756/1669 1659/1782/1669 1660/1786/1669
f 1616/1760/1670 1615/1757/1670 1646/1784/1670 1647/1787/1670
f 1603/1761/1671 1602/1758/1671 1633/1785/1671 1634/1788/1671
f 1226/1789/1672 1629/1759/1672 1660/1786/1672
f 1617/1763/1673 1616/1760/1673 1647/1787/1673 1648/1790/1673
f 1604/1764/1674 1603/1761/1674 1634/1788/1674 1635/1791/1674
f 1618/1765/1675 1617/1763/1675 1648/1790/1675 1649/1792/1675
f 1605/1766/1676 1604/1764/1676 1635/1791/1676 1636/1793/1676
f 1619/1767/1677 1618/1765/1677 1649/1792/1677 1650/1794/1677
f 1606/1768/1678 1605/1766/1678 1636/1793/1678 1637/1795/1678
f 1620/1769/1679 1619/1767/1679 1650/1794/1679 1651/1796/1679
f 1607/1770/1680 1606/1768/1680 1637/1795/1680 1638/1797/1680
f 1621/1771/1681 1620/1769/1681 1651/1796/1681 1652/1798/1681
f 1608/1772/1682 1607/1770/1682 1638/1797/1682 1639/1799/1682
f 1622/1773/1683 1621/1771/1683 1652/1798/1683 1653/1800/1683
f 1609/1774/1684 1608/1772/1684 1639/1799/1684 1640/1801/1684
f 1623/1775/1685 1622/1773/1685 1653/1800/1685 1654/1802/1685
f 1610/1776/1686 1609/1774/1686 1640/1801/1686 1641/1803/1686
f 1624/1777/1687 1623/1775/1687 1654/1802/1687 1655/1804/1687
f 1611/1778/1688 1610/1776/1688 1641/1803/1688 1642/1805/1688
f 1625/1748/1689 1624/1777/1689 1655/1804/1689 1656/1806/1689
f 1612/1750/1690 1611/1778/1690 1642/1805/1690 1643/1807/1690
f 1599/1747/1691 1039/1808/1691 1630/1809/1691
f 1626/1749/1692 1625/1748/1692 1656/1806/1692 1657/1810/1692
f 1613/1751/1693 1612/1750/1693 1643/1807/1693 1644/1811/1693
f 1600/1752/1694 1599/1747/1694 1630/1809/1694 1631/1779/1694
f 1627/1753/1695 1626/1749/1695 1657/1810/1695 1658/1781/1695
f 1614/1754/1696 1613/1751/1696 1644/1811/1696 1645/1783/1696
f 1634/1788/1697 1633/1785/1697 1664/1812/1697 1665/1813/1697
f 1226/1814/1698 1660/1786/1698 1691/1815/1698
f 1648/1790/1699 1647/1787/1699 1678/1816/1699 1679/1817/1699
f 1635/1791/1700 1634/1788/1700 1665/1813/1700 1666/1818/1700
f 1649/1792/1701 1648/1790/1701 1679/1817/1701 1680/1819/1701
f 1636/1793/1702 1635/1791/1702 1666/1818/1702 1667/1820/1702
f 1650/1794/1703 1649/1792/1703 1680/1819/1703 1681/1821/1703
f 1637/1795/1704 1636/1793/1704 1667/1820/1704 1668/1822/1704
f 1651/1796/1705 1650/1794/1705 1681/1821/1705 1682/1823/1705
f 1638/1797/1706 1637/1795/1706 1668/1822/1706 1669/1824/1706
f 1652/1798/1707 1651/1796/1707 1682/1823/1707 1683/1825/1707
f 1639/1799/1708 1638/1797/1708 1669/1824/1708 1670/1826/1708
f 1653/1800/1709 1652/1798/1709 1683/1825/1709 1684/1827/1709
f 1640/1801/1710 1639/1799/1710 1670/1826/1710 1671/1828/1710
f 1654/1802/1711 1653/1800/1711 1684/1827/1711 1685/1829/1711
f 1641/1803/1712 1640/1801/1712 1671/1828/1712 1672/1830/1712
f 1655/1804/1713 1654/1802/1713 1685/1829/1713 1686/1831/1713
f 1642/1805/1714 1641/1803/1714 1672/1830/1714 1673/1832/1714
f 1656/1806/1715 1655/1804/1715 1686/1831/1715 1687/1833/1715
f 1643/1807/1716 1642/1805/1716 1673/1832/1716 1674/1834/1716
f 1630/1809/1717 1039/1835/1717 1661/1836/1717
f 1657/1810/1718 1656/1806/1718 1687/1833/1718 1688/1837/1718
f 1644/1811/1719 1643/1807/1719 1674/1834/1719 1675/1838/1719
f 1631/1779/1720 1630/1809/1720 1661/1836/1720 1662/1839/1720
f 1658/1781/1721 1657/1810/1721 1688/1837/1721 1689/1840/1721
f 1645/1783/1722 1644/1811/1722 1675/1838/1722 1676/1841/1722
f 1632/1780/1723 1631/1779/1723 1662/1839/1723 1663/1842/1723
f 1659/1782/1724 1658/1781/1724 1689/1840/1724 1690/1843/1724
f 1646/1784/1725 1645/1783/1725 1676/1841/1725 1677/1844/1725
f 1633/1785/1726 1632/1780/1726 1663/1842/1726 1664/1812/1726
f 1660/1786/1727 1659/1782/1727 1690/1843/1727 1691/1815/1727
f 1647/1787/1728 1646/1784/1728 1677/1844/1728 1678/1816/1728
f 1667/1820/1729 1666/1818/1729 1697/1845/1729 1698/1846/1729
f 1681/1821/1730 1680/1819/1730 1711/1847/1730 1712/1848/1730
f 1668/1822/1731 1667/1820/1731 1698/1846/1731 1699/1849/1731
f 1682/1823/1732 1681/1821/1732 1712/1848/1732 1713/1850/1732
f 1669/1824/1733 1668/1822/1733 1699/1849/1733 1700/1851/1733
f 1683/1825/1734 1682/1823/1734 1713/1850/1734 1714/1852/1734
f 1670/1826/1735 1669/1824/1735 1700/1851/1735 1701/1853/1735
f 1684/1827/1736 1683/1825/1736 1714/1852/1736 1715/1854/1736
f 1671/1828/1737 1670/1826/1737 1701/1853/1737 1702/1855/1737
f 1685/1829/1738 1684/1827/1738 1715/1854/1738 1716/1856/1738
f 1672/1830/1739 1671/1828/1739 1702/1855/1739 1703/1857/1739
f 1686/1831/1740 1685/1829/1740 1716/1856/1740 1717/1858/1740
f 1673/1832/1741 1672/1830/1741 1703/1857/1741 1704/1859/1741
f 1687/1833/1742 1686/1831/1742 1717/1858/1742 1718/1860/1742
f 1674/1834/1743 1673/1832/1743 1704/1859/1743 1705/1861/1743
f 1661/1836/1744 1039/1862/1744 1692/1863/1744
f 1688/1837/1745 1687/1833/1745 1718/1860/1745 1719/1864/1745
f 1675/1838/1746 1674/1834/1746 1705/1861/1746 1706/1865/1746
f 1662/1839/1747 1661/1836/1747 1692/1863/1747 1693/1866/1747
f 1689/1840/1748 1688/1837/1748 1719/1864/1748 1720/1867/1748
f 1676/1841/1749 1675/1838/1749 1706/1865/1749 1707/1868/1749
f 1663/1842/1750 1662/1839/1750 1693/1866/1750 1694/1869/1750
f 1690/1843/1751 1689/1840/1751 1720/1867/1751 1721/1870/1751
f 1677/1844/1752 1676/1841/1752 1707/1868/1752 1708/1871/1752
f 1664/1812/1753 1663/1842/1753 1694/1869/1753 1695/1872/1753
f 1691/1815/1754 1690/1843/1754 1721/1870/1754 1722/1873/1754
f 1678/1816/1755 1677/1844/1755 1708/1871/1755 1709/1874/1755
f 1665/1813/1756 1664/1812/1756 1695/1872/1756 1696/1875/1756
f 1226/1876/1757 1691/1815/1757 1722/1873/1757
f 1679/1817/1758 1678/1816/1758 1709/1874/1758 1710/1877/1758
f 1666/1818/1759 1665/1813/1759 1696/1875/1759 1697/1845/1759
f 1680/1819/1760 1679/1817/1760 1710/1877/1760 1711/1847/1760
f 1700/1851/1761 1699/1849/1761 1730/1878/1761 1731/1879/1761
f 1714/1852/1762 1713/1850/1762 1744/1880/1762 1745/1881/1762
f 1701/1853/1763 1700/1851/1763 1731/1879/1763 1732/1882/1763
f 1715/1854/1764 1714/1852/1764 1745/1881/1764 1746/1883/1764
f 1702/1855/1765 1701/1853/1765 1732/1882/1765 1733/1884/1765
f 1716/1856/1766 1715/1854/1766 1746/1883/1766 1747/1885/1766
f 1703/1857/1767 1702/1855/1767 1733/1884/1767 1734/1886/1767
f 1717/1858/1768 1716/1856/1768 1747/1885/1768 1748/1887/1768
f 1704/1859/1769 1703/1857/1769 1734/1886/1769 1735/1888/1769
f 1718/1860/1770 1717/1858/1770 1748/1887/1770 1749/1889/1770
f 1705/1861/1771 1704/1859/1771 1735/1888/1771 1736/1890/1771
f 1692/1863/1772 1039/1891/1772 1723/1892/1772
f 1719/1864/1773 1718/1860/1773 1749/1889/1773 1750/1893/1773
f 1706/1865/1774 1705/1861/1774 1736/1890/1774 1737/1894/1774
f 1693/1866/1775 1692/1863/1775 1723/1892/1775 1724/1895/1775
f 1720/1867/1776 1719/1864/1776 1750/1893/1776 1751/1896/1776
f 1707/1868/1777 1706/1865/1777 1737/1894/1777 1738/1897/1777
f 1694/1869/1778 1693/1866/1778 1724/1895/1778 1725/1898/1778
f 1721/1870/1779 1720/1867/1779 1751/1896/1779 1752/1899/1779
f 1708/1871/1780 1707/1868/1780 1738/1897/1780 1739/1900/1780
f 1695/1872/1781 1694/1869/1781 1725/1898/1781 1726/1901/1781
f 1722/1873/1782 1721/1870/1782 1752/1899/1782 1753/1902/1782
f 1709/1874/1783 1708/1871/1783 1739/1900/1783 1740/1903/1783
f 1696/1875/1784 1695/1872/1784 1726/1901/1784 1727/1904/1784
f 1226/1905/1785 1722/1873/1785 1753/1902/1785
f 1710/1877/1786 1709/1874/1786 1740/1903/1786 1741/1906/1786
f 1697/1845/1787 1696/1875/1787 1727/1904/1787 1728/1907/1787
f 1711/1847/1788 1710/1877/1788 1741/1906/1788 1742/1908/1788
f 1698/1846/1789 1697/1845/1789 1728/1907/1789 1729/1909/1789
f 1712/1848/1790 1711/1847/1790 1742/1908/1790 1743/1910/1790
f 1699/1849/1791 1698/1846/1791 1729/1909/1791 1730/1878/1791
f 1713/1850/1792 1712/1848/1792 1743/1910/1792 1744/1880/1792
f 1733/1884/1793 1732/1882/1793 1763/1911/1793 1764/1912/1793
f 1747/1885/1794 1746/1883/1794 1777/1913/1794 1778/1914/1794
f 1734/1886/1795 1733/1884/1795 1764/1912/1795 1765/1915/1795
f 1748/1887/1796 1747/1885/1796 1778/1914/1796 1779/1916/1796
f 1735/1888/1797 1734/1886/1797 1765/1915/1797 1766/1917/1797
f 1749/1889/1798 1748/1887/1798 1779/1916/1798 1780/1918/1798
f 1736/1890/1799 1735/1888/1799 1766/1917/1799 1767/1919/1799
f 1723/1892/1800 1039/1920/1800 1754/1921/1800
f 1750/1893/1801 1749/1889/1801 1780/1918/1801 1781/1922/1801
f 1737/1894/1802 1736/1890/1802 1767/1919/1802 1768/1923/1802
f 1724/1895/1803 1723/1892/1803 1754/1921/1803 1755/1924/1803
f 1751/1896/1804 1750/1893/1804 1781/1922/1804 1782/1925/1804
f 1738/1897/1805 1737/1894/1805 1768/1923/1805 1769/1926/1805
f 1725/1898/1806 1724/1895/1806 1755/1924/1806 1756/1927/1806
f 1752/1899/1807 1751/1896/1807 1782/1925/1807 1783/1928/1807
f 1739/1900/1808 1738/1897/1808 1769/1926/1808 1770/1929/1808
f 1726/1901/1809 1725/1898/1809 1756/1927/1809 1757/1930/1809
f 1753/1902/1810 1752/1899/1810 1783/1928/1810 1784/1931/1810
f 1740/1903/1811 1739/1900/1811 1770/1929/1811 1771/1932/1811
f 1727/1904/1812 1726/1901/1812 1757/1930/1812 1758/1933/1812
f 1226/1934/1813 1753/1902/1813 1784/1931/1813
f 1741/1906/1814 1740/1903/1814 1771/1932/1814 1772/1935/1814
f 1728/1907/1815 1727/1904/1815 1758/1933/1815 1759/1936/1815
f 1742/1908/1816 1741/1906/1816 1772/1935/1816 1773/1937/1816
f 1729/1909/1817 1728/1907/1817 1759/1936/1817 1760/1938/1817
f 1743/1910/1818 1742/1908/1818 1773/1937/1818 1774/1939/1818
f 1730/1878/1819 1729/1909/1819 1760/1938/1819 1761/1940/1819
f 1744/1880/1820 1743/1910/1820 1774/1939/1820 1775/1941/1820
f 1731/1879/1821 1730/1878/1821 1761/1940/1821 1762/1942/1821
f 1745/1881/1822 1744/1880/1822 1775/1941/1822 1776/1943/1822
f 1732/1882/1823 1731/1879/1823 1762/1942/1823 1763/1911/1823
f 1746/1883/1824 1745/1881/1824 1776/1943/1824 1777/1913/1824
f 1766/1917/1825 1765/1915/1825 1796/1944/1825 1797/1945/1825
f 1780/1918/1826 1779/1916/1826 1810/1946/1826 1811/1947/1826
f 1767/1919/1827 1766/1917/1827 1797/1945/1827 1798/1948/1827
f 1754/1921/1828 1039/1949/1828 1785/1950/1828
f 1781/1922/1829 1780/1918/1829 1811/1947/1829 1812/1951/1829
f 1768/1923/1830 1767/1919/1830 1798/1948/1830 1799/1952/1830
f 1755/1924/1831 1754/1921/1831 1785/1950/1831 1786/1953/1831
f 1782/1925/1832 1781/1922/1832 1812/1951/1832 1813/1954/1832
f 1769/1926/1833 1768/1923/1833 1799/1952/1833 1800/1955/1833
f 1756/1927/1834 1755/1924/1834 1786/1953/1834 1787/1956/1834
f 1783/1928/1835 1782/1925/1835 1813/1954/1835 1814/1957/1835
f 1770/1929/1836 1769/1926/1836 1800/1955/1836 1801/1958/1836
f 1757/1930/1837 1756/1927/1837 1787/1956/1837 1788/1959/1837
f 1784/1931/1838 1783/1928/1838 1814/1957/1838 1815/1960/1838
f 1771/1932/1839 1770/1929/1839 1801/1958/1839 1802/1961/1839
f 1758/1933/1840 1757/1930/1840 1788/1959/1840 1789/1962/1840
f 1226/1963/1841 1784/1931/1841 1815/1960/1841
f 1772/1935/1842 1771/1932/1842 1802/1961/1842 1803/1964/1842
f 1759/1936/1843 1758/1933/1843 1789/1962/1843 1790/1965/1843
f 1773/1937/1844 1772/1935/1844 1803/1964/1844 1804/1966/1844
f 1760/1938/1845 1759/1936/1845 1790/1965/1845 1791/1967/1845
f 1774/1939/1846 1773/1937/1846 1804/1966/1846 1805/1968/1846
f 1761/1940/1847 1760/1938/1847 1791/1967/1847 1792/1969/1847
f 1775/1941/1848 1774/1939/1848 1805/1968/1848 1806/1970/1848
f 1762/1942/1849 1761/1940/1849 1792/1969/1849 1793/1971/1849
f 1776/1943/1850 1775/1941/1850 1806/1970/1850 1807/1972/1850
f 1763/1911/1851 1762/1942/1851 1793/1971/1851 1794/1973/1851
f 1777/1913/1852 1776/1943/1852 1807/1972/1852 1808/1974/1852
f 1764/1912/1853 1763/1911/1853 1794/1973/1853 1795/1975/1853
f 1778/1914/1854 1777/1913/1854 1808/1974/1854 1809/1976/1854
f 1765/1915/1855 1764/1912/1855 1795/1975/1855 1796/1944/1855
f 1779/1916/1856 1778/1914/1856 1809/1976/1856 1810/1946/1856
f 1799/1952/1857 1798/1948/1857 1829/1977/1857 1830/1978/1857
f 1786/1953/1858 1785/1950/1858 1816/1979/1858 1817/1980/1858
f 1813/1954/1859 1812/1951/1859 1843/1981/1859 1844/1982/1859
f 1800/1955/1860 1799/1952/1860 1830/1978/1860 1831/1983/1860
f 1787/1956/1861 1786/1953/1861 1817/1980/1861 1818/1984/1861
f 1814/1957/1862 1813/1954/1862 1844/1982/1862 1845/1985/1862
f 1801/1958/1863 1800/1955/1863 1831/1983/1863 1832/1986/1863
f 1788/1959/1864 1787/1956/1864 1818/1984/1864 1819/1987/1864
f 1815/1960/1865 1814/1957/1865 1845/1985/1865 1846/1988/1865
f 1802/1961/1866 1801/1958/1866 1832/1986/1866 1833/1989/1866
f 1789/1962/1867 1788/1959/1867 1819/1987/1867 1820/1990/1867
f 1226/1991/1868 1815/1960/1868 1846/1988/1868
f 1803/1964/1869 1802/1961/1869 1833/1989/1869 1834/1992/1869
f 1790/1965/1870 1789/1962/1870 1820/1990/1870 1821/1993/1870
f 1804/1966/1871 1803/1964/1871 1834/1992/1871 1835/1994/1871
f 1791/1967/1872 1790/1965/1872 1821/1993/1872 1822/1995/1872
f 1805/1968/1873 1804/1966/1873 1835/1994/1873 1836/1996/1873
f 1792/1969/1874 1791/1967/1874 1822/1995/1874 1823/1997/1874
f 1806/1970/1875 1805/1968/1875 1836/1996/1875 1837/1998/1875
f 1793/1971/1876 1792/1969/1876 1823/1997/1876 1824/1999/1876
f 1807/1972/1877 1806/1970/1877 1837/1998/1877 1838/2000/1877
f 1794/1973/1878 1793/1971/1878 1824/1999/1878 1825/2001/1878
f 1808/1974/1879 1807/1972/1879 1838/2000/1879 1839/2002/1879
f 1795/1975/1880 1794/1973/1880 1825/2001/1880 1826/2003/1880
f 1809/1976/1881 1808/1974/1881 1839/2002/1881 1840/2004/1881
f 1796/1944/1882 1795/1975/1882 1826/2003/1882 1827/2005/1882
f 1810/1946/1883 1809/1976/1883 1840/2004/1883 1841/2006/1883
f 1797/1945/1884 1796/1944/1884 1827/2005/1884 1828/2007/1884
f 1811/1947/1885 1810/1946/1885 1841/2006/1885 1842/2008/1885
f 1798/1948/1886 1797/1945/1886 1828/2007/1886 1829/1977/1886
f 1785/1950/1887 1039/2009/1887 1816/1979/1887
f 1812/1951/1888 1811/1947/1888 1842/2008/1888 1843/1981/1888
f 1832/1986/1889 1831/1983/1889 1862/2010/1889 1863/2011/1889
f 1819/1987/1890 1818/1984/1890 1849/2012/1890 1850/2013/1890
f 1846/1988/1891 1845/1985/1891 1876/2014/1891 1877/2015/1891
f 1833/1989/1892 1832/1986/1892 1863/2011/1892 1864/2016/1892
f 1820/1990/1893 1819/1987/1893 1850/2013/1893 1851/2017/1893
f 1226/2018/1894 1846/1988/1894 1877/2015/1894
f 1834/1992/1895 1833/1989/1895 1864/2016/1895 1865/2019/1895
f 1821/1993/1896 1820/1990/1896 1851/2017/1896 1852/2020/1896
f 1835/1994/1897 1834/1992/1897 1865/2019/1897 1866/2021/1897
f 1822/1995/1898 1821/1993/1898 1852/2020/1898 1853/2022/1898
f 1836/1996/1899 1835/1994/1899 1866/2021/1899 1867/2023/1899
f 1823/1997/1900 1822/1995/1900 1853/2022/1900 1854/2024/1900
f 1837/1998/1901 1836/1996/1901 1867/2023/1901 1868/2025/1901
f 1824/1999/1902 1823/1997/1902 1854/2024/1902 1855/2026/1902
f 1838/2000/1903 1837/1998/1903 1868/2025/1903 1869/2027/1903
f 1825/2001/1904 1824/1999/1904 1855/2026/1904 1856/2028/1904
f 1839/2002/1905 1838/2000/1905 1869/2027/1905 1870/2029/1905
f 1826/2003/1906 1825/2001/1906 1856/2028/1906 1857/2030/1906
f 1840/2004/1907 1839/2002/1907 1870/2029/1907 1871/2031/1907
f 1827/2005/1908 1826/2003/1908 1857/2030/1908 1858/2032/1908
f 1841/2006/1909 1840/2004/1909 1871/2031/1909 1872/2033/1909
f 1828/2007/1910 1827/2005/1910 1858/2032/1910 1859/2034/1910
f 1842/2008/1911 1841/2006/1911 1872/2033/1911 1873/2035/1911
f 1829/1977/1912 1828/2007/1912 1859/2034/1912 1860/2036/1912
f 1816/1979/1913 1039/2037/1913 1847/2038/1913
f 1843/1981/1914 1842/2008/1914 1873/2035/1914 1874/2039/1914
f 1830/1978/1915 1829/1977/1915 1860/2036/1915 1861/2040/1915
f 1817/1980/1916 1816/1979/1916 1847/2038/1916 1848/2041/1916
f 1844/1982/1917 1843/1981/1917 1874/2039/1917 1875/2042/1917
f 1831/1983/1918 1830/1978/1918 1861/2040/1918 1862/2010/1918
f 1818/1984/1919 1817/1980/1919 1848/2041/1919 1849/2012/1919
f 1845/1985/1920 1844/1982/1920 1875/2042/1920 1876/2014/1920
f 1865/2019/1921 1864/2016/1921 1895/2043/1921 1896/2044/1921
f 1852/2020/1922 1851/2017/1922 1882/2045/1922 1883/2046/1922
f 1866/2021/1923 1865/2019/1923 1896/2044/1923 1897/2047/1923
f 1853/2022/1924 1852/2020/1924 1883/2046/1924 1884/2048/1924
f 1867/2023/1925 1866/2021/1925 1897/2047/1925 1898/2049/1925
f 1854/2024/1926 1853/2022/1926 1884/2048/1926 1885/2050/1926
f 1868/2025/1927 1867/2023/1927 1898/2049/1927 1899/2051/1927
f 1855/2026/1928 1854/2024/1928 1885/2050/1928 1886/2052/1928
f 1869/2027/1929 1868/2025/1929 1899/2051/1929 1900/2053/1929
f 1856/2028/1930 1855/2026/1930 1886/2052/1930 1887/2054/1930
f 1870/2029/1931 1869/2027/1931 1900/2053/1931 1901/2055/1931
f 1857/2030/1932 1856/2028/1932 1887/2054/1932 1888/2056/1932
f 1871/2031/1933 1870/2029/1933 1901/2055/1933 1902/2057/1933
f 1858/2032/1934 1857/2030/1934 1888/2056/1934 1889/2058/1934
f 1872/2033/1935 1871/2031/1935 1902/2057/1935 1903/2059/1935
f 1859/2034/1936 1858/2032/1936 1889/2058/1936 1890/2060/1936
f 1873/2035/1937 1872/2033/1937 1903/2059/1937 1904/2061/1937
f 1860/2036/1938 1859/2034/1938 1890/2060/1938 1891/2062/1938
f 1847/2038/1939 1039/2063/1939 1878/2064/1939
f 1874/2039/1940 1873/2035/1940 1904/2061/1940 1905/2065/1940
f 1861/2040/1941 1860/2036/1941 1891/2062/1941 1892/2066/1941
f 1848/2041/1942 1847/2038/1942 1878/2064/1942 1879/2067/1942
f 1875/2042/1943 1874/2039/1943 1905/2065/1943 1906/2068/1943
f 1862/2010/1944 1861/2040/1944 1892/2066/1944 1893/2069/1944
f 1849/2012/1945 1848/2041/1945 1879/2067/1945 1880/2070/1945
f 1876/2014/1946 1875/2042/1946 1906/2068/1946 1907/2071/1946
f 1863/2011/1947 1862/2010/1947 1893/2069/1947 1894/2072/1947
f 1850/2013/1948 1849/2012/1948 1880/2070/1948 1881/2073/1948
f 1877/2015/1949 1876/2014/1949 1907/2071/1949 1908/2074/1949
f 1864/2016/1950 1863/2011/1950 1894/2072/1950 1895/2043/1950
f 1851/2017/1951 1850/2013/1951 1881/2073/1951 1882/2045/1951
f 1226/2075/1952 1877/2015/1952 1908/2074/1952
f 1898/2049/1953 1897/2047/1953 1928/2076/1953 1929/2077/1953
f 1885/2050/1954 1884/2048/1954 1915/2078/1954 1916/2079/1954
f 1899/2051/1955 1898/2049/1955 1929/2077/1955 1930/2080/1955
f 1886/2052/1956 1885/2050/1956 1916/2079/1956 1917/2081/1956
f 1900/2053/1957 1899/2051/1957 1930/2080/1957 1931/2082/1957
f 1887/2054/1958 1886/2052/1958 1917/2081/1958 1918/2083/1958
f 1901/2055/1959 1900/2053/1959 1931/2082/1959 1932/2084/1959
f 1888/2056/1960 1887/2054/1960 1918/2083/1960 1919/2085/1960
f 1902/2057/1961 1901/2055/1961 1932/2084/1961 1933/2086/1961
f 1889/2058/1962 1888/2056/1962 1919/2085/1962 1920/2087/1962
f 1903/2059/1963 1902/2057/1963 1933/2086/1963 1934/2088/1963
f 1890/2060/1964 1889/2058/1964 1920/2087/1964 1921/2089/1964
f 1904/2061/1965 1903/2059/1965 1934/2088/1965 1935/2090/1965
f 1891/2062/1966 1890/2060/1966 1921/2089/1966 1922/2091/1966
f 1878/2064/1967 1039/2092/1967 1909/2093/1967
f 1905/2065/1968 1904/2061/1968 1935/2090/1968 1936/2094/1968
f 1892/2066/1969 1891/2062/1969 1922/2091/1969 1923/2095/1969
f 1879/2067/1970 1878/2064/1970 1909/2093/1970 1910/2096/1970
f 1906/2068/1971 1905/2065/1971 1936/2094/1971 1937/2097/1971
f 1893/2069/1972 1892/2066/1972 1923/2095/1972 1924/2098/1972
f 1880/2070/1973 1879/2067/1973 1910/2096/1973 1911/2099/1973
f 1907/2071/1974 1906/2068/1974 1937/2097/1974 1938/2100/1974
f 1894/2072/1975 1893/2069/1975 1924/2098/1975 1925/2101/1975
f 1881/2073/1976 1880/2070/1976 1911/2099/1976 1912/2102/1976
f 1908/2074/1977 1907/2071/1977 1938/2100/1977 1939/2103/1977
f 1895/2043/1978 1894/2072/1978 1925/2101/1978 1926/2104/1978
f 1882/2045/1979 1881/2073/1979 1912/2102/1979 1913/2105/1979
f 1226/2106/1980 1908/2074/1980 1939/2103/1980
f 1896/2044/1981 1895/2043/1981 1926/2104/1981 1927/2107/1981
f 1883/2046/1982 1882/2045/1982 1913/2105/1982 1914/2108/1982
f 1897/2047/1983 1896/2044/1983 1927/2107/1983 1928/2076/1983
f 1884/2048/1984 1883/2046/1984 1914/2108/1984 1915/2078/1984
f 1931/2082/1985 1930/2080/1985 1961/2109/1985 1962/2110/1985
f 1918/2083/1986 1917/2081/1986 1948/2111/1986 1949/2112/1986
f 1932/2084/1987 1931/2082/1987 1962/2110/1987 1963/2113/1987
f 1919/2085/1988 1918/2083/1988 1949/2112/1988 1950/2114/1988
f 1933/2086/1989 1932/2084/1989 1963/2113/1989 1964/2115/1989
f 1920/2087/1990 1919/2085/1990 1950/2114/1990 1951/2116/1990
f 1934/2088/1991 1933/2086/1991 1964/2115/1991 1965/2117/1991
f 1921/2089/1992 1920/2087/1992 1951/2116/1992 1952/2118/1992
f 1935/2090/1993 1934/2088/1993 1965/2117/1993 1966/2119/1993
f 1922/2091/1994 1921/2089/1994 1952/2118/1994 1953/2120/1994
f 1909/2093/1995 1039/2121/1995 1940/2122/1995
f 1936/2094/1996 1935/2090/1996 1966/2119/1996 1967/2123/1996
f 1923/2095/1997 1922/2091/1997 1953/2120/1997 1954/2124/1997
f 1910/2096/1998 1909/2093/1998 1940/2122/1998 1941/2125/1998
f 1937/2097/1999 1936/2094/1999 1967/2123/1999 1968/2126/1999
f 1924/2098/2000 1923/2095/2000 1954/2124/2000 1955/2127/2000
f 1911/2099/2001 1910/2096/2001 1941/2125/2001 1942/2128/2001
f 1938/2100/2002 1937/2097/2002 1968/2126/2002 1969/2129/2002
f 1925/2101/2003 1924/2098/2003 1955/2127/2003 1956/2130/2003
f 1912/2102/2004 1911/2099/2004 1942/2128/2004 1943/2131/2004
f 1939/2103/2005 1938/2100/2005 1969/2129/2005 1970/2132/2005
f 1926/2104/2006 1925/2101/2006 1956/2130/2006 1957/2133/2006
f 1913/2105/2007 1912/2102/2007 1943/2131/2007 1944/2134/2007
f 1226/2135/2008 1939/2103/2008 1970/2132/2008
f 1927/2107/2009 1926/2104/2009 1957/2133/2009 1958/2136/2009
f 1914/2108/2010 1913/2105/2010 1944/2134/2010 1945/2137/2010
f 1928/2076/2011 1927/2107/2011 1958/2136/2011 1959/2138/2011
f 1915/2078/2012 1914/2108/2012 1945/2137/2012 1946/2139/2012
f 1929/2077/2013 1928/2076/2013 1959/2138/2013 1960/2140/2013
f 1916/2079/2014 1915/2078/2014 1946/2139/2014 1947/2141/2014
f 1930/2080/2015 1929/2077/2015 1960/2140/2015 1961/2109/2015
f 1917/2081/2016 1916/2079/2016 1947/2141/2016 1948/2111/2016
f 1964/2115/2017 1963/2113/2017 1981/9/2017 1982/13/2017
f 1951/2116/2018 1950/2114/2018 5/11/2018 6/15/2018
f 1965/2117/2019 1964/2115/2019 1982/13/2019 1983/17/2019
f 1952/2118/2020 1951/2116/2020 6/15/2020 7/19/2020
f 1966/2119/2021 1965/2117/2021 1983/17/2021 1984/21/2021
f 1953/2120/2022 1952/2118/2022 7/19/2022 1977/23/2022
f 1940/2122/2023 1039/2142/2023 1/25/2023
f 1967/2123/2024 1966/2119/2024 1984/21/2024 1985/28/2024
f 1954/2124/2025 1953/2120/2025 1977/23/2025 8/30/2025
f 1941/2125/2026 1940/2122/2026 1/25/2026 2/32/2026
f 1968/2126/2027 1967/2123/2027 1985/28/2027 14/34/2027
f 1955/2127/2028 1954/2124/2028 8/30/2028 9/36/2028
f 1942/2128/2029 1941/2125/2029 2/32/2029 3/38/2029
f 1969/2129/2030 1968/2126/2030 14/34/2030 1986/40/2030
f 1956/2130/2031 1955/2127/2031 9/36/2031 10/42/2031
f 1943/2131/2032 1942/2128/2032 3/38/2032 1971/44/2032
f 1970/2132/2033 1969/2129/2033 1986/40/2033 15/46/2033
f 1957/2133/2034 1956/2130/2034 10/42/2034 1978/48/2034
f 1944/2134/2035 1943/2131/2035 1971/44/2035 4/50/2035
f 1226/2143/2036 1970/2132/2036 15/46/2036
f 1958/2136/2037 1957/2133/2037 1978/48/2037 11/53/2037
f 1945/2137/2038 1944/2134/2038 4/50/2038 1972/55/2038
f 1959/2138/2039 1958/2136/2039 11/53/2039 12/57/2039
f 1946/2139/2040 1945/2137/2040 1972/55/2040 1973/59/2040
f 1960/2140/2041 1959/2138/2041 12/57/2041 13/61/2041
f 1947/2141/2042 1946/2139/2042 1973/59/2042 1974/63/2042
f 1961/2109/2043 1960/2140/2043 13/61/2043 1979/2/2043
f 1948/2111/2044 1947/2141/2044 1974/63/2044 1975/6/2044
f 1962/2110/2045 1961/2109/2045 1979/2/2045 1980/1/2045
f 1949/2112/2046 1948/2111/2046 1975/6/2046 1976/5/2046
f 1963/2113/2047 1962/2110/2047 1980/1/2047 1981/9/2047
f 1950/2114/2048 1949/2112/2048 1976/5/2048 5/11/2048
