# Blender 4.5.3 LTS
# www.blender.org
mtllib crate_metal.mtl
o Crate_Metal_Cube.035
v 0.418475 0.419792 -0.414817
v 0.418475 0.335156 -0.414817
v -0.429522 0.419792 -0.414817
v -0.429522 0.335156 -0.414817
v 0.418475 0.419792 0.416294
v 0.418475 0.335156 0.416294
v -0.429522 0.419792 0.416294
v -0.429522 0.335156 0.416294
v 0.352908 0.335156 -0.344924
v -0.369896 0.335156 -0.344924
v 0.352908 0.335156 0.346401
v -0.369896 0.335156 0.346401
v 0.348982 0.419792 -0.352748
v -0.368205 0.419792 -0.352748
v 0.348982 0.419792 0.367660
v -0.368205 0.419792 0.367660
v -0.363537 0.358091 0.352283
v -0.363537 0.358091 -0.329683
v 0.344047 0.358091 -0.329683
v 0.344047 0.358091 0.352283
v 0.418475 -0.412850 -0.414817
v 0.418475 -0.328214 -0.414817
v -0.429522 -0.412850 -0.414817
v -0.429522 -0.328214 -0.414817
v 0.418475 -0.412850 0.416294
v 0.418475 -0.328214 0.416294
v -0.429522 -0.412850 0.416294
v -0.429522 -0.328214 0.416294
v 0.352908 -0.328214 -0.344924
v -0.369896 -0.328214 -0.344924
v 0.352908 -0.328214 0.346401
v -0.369896 -0.328214 0.346401
v 0.348982 -0.412850 -0.352748
v -0.368205 -0.412850 -0.352748
v 0.348982 -0.412850 0.367660
v -0.368205 -0.412850 0.367660
v -0.363537 -0.351149 0.352283
v -0.363537 -0.351149 -0.329683
v 0.344047 -0.351149 -0.329683
v 0.344047 -0.351149 0.352283
v 0.384702 0.406196 -0.372370
v 0.384702 0.406196 0.392072
v -0.401008 0.406196 -0.372370
v -0.401008 0.406196 0.392072
v 0.384702 0.406196 -0.255686
v 0.384702 0.406196 -0.125435
v 0.384702 0.406196 0.004817
v 0.384702 0.406196 0.135068
v 0.384702 0.406196 0.265320
v -0.401008 0.406196 0.265320
v -0.401008 0.406196 0.135068
v -0.401008 0.406196 0.004817
v -0.401008 0.406196 -0.125435
v -0.401008 0.406196 -0.255686
v 0.384702 0.414217 0.013820
v -0.401008 0.414217 0.013820
v 0.384702 -0.399254 -0.372370
v 0.384702 -0.399254 0.392072
v -0.401008 -0.399254 -0.372370
v -0.401008 -0.399254 0.392072
v 0.384702 -0.399254 -0.255686
v 0.384702 -0.399254 -0.125435
v 0.384702 -0.399254 0.004817
v 0.384702 -0.399254 0.135068
v 0.384702 -0.399254 0.265320
v -0.401008 -0.399254 0.265320
v -0.401008 -0.399254 0.135068
v -0.401008 -0.399254 0.004817
v -0.401008 -0.399254 -0.125435
v -0.401008 -0.399254 -0.255686
v 0.384702 -0.407276 0.013820
v -0.401008 -0.407276 0.013820
v 0.403047 -0.396803 -0.401450
v 0.403047 0.403071 -0.401450
v 0.403047 -0.396803 -0.315214
v 0.403047 0.403071 -0.315214
v 0.316632 -0.396803 -0.401450
v 0.316632 0.403071 -0.401450
v 0.353268 -0.396803 -0.312885
v 0.353268 0.403071 -0.312885
v 0.318827 -0.396803 -0.340786
v 0.318827 0.403071 -0.340786
v -0.409763 -0.396803 -0.401450
v -0.409763 0.403071 -0.401450
v -0.409763 -0.396803 -0.315214
v -0.409763 0.403071 -0.315214
v -0.323348 -0.396803 -0.401450
v -0.323348 0.403071 -0.401450
v -0.359984 -0.396803 -0.312885
v -0.359984 0.403071 -0.312885
v -0.325543 -0.396803 -0.340786
v -0.325543 0.403071 -0.340786
v 0.403047 -0.396803 0.411360
v 0.403047 0.403071 0.411360
v 0.403047 -0.396803 0.325124
v 0.403047 0.403071 0.325124
v 0.316632 -0.396803 0.411360
v 0.316632 0.403071 0.411360
v 0.353268 -0.396803 0.322795
v 0.353268 0.403071 0.322795
v 0.318827 -0.396803 0.350696
v 0.318827 0.403071 0.350696
v -0.409763 -0.396803 0.411360
v -0.409763 0.403071 0.411360
v -0.409763 -0.396803 0.325124
v -0.409763 0.403071 0.325124
v -0.323348 -0.396803 0.411360
v -0.323348 0.403071 0.411360
v -0.359984 -0.396803 0.322795
v -0.359984 0.403071 0.322795
v -0.325543 -0.396803 0.350696
v -0.325543 0.403071 0.350696
v 0.318294 -0.365773 -0.366692
v -0.325010 -0.365773 -0.366692
v 0.318294 0.372715 -0.366692
v -0.325010 0.372715 -0.366692
v 0.211077 -0.365773 -0.366692
v 0.103860 -0.365773 -0.366692
v -0.003358 -0.365773 -0.366692
v -0.110575 -0.365773 -0.366692
v -0.217793 -0.365773 -0.366692
v -0.217793 0.372715 -0.366692
v -0.110576 0.372715 -0.366692
v -0.003358 0.372715 -0.366692
v 0.103859 0.372715 -0.366692
v 0.211077 0.372715 -0.366692
v 0.112257 -0.365773 -0.369742
v 0.112257 0.372715 -0.369742
v 0.195784 0.372715 -0.375104
v 0.195784 -0.365773 -0.375104
v -0.123462 -0.365773 -0.374085
v -0.123462 0.372715 -0.374085
v -0.375005 -0.365773 0.326607
v -0.375005 -0.365773 -0.316697
v -0.375005 0.372715 0.326607
v -0.375005 0.372715 -0.316697
v -0.375005 -0.365773 0.219390
v -0.375005 -0.365773 0.112173
v -0.375005 -0.365773 0.004955
v -0.375005 -0.365773 -0.102262
v -0.375005 -0.365773 -0.209480
v -0.375005 0.372715 -0.209480
v -0.375005 0.372715 -0.102263
v -0.375005 0.372715 0.004955
v -0.375005 0.372715 0.112172
v -0.375005 0.372715 0.219390
v -0.378055 -0.365773 0.120570
v -0.378055 0.372715 0.120570
v -0.383417 0.372715 0.204097
v -0.383417 -0.365773 0.204097
v -0.382398 -0.365773 -0.115149
v -0.382398 0.372715 -0.115149
v 0.368289 -0.365773 -0.316697
v 0.368289 -0.365773 0.326607
v 0.368289 0.372715 -0.316697
v 0.368289 0.372715 0.326607
v 0.368289 -0.365773 -0.209480
v 0.368289 -0.365773 -0.102263
v 0.368289 -0.365773 0.004955
v 0.368289 -0.365773 0.112172
v 0.368289 -0.365773 0.219390
v 0.368289 0.372715 0.219390
v 0.368289 0.372715 0.112173
v 0.368289 0.372715 0.004955
v 0.368289 0.372715 -0.102262
v 0.368289 0.372715 -0.209480
v 0.371339 -0.365773 -0.110660
v 0.371339 0.372715 -0.110660
v 0.376701 0.372715 -0.194187
v 0.376701 -0.365773 -0.194187
v 0.375682 -0.365773 0.125059
v 0.375682 0.372715 0.125059
v -0.325010 -0.365773 0.376602
v 0.318294 -0.365773 0.376602
v -0.325010 0.372715 0.376602
v 0.318294 0.372715 0.376602
v -0.217793 -0.365773 0.376602
v -0.110576 -0.365773 0.376602
v -0.003358 -0.365773 0.376602
v 0.103859 -0.365773 0.376602
v 0.211077 -0.365773 0.376602
v 0.211077 0.372715 0.376602
v 0.103860 0.372715 0.376602
v -0.003358 0.372715 0.376602
v -0.110575 0.372715 0.376602
v -0.217793 0.372715 0.376602
v -0.118973 -0.365773 0.379652
v -0.118973 0.372715 0.379652
v -0.202500 0.372715 0.385014
v -0.202500 -0.365773 0.385014
v 0.116746 -0.365773 0.383995
v 0.116746 0.372715 0.383995
v 0.265547 -0.297696 -0.382021
v 0.265729 -0.300090 -0.360650
v 0.257526 -0.294373 -0.381953
v 0.256016 -0.296066 -0.360567
v 0.254204 -0.286352 -0.381925
v 0.251992 -0.286352 -0.360533
v 0.257526 -0.278331 -0.381953
v 0.256016 -0.276638 -0.360568
v 0.265547 -0.275009 -0.382021
v 0.265729 -0.272615 -0.360650
v 0.273568 -0.278331 -0.382090
v 0.275443 -0.276638 -0.360733
v 0.276890 -0.286352 -0.382118
v 0.279466 -0.286352 -0.360767
v 0.273568 -0.294373 -0.382090
v 0.275443 -0.296066 -0.360733
v 0.265586 -0.300370 -0.377416
v 0.255675 -0.296264 -0.377332
v 0.251569 -0.286352 -0.377297
v 0.255675 -0.276440 -0.377332
v 0.265586 -0.272335 -0.377416
v 0.275498 -0.276440 -0.377501
v 0.279603 -0.286352 -0.377536
v 0.275498 -0.296264 -0.377501
v 0.378210 -0.287526 -0.395869
v 0.318428 -0.405134 -0.395869
v -0.379112 0.292406 -0.395869
v -0.291990 0.382674 -0.395869
v 0.379566 -0.261267 -0.365264
v 0.288953 -0.405903 -0.365264
v -0.381913 0.264962 -0.365264
v -0.270923 0.389222 -0.365264
v -0.404182 -0.287526 0.386523
v -0.404182 -0.405134 0.326741
v -0.404182 0.292406 -0.370799
v -0.404182 0.382674 -0.283677
v -0.373577 -0.261267 0.387879
v -0.373577 -0.405903 0.297266
v -0.373577 0.264962 -0.373600
v -0.373577 0.389222 -0.262610
v 0.397466 -0.287526 -0.376613
v 0.397466 -0.405134 -0.316831
v 0.397466 0.292406 0.380709
v 0.397466 0.382674 0.293587
v 0.366861 -0.261267 -0.377969
v 0.366861 -0.405903 -0.287356
v 0.366861 0.264962 0.383510
v 0.366861 0.389222 0.272520
v -0.384926 -0.287526 0.405779
v -0.325144 -0.405134 0.405779
v 0.372396 0.292406 0.405779
v 0.285274 0.382674 0.405779
v -0.386282 -0.261267 0.375174
v -0.295669 -0.405903 0.375174
v 0.375197 0.264962 0.375174
v 0.264207 0.389222 0.375174
v 0.247927 -0.245974 -0.410457
v 0.248106 -0.248316 -0.389553
v 0.240082 -0.242724 -0.410390
v 0.238605 -0.244380 -0.389472
v 0.236832 -0.234878 -0.410362
v 0.234669 -0.234878 -0.389438
v 0.240082 -0.227033 -0.410390
v 0.238605 -0.225377 -0.389472
v 0.247927 -0.223783 -0.410457
v 0.248106 -0.221441 -0.389553
v 0.255773 -0.227033 -0.410524
v 0.257607 -0.225377 -0.389634
v 0.259023 -0.234878 -0.410551
v 0.261542 -0.234878 -0.389667
v 0.255773 -0.242724 -0.410524
v 0.257607 -0.244380 -0.389634
v 0.247966 -0.248590 -0.405952
v 0.238271 -0.244574 -0.405869
v 0.234255 -0.234878 -0.405835
v 0.238271 -0.225183 -0.405869
v 0.247966 -0.221167 -0.405952
v 0.257661 -0.225183 -0.406035
v 0.261677 -0.234878 -0.406069
v 0.257661 -0.244574 -0.406035
v -0.248303 0.237010 -0.410173
v -0.242965 0.234668 -0.389961
v -0.255889 0.240260 -0.408169
v -0.252151 0.238604 -0.387535
v -0.259031 0.248106 -0.407339
v -0.255957 0.248106 -0.386530
v -0.255889 0.255951 -0.408169
v -0.252151 0.257607 -0.387535
v -0.248303 0.259201 -0.410173
v -0.242965 0.261543 -0.389961
v -0.240717 0.255951 -0.412176
v -0.233778 0.257607 -0.392387
v -0.237575 0.248106 -0.413006
v -0.229973 0.248106 -0.393392
v -0.240717 0.240260 -0.412176
v -0.233778 0.238604 -0.392387
v -0.247153 0.234394 -0.405817
v -0.256527 0.238410 -0.403341
v -0.260409 0.248106 -0.402316
v -0.256527 0.257801 -0.403341
v -0.247153 0.261817 -0.405817
v -0.237779 0.257801 -0.408293
v -0.233896 0.248106 -0.409319
v -0.237779 0.238410 -0.408293
v -0.418769 -0.245974 0.256240
v -0.397866 -0.248316 0.256419
v -0.418703 -0.242724 0.248395
v -0.397785 -0.244380 0.246918
v -0.418675 -0.234878 0.245145
v -0.397751 -0.234878 0.242982
v -0.418703 -0.227033 0.248395
v -0.397785 -0.225377 0.246918
v -0.418769 -0.223783 0.256240
v -0.397866 -0.221441 0.256419
v -0.418837 -0.227033 0.264086
v -0.397947 -0.225377 0.265920
v -0.418864 -0.234878 0.267336
v -0.397980 -0.234878 0.269855
v -0.418837 -0.242724 0.264086
v -0.397947 -0.244380 0.265920
v -0.414265 -0.248590 0.256279
v -0.414182 -0.244574 0.246584
v -0.414148 -0.234878 0.242568
v -0.414182 -0.225183 0.246584
v -0.414265 -0.221167 0.256279
v -0.414348 -0.225183 0.265974
v -0.414382 -0.234878 0.269990
v -0.414348 -0.244574 0.265974
v -0.418485 0.237010 -0.239990
v -0.398274 0.234668 -0.234652
v -0.416482 0.240260 -0.247576
v -0.395848 0.238604 -0.243838
v -0.415652 0.248106 -0.250718
v -0.394843 0.248106 -0.247644
v -0.416482 0.255951 -0.247576
v -0.395848 0.257607 -0.243838
v -0.418485 0.259201 -0.239990
v -0.398274 0.261543 -0.234652
v -0.420489 0.255951 -0.232404
v -0.400700 0.257607 -0.225465
v -0.421319 0.248106 -0.229262
v -0.401705 0.248106 -0.221660
v -0.420489 0.240260 -0.232404
v -0.400700 0.238604 -0.225465
v -0.414130 0.234394 -0.238840
v -0.411654 0.238410 -0.248214
v -0.410629 0.248106 -0.252096
v -0.411654 0.257801 -0.248214
v -0.414130 0.261817 -0.238840
v -0.416606 0.257801 -0.229466
v -0.417632 0.248106 -0.225583
v -0.416606 0.238410 -0.229466
v 0.412053 -0.245974 -0.246330
v 0.391150 -0.248316 -0.246509
v 0.411987 -0.242724 -0.238485
v 0.391069 -0.244380 -0.237008
v 0.411959 -0.234878 -0.235235
v 0.391035 -0.234878 -0.233072
v 0.411987 -0.227033 -0.238485
v 0.391069 -0.225377 -0.237008
v 0.412053 -0.223783 -0.246330
v 0.391150 -0.221441 -0.246509
v 0.412121 -0.227033 -0.254176
v 0.391231 -0.225377 -0.256010
v 0.412148 -0.234878 -0.257426
v 0.391264 -0.234878 -0.259945
v 0.412121 -0.242724 -0.254176
v 0.391231 -0.244380 -0.256010
v 0.407549 -0.248590 -0.246369
v 0.407466 -0.244574 -0.236674
v 0.407432 -0.234878 -0.232658
v 0.407466 -0.225183 -0.236674
v 0.407549 -0.221167 -0.246369
v 0.407632 -0.225183 -0.256064
v 0.407666 -0.234878 -0.260080
v 0.407632 -0.244574 -0.256064
v 0.411769 0.237010 0.249900
v 0.391558 0.234668 0.244562
v 0.409766 0.240260 0.257486
v 0.389132 0.238604 0.253748
v 0.408936 0.248106 0.260628
v 0.388127 0.248106 0.257554
v 0.409766 0.255951 0.257486
v 0.389132 0.257607 0.253748
v 0.411769 0.259201 0.249900
v 0.391558 0.261543 0.244562
v 0.413773 0.255951 0.242314
v 0.393984 0.257607 0.235375
v 0.414603 0.248106 0.239172
v 0.394989 0.248106 0.231570
v 0.413773 0.240260 0.242314
v 0.393984 0.238604 0.235375
v 0.407414 0.234394 0.248750
v 0.404938 0.238410 0.258124
v 0.403913 0.248106 0.262006
v 0.404938 0.257801 0.258124
v 0.407414 0.261817 0.248750
v 0.409890 0.257801 0.239376
v 0.410916 0.248106 0.235493
v 0.409890 0.238410 0.239376
v -0.254643 -0.245974 0.420366
v -0.254822 -0.248316 0.399463
v -0.246798 -0.242724 0.420300
v -0.245321 -0.244380 0.399382
v -0.243548 -0.234878 0.420272
v -0.241385 -0.234878 0.399348
v -0.246798 -0.227033 0.420300
v -0.245321 -0.225377 0.399382
v -0.254643 -0.223783 0.420366
v -0.254822 -0.221441 0.399463
v -0.262489 -0.227033 0.420433
v -0.264323 -0.225377 0.399544
v -0.265739 -0.234878 0.420461
v -0.268258 -0.234878 0.399577
v -0.262489 -0.242724 0.420433
v -0.264323 -0.244380 0.399544
v -0.254682 -0.248590 0.415862
v -0.244987 -0.244574 0.415779
v -0.240971 -0.234878 0.415745
v -0.244987 -0.225183 0.415779
v -0.254682 -0.221167 0.415862
v -0.264377 -0.225183 0.415945
v -0.268393 -0.234878 0.415979
v -0.264377 -0.244574 0.415945
v 0.241587 0.237010 0.420082
v 0.236249 0.234668 0.399871
v 0.249173 0.240260 0.418079
v 0.245435 0.238604 0.397445
v 0.252315 0.248106 0.417249
v 0.249241 0.248106 0.396440
v 0.249173 0.255951 0.418079
v 0.245435 0.257607 0.397445
v 0.241587 0.259201 0.420082
v 0.236249 0.261543 0.399871
v 0.234001 0.255951 0.422086
v 0.227062 0.257607 0.402297
v 0.230859 0.248106 0.422916
v 0.223257 0.248106 0.403302
v 0.234001 0.240260 0.422086
v 0.227062 0.238604 0.402297
v 0.240437 0.234394 0.415727
v 0.249811 0.238410 0.413251
v 0.253693 0.248106 0.412226
v 0.249811 0.257801 0.413251
v 0.240437 0.261817 0.415727
v 0.231063 0.257801 0.418203
v 0.227180 0.248106 0.419229
v 0.231063 0.238410 0.418203
v 0.363076 0.437414 -0.362491
v 0.428591 0.437414 -0.428006
v 0.317569 0.437414 -0.363766
v 0.290272 0.437414 -0.380676
v 0.303921 0.437414 -0.370070
v 0.290272 0.437414 -0.428006
v 0.285671 0.437414 -0.385277
v 0.274009 0.437414 -0.399152
v 0.279840 0.437414 -0.391756
v 0.267840 0.437414 -0.407660
v 0.262636 0.437414 -0.421296
v 0.264998 0.437414 -0.413471
v 0.364352 0.437414 -0.316984
v 0.381262 0.437414 -0.289687
v 0.370655 0.437414 -0.303335
v 0.428591 0.437414 -0.289687
v 0.385862 0.437414 -0.285086
v 0.399737 0.437414 -0.273423
v 0.392341 0.437414 -0.279255
v 0.408245 0.437414 -0.267255
v 0.421882 0.437414 -0.262051
v 0.414057 0.437414 -0.264413
v 0.363076 0.371899 -0.428006
v 0.428591 0.371899 -0.428006
v 0.364352 0.326393 -0.428006
v 0.381262 0.299095 -0.428006
v 0.370655 0.312744 -0.428006
v 0.428591 0.299095 -0.428006
v 0.385862 0.294495 -0.428006
v 0.399737 0.282832 -0.428006
v 0.392341 0.288663 -0.428006
v 0.428591 0.288663 -0.428006
v 0.408245 0.276663 -0.428006
v 0.421882 0.271459 -0.428006
v 0.414057 0.273821 -0.428006
v 0.363076 0.437414 -0.428006
v 0.261169 0.437414 -0.428006
v 0.317569 0.373175 -0.428006
v 0.290272 0.390085 -0.428006
v 0.303921 0.379478 -0.428006
v 0.317569 0.437414 -0.428006
v 0.303921 0.437414 -0.428006
v 0.285671 0.394685 -0.428006
v 0.274009 0.408560 -0.428006
v 0.279840 0.401165 -0.428006
v 0.274009 0.437414 -0.428006
v 0.285671 0.437414 -0.428006
v 0.279840 0.437414 -0.428006
v 0.264236 0.437414 -0.428006
v 0.272693 0.437414 -0.428006
v 0.268464 0.437414 -0.428006
v 0.267840 0.417068 -0.428006
v 0.262636 0.430705 -0.428006
v 0.264998 0.422880 -0.428006
v 0.428591 0.371899 -0.362490
v 0.428591 0.437414 -0.362491
v 0.428591 0.437414 -0.260583
v 0.428591 0.373175 -0.316984
v 0.428591 0.390085 -0.289687
v 0.428591 0.379478 -0.303335
v 0.428591 0.437414 -0.316984
v 0.428591 0.437414 -0.303335
v 0.428591 0.394685 -0.285086
v 0.428591 0.408560 -0.273423
v 0.428591 0.401165 -0.279255
v 0.428591 0.437414 -0.273423
v 0.428591 0.437414 -0.285086
v 0.428591 0.437414 -0.279255
v 0.428591 0.437414 -0.263651
v 0.428591 0.437414 -0.272107
v 0.428591 0.437414 -0.267879
v 0.428591 0.417068 -0.267255
v 0.428591 0.430705 -0.262051
v 0.428591 0.422880 -0.264413
v 0.428591 0.269992 -0.428006
v 0.428591 0.326393 -0.363766
v 0.428591 0.299095 -0.380676
v 0.428591 0.312744 -0.370070
v 0.428591 0.326393 -0.428006
v 0.428591 0.312744 -0.428006
v 0.428591 0.294495 -0.385277
v 0.428591 0.282832 -0.399152
v 0.428591 0.288663 -0.391756
v 0.428591 0.282832 -0.428006
v 0.428591 0.294495 -0.428006
v 0.428591 0.273059 -0.428006
v 0.428591 0.281516 -0.428006
v 0.428591 0.277288 -0.428006
v 0.428591 0.276663 -0.407660
v 0.428591 0.271459 -0.421296
v 0.428591 0.273821 -0.413471
v 0.351890 0.419397 -0.351305
v 0.280339 0.419397 -0.367594
v 0.292564 0.419397 -0.358094
v 0.304790 0.419397 -0.352447
v 0.265771 0.419397 -0.384143
v 0.270994 0.419397 -0.377519
v 0.276218 0.419397 -0.371715
v 0.257700 0.419397 -0.396970
v 0.260246 0.419397 -0.391764
v 0.255584 0.419397 -0.403979
v 0.368180 0.419397 -0.279700
v 0.358679 0.419397 -0.291925
v 0.353033 0.419397 -0.304151
v 0.384728 0.419397 -0.265132
v 0.378104 0.419397 -0.270355
v 0.372301 0.419397 -0.275579
v 0.397555 0.419397 -0.257061
v 0.392349 0.419397 -0.259607
v 0.404564 0.419397 -0.254945
v 0.351890 0.360713 -0.409989
v 0.368180 0.290540 -0.409989
v 0.358679 0.302765 -0.409989
v 0.353033 0.314991 -0.409989
v 0.384729 0.275972 -0.409989
v 0.378104 0.281195 -0.409989
v 0.372301 0.286419 -0.409989
v 0.397555 0.267901 -0.409989
v 0.392349 0.270447 -0.409989
v 0.404564 0.265785 -0.409989
v 0.280339 0.377003 -0.409989
v 0.292564 0.367502 -0.409989
v 0.304790 0.361856 -0.409989
v 0.265771 0.393552 -0.409989
v 0.270994 0.386927 -0.409989
v 0.276218 0.381124 -0.409989
v 0.257700 0.406378 -0.409989
v 0.260246 0.401173 -0.409989
v 0.255584 0.413387 -0.409989
v 0.254270 0.419397 -0.409989
v 0.410574 0.360713 -0.351305
v 0.410574 0.377003 -0.279700
v 0.410574 0.367502 -0.291925
v 0.410574 0.361856 -0.304151
v 0.410574 0.393552 -0.265132
v 0.410574 0.386927 -0.270355
v 0.410574 0.381124 -0.275579
v 0.410574 0.406379 -0.257061
v 0.410574 0.401173 -0.259607
v 0.410574 0.413387 -0.254945
v 0.410574 0.419397 -0.253631
v 0.410574 0.290540 -0.367594
v 0.410574 0.302765 -0.358094
v 0.410574 0.314991 -0.352447
v 0.410574 0.275972 -0.384143
v 0.410574 0.281195 -0.377519
v 0.410574 0.286419 -0.371715
v 0.410574 0.267901 -0.396970
v 0.410574 0.270447 -0.391764
v 0.410574 0.265785 -0.403979
v 0.410574 0.264471 -0.409989
v -0.369792 0.437414 -0.362491
v -0.435307 0.437414 -0.428006
v -0.324285 0.437414 -0.363766
v -0.296988 0.437414 -0.380676
v -0.310637 0.437414 -0.370070
v -0.296988 0.437414 -0.428006
v -0.292387 0.437414 -0.385277
v -0.280725 0.437414 -0.399152
v -0.286556 0.437414 -0.391756
v -0.274556 0.437414 -0.407660
v -0.269352 0.437414 -0.421296
v -0.271714 0.437414 -0.413471
v -0.371068 0.437414 -0.316984
v -0.387978 0.437414 -0.289687
v -0.377371 0.437414 -0.303335
v -0.435307 0.437414 -0.289687
v -0.392578 0.437414 -0.285086
v -0.406453 0.437414 -0.273423
v -0.399057 0.437414 -0.279255
v -0.414961 0.437414 -0.267255
v -0.428598 0.437414 -0.262051
v -0.420773 0.437414 -0.264413
v -0.369792 0.371899 -0.428006
v -0.435307 0.371899 -0.428006
v -0.371068 0.326393 -0.428006
v -0.387978 0.299095 -0.428006
v -0.377371 0.312744 -0.428006
v -0.435307 0.299095 -0.428006
v -0.392578 0.294495 -0.428006
v -0.406453 0.282832 -0.428006
v -0.399057 0.288663 -0.428006
v -0.435307 0.288663 -0.428006
v -0.414961 0.276663 -0.428006
v -0.428598 0.271459 -0.428006
v -0.420773 0.273821 -0.428006
v -0.369792 0.437414 -0.428006
v -0.267885 0.437414 -0.428006
v -0.324285 0.373175 -0.428006
v -0.296988 0.390085 -0.428006
v -0.310637 0.379478 -0.428006
v -0.324285 0.437414 -0.428006
v -0.310637 0.437414 -0.428006
v -0.292387 0.394685 -0.428006
v -0.280725 0.408560 -0.428006
v -0.286556 0.401165 -0.428006
v -0.280725 0.437414 -0.428006
v -0.292387 0.437414 -0.428006
v -0.286556 0.437414 -0.428006
v -0.270952 0.437414 -0.428006
v -0.279409 0.437414 -0.428006
v -0.275180 0.437414 -0.428006
v -0.274556 0.417068 -0.428006
v -0.269352 0.430705 -0.428006
v -0.271714 0.422880 -0.428006
v -0.435307 0.371899 -0.362490
v -0.435307 0.437414 -0.362491
v -0.435307 0.437414 -0.260583
v -0.435307 0.373175 -0.316984
v -0.435307 0.390085 -0.289687
v -0.435307 0.379478 -0.303335
v -0.435307 0.437414 -0.316984
v -0.435307 0.437414 -0.303335
v -0.435307 0.394685 -0.285086
v -0.435307 0.408560 -0.273423
v -0.435307 0.401165 -0.279255
v -0.435307 0.437414 -0.273423
v -0.435307 0.437414 -0.285086
v -0.435307 0.437414 -0.279255
v -0.435307 0.437414 -0.263651
v -0.435307 0.437414 -0.272107
v -0.435307 0.437414 -0.267879
v -0.435307 0.417068 -0.267255
v -0.435307 0.430705 -0.262051
v -0.435307 0.422880 -0.264413
v -0.435307 0.269992 -0.428006
v -0.435307 0.326393 -0.363766
v -0.435307 0.299095 -0.380676
v -0.435307 0.312744 -0.370070
v -0.435307 0.326393 -0.428006
v -0.435307 0.312744 -0.428006
v -0.435307 0.294495 -0.385277
v -0.435307 0.282832 -0.399152
v -0.435307 0.288663 -0.391756
v -0.435307 0.282832 -0.428006
v -0.435307 0.294495 -0.428006
v -0.435307 0.273059 -0.428006
v -0.435307 0.281516 -0.428006
v -0.435307 0.277288 -0.428006
v -0.435307 0.276663 -0.407660
v -0.435307 0.271459 -0.421296
v -0.435307 0.273821 -0.413471
v -0.358606 0.419397 -0.351305
v -0.287055 0.419397 -0.367594
v -0.299280 0.419397 -0.358094
v -0.311506 0.419397 -0.352447
v -0.272487 0.419397 -0.384143
v -0.277710 0.419397 -0.377519
v -0.282934 0.419397 -0.371715
v -0.264416 0.419397 -0.396970
v -0.266962 0.419397 -0.391764
v -0.262300 0.419397 -0.403979
v -0.374896 0.419397 -0.279700
v -0.365395 0.419397 -0.291925
v -0.359749 0.419397 -0.304151
v -0.391444 0.419397 -0.265132
v -0.384820 0.419397 -0.270355
v -0.379017 0.419397 -0.275579
v -0.404271 0.419397 -0.257061
v -0.399065 0.419397 -0.259607
v -0.411280 0.419397 -0.254945
v -0.358606 0.360713 -0.409989
v -0.374896 0.290540 -0.409989
v -0.365395 0.302765 -0.409989
v -0.359749 0.314991 -0.409989
v -0.391445 0.275972 -0.409989
v -0.384820 0.281195 -0.409989
v -0.379017 0.286419 -0.409989
v -0.404271 0.267901 -0.409989
v -0.399065 0.270447 -0.409989
v -0.411280 0.265785 -0.409989
v -0.287055 0.377003 -0.409989
v -0.299280 0.367502 -0.409989
v -0.311506 0.361856 -0.409989
v -0.272487 0.393552 -0.409989
v -0.277710 0.386927 -0.409989
v -0.282934 0.381124 -0.409989
v -0.264416 0.406378 -0.409989
v -0.266962 0.401173 -0.409989
v -0.262300 0.413387 -0.409989
v -0.260986 0.419397 -0.409989
v -0.417290 0.360713 -0.351305
v -0.417290 0.377003 -0.279700
v -0.417290 0.367502 -0.291925
v -0.417290 0.361856 -0.304151
v -0.417290 0.393552 -0.265132
v -0.417290 0.386927 -0.270355
v -0.417290 0.381124 -0.275579
v -0.417290 0.406379 -0.257061
v -0.417290 0.401173 -0.259607
v -0.417290 0.413387 -0.254945
v -0.417290 0.419397 -0.253631
v -0.417290 0.290540 -0.367594
v -0.417290 0.302765 -0.358094
v -0.417290 0.314991 -0.352447
v -0.417290 0.275972 -0.384143
v -0.417290 0.281195 -0.377519
v -0.417290 0.286419 -0.371715
v -0.417290 0.267901 -0.396970
v -0.417290 0.270447 -0.391764
v -0.417290 0.265785 -0.403979
v -0.417290 0.264471 -0.409989
v 0.363076 0.437414 0.372401
v 0.428591 0.437414 0.437916
v 0.317569 0.437414 0.373676
v 0.290272 0.437414 0.390586
v 0.303921 0.437414 0.379980
v 0.290272 0.437414 0.437916
v 0.285671 0.437414 0.395187
v 0.274009 0.437414 0.409062
v 0.279840 0.437414 0.401666
v 0.267840 0.437414 0.417570
v 0.262636 0.437414 0.431206
v 0.264998 0.437414 0.423381
v 0.364352 0.437414 0.326894
v 0.381262 0.437414 0.299597
v 0.370655 0.437414 0.313245
v 0.428591 0.437414 0.299597
v 0.385862 0.437414 0.294996
v 0.399737 0.437414 0.283333
v 0.392341 0.437414 0.289165
v 0.408245 0.437414 0.277165
v 0.421882 0.437414 0.271961
v 0.414057 0.437414 0.274323
v 0.363076 0.371899 0.437916
v 0.428591 0.371899 0.437916
v 0.364352 0.326393 0.437916
v 0.381262 0.299095 0.437916
v 0.370655 0.312744 0.437916
v 0.428591 0.299095 0.437916
v 0.385862 0.294495 0.437916
v 0.399737 0.282832 0.437916
v 0.392341 0.288663 0.437916
v 0.428591 0.288663 0.437916
v 0.408245 0.276663 0.437916
v 0.421882 0.271459 0.437916
v 0.414057 0.273821 0.437916
v 0.363076 0.437414 0.437916
v 0.261169 0.437414 0.437916
v 0.317569 0.373175 0.437916
v 0.290272 0.390085 0.437916
v 0.303921 0.379478 0.437916
v 0.317569 0.437414 0.437916
v 0.303921 0.437414 0.437916
v 0.285671 0.394685 0.437916
v 0.274009 0.408560 0.437916
v 0.279840 0.401165 0.437916
v 0.274009 0.437414 0.437916
v 0.285671 0.437414 0.437916
v 0.279840 0.437414 0.437916
v 0.264236 0.437414 0.437916
v 0.272693 0.437414 0.437916
v 0.268464 0.437414 0.437916
v 0.267840 0.417068 0.437916
v 0.262636 0.430705 0.437916
v 0.264998 0.422880 0.437916
v 0.428591 0.371899 0.372400
v 0.428591 0.437414 0.372401
v 0.428591 0.437414 0.270493
v 0.428591 0.373175 0.326894
v 0.428591 0.390085 0.299597
v 0.428591 0.379478 0.313245
v 0.428591 0.437414 0.326894
v 0.428591 0.437414 0.313245
v 0.428591 0.394685 0.294996
v 0.428591 0.408560 0.283333
v 0.428591 0.401165 0.289165
v 0.428591 0.437414 0.283333
v 0.428591 0.437414 0.294996
v 0.428591 0.437414 0.289165
v 0.428591 0.437414 0.273561
v 0.428591 0.437414 0.282017
v 0.428591 0.437414 0.277789
v 0.428591 0.417068 0.277165
v 0.428591 0.430705 0.271961
v 0.428591 0.422880 0.274323
v 0.428591 0.269992 0.437916
v 0.428591 0.326393 0.373676
v 0.428591 0.299095 0.390586
v 0.428591 0.312744 0.379980
v 0.428591 0.326393 0.437916
v 0.428591 0.312744 0.437916
v 0.428591 0.294495 0.395187
v 0.428591 0.282832 0.409062
v 0.428591 0.288663 0.401666
v 0.428591 0.282832 0.437916
v 0.428591 0.294495 0.437916
v 0.428591 0.273059 0.437916
v 0.428591 0.281516 0.437916
v 0.428591 0.277288 0.437916
v 0.428591 0.276663 0.417570
v 0.428591 0.271459 0.431206
v 0.428591 0.273821 0.423381
v 0.351890 0.419397 0.361215
v 0.280339 0.419397 0.377504
v 0.292564 0.419397 0.368004
v 0.304790 0.419397 0.362357
v 0.265771 0.419397 0.394053
v 0.270994 0.419397 0.387429
v 0.276218 0.419397 0.381625
v 0.257700 0.419397 0.406880
v 0.260246 0.419397 0.401674
v 0.255584 0.419397 0.413889
v 0.368180 0.419397 0.289610
v 0.358679 0.419397 0.301835
v 0.353033 0.419397 0.314061
v 0.384728 0.419397 0.275042
v 0.378104 0.419397 0.280265
v 0.372301 0.419397 0.285489
v 0.397555 0.419397 0.266971
v 0.392349 0.419397 0.269517
v 0.404564 0.419397 0.264855
v 0.351890 0.360713 0.419899
v 0.368180 0.290540 0.419899
v 0.358679 0.302765 0.419899
v 0.353033 0.314991 0.419899
v 0.384729 0.275972 0.419899
v 0.378104 0.281195 0.419899
v 0.372301 0.286419 0.419899
v 0.397555 0.267901 0.419899
v 0.392349 0.270447 0.419899
v 0.404564 0.265785 0.419899
v 0.280339 0.377003 0.419899
v 0.292564 0.367502 0.419899
v 0.304790 0.361856 0.419899
v 0.265771 0.393552 0.419899
v 0.270994 0.386927 0.419899
v 0.276218 0.381124 0.419899
v 0.257700 0.406378 0.419899
v 0.260246 0.401173 0.419899
v 0.255584 0.413387 0.419899
v 0.254270 0.419397 0.419899
v 0.410574 0.360713 0.361215
v 0.410574 0.377003 0.289610
v 0.410574 0.367502 0.301835
v 0.410574 0.361856 0.314061
v 0.410574 0.393552 0.275042
v 0.410574 0.386927 0.280265
v 0.410574 0.381124 0.285489
v 0.410574 0.406379 0.266971
v 0.410574 0.401173 0.269517
v 0.410574 0.413387 0.264855
v 0.410574 0.419397 0.263541
v 0.410574 0.290540 0.377504
v 0.410574 0.302765 0.368004
v 0.410574 0.314991 0.362357
v 0.410574 0.275972 0.394053
v 0.410574 0.281195 0.387429
v 0.410574 0.286419 0.381625
v 0.410574 0.267901 0.406880
v 0.410574 0.270447 0.401674
v 0.410574 0.265785 0.413889
v 0.410574 0.264471 0.419899
v -0.369792 0.437414 0.372401
v -0.435307 0.437414 0.437916
v -0.324285 0.437414 0.373676
v -0.296988 0.437414 0.390586
v -0.310637 0.437414 0.379980
v -0.296988 0.437414 0.437916
v -0.292387 0.437414 0.395187
v -0.280725 0.437414 0.409062
v -0.286556 0.437414 0.401666
v -0.274556 0.437414 0.417570
v -0.269352 0.437414 0.431206
v -0.271714 0.437414 0.423381
v -0.371068 0.437414 0.326894
v -0.387978 0.437414 0.299597
v -0.377371 0.437414 0.313245
v -0.435307 0.437414 0.299597
v -0.392578 0.437414 0.294996
v -0.406453 0.437414 0.283333
v -0.399057 0.437414 0.289165
v -0.414961 0.437414 0.277165
v -0.428598 0.437414 0.271961
v -0.420773 0.437414 0.274323
v -0.369792 0.371899 0.437916
v -0.435307 0.371899 0.437916
v -0.371068 0.326393 0.437916
v -0.387978 0.299095 0.437916
v -0.377371 0.312744 0.437916
v -0.435307 0.299095 0.437916
v -0.392578 0.294495 0.437916
v -0.406453 0.282832 0.437916
v -0.399057 0.288663 0.437916
v -0.435307 0.288663 0.437916
v -0.414961 0.276663 0.437916
v -0.428598 0.271459 0.437916
v -0.420773 0.273821 0.437916
v -0.369792 0.437414 0.437916
v -0.267885 0.437414 0.437916
v -0.324285 0.373175 0.437916
v -0.296988 0.390085 0.437916
v -0.310637 0.379478 0.437916
v -0.324285 0.437414 0.437916
v -0.310637 0.437414 0.437916
v -0.292387 0.394685 0.437916
v -0.280725 0.408560 0.437916
v -0.286556 0.401165 0.437916
v -0.280725 0.437414 0.437916
v -0.292387 0.437414 0.437916
v -0.286556 0.437414 0.437916
v -0.270952 0.437414 0.437916
v -0.279409 0.437414 0.437916
v -0.275180 0.437414 0.437916
v -0.274556 0.417068 0.437916
v -0.269352 0.430705 0.437916
v -0.271714 0.422880 0.437916
v -0.435307 0.371899 0.372400
v -0.435307 0.437414 0.372401
v -0.435307 0.437414 0.270493
v -0.435307 0.373175 0.326894
v -0.435307 0.390085 0.299597
v -0.435307 0.379478 0.313245
v -0.435307 0.437414 0.326894
v -0.435307 0.437414 0.313245
v -0.435307 0.394685 0.294996
v -0.435307 0.408560 0.283333
v -0.435307 0.401165 0.289165
v -0.435307 0.437414 0.283333
v -0.435307 0.437414 0.294996
v -0.435307 0.437414 0.289165
v -0.435307 0.437414 0.273561
v -0.435307 0.437414 0.282017
v -0.435307 0.437414 0.277789
v -0.435307 0.417068 0.277165
v -0.435307 0.430705 0.271961
v -0.435307 0.422880 0.274323
v -0.435307 0.269992 0.437916
v -0.435307 0.326393 0.373676
v -0.435307 0.299095 0.390586
v -0.435307 0.312744 0.379980
v -0.435307 0.326393 0.437916
v -0.435307 0.312744 0.437916
v -0.435307 0.294495 0.395187
v -0.435307 0.282832 0.409062
v -0.435307 0.288663 0.401666
v -0.435307 0.282832 0.437916
v -0.435307 0.294495 0.437916
v -0.435307 0.273059 0.437916
v -0.435307 0.281516 0.437916
v -0.435307 0.277288 0.437916
v -0.435307 0.276663 0.417570
v -0.435307 0.271459 0.431206
v -0.435307 0.273821 0.423381
v -0.358606 0.419397 0.361215
v -0.287055 0.419397 0.377504
v -0.299280 0.419397 0.368004
v -0.311506 0.419397 0.362357
v -0.272487 0.419397 0.394053
v -0.277710 0.419397 0.387429
v -0.282934 0.419397 0.381625
v -0.264416 0.419397 0.406880
v -0.266962 0.419397 0.401674
v -0.262300 0.419397 0.413889
v -0.374896 0.419397 0.289610
v -0.365395 0.419397 0.301835
v -0.359749 0.419397 0.314061
v -0.391444 0.419397 0.275042
v -0.384820 0.419397 0.280265
v -0.379017 0.419397 0.285489
v -0.404271 0.419397 0.266971
v -0.399065 0.419397 0.269517
v -0.411280 0.419397 0.264855
v -0.358606 0.360713 0.419899
v -0.374896 0.290540 0.419899
v -0.365395 0.302765 0.419899
v -0.359749 0.314991 0.419899
v -0.391445 0.275972 0.419899
v -0.384820 0.281195 0.419899
v -0.379017 0.286419 0.419899
v -0.404271 0.267901 0.419899
v -0.399065 0.270447 0.419899
v -0.411280 0.265785 0.419899
v -0.287055 0.377003 0.419899
v -0.299280 0.367502 0.419899
v -0.311506 0.361856 0.419899
v -0.272487 0.393552 0.419899
v -0.277710 0.386927 0.419899
v -0.282934 0.381124 0.419899
v -0.264416 0.406378 0.419899
v -0.266962 0.401173 0.419899
v -0.262300 0.413387 0.419899
v -0.260986 0.419397 0.419899
v -0.417290 0.360713 0.361215
v -0.417290 0.377003 0.289610
v -0.417290 0.367502 0.301835
v -0.417290 0.361856 0.314061
v -0.417290 0.393552 0.275042
v -0.417290 0.386927 0.280265
v -0.417290 0.381124 0.285489
v -0.417290 0.406379 0.266971
v -0.417290 0.401173 0.269517
v -0.417290 0.413387 0.264855
v -0.417290 0.419397 0.263541
v -0.417290 0.290540 0.377504
v -0.417290 0.302765 0.368004
v -0.417290 0.314991 0.362357
v -0.417290 0.275972 0.394053
v -0.417290 0.281195 0.387429
v -0.417290 0.286419 0.381625
v -0.417290 0.267901 0.406880
v -0.417290 0.270447 0.401674
v -0.417290 0.265785 0.413889
v -0.417290 0.264471 0.419899
v 0.363076 -0.430472 -0.362491
v 0.428591 -0.430472 -0.428006
v 0.317569 -0.430472 -0.363766
v 0.290272 -0.430472 -0.380676
v 0.303921 -0.430472 -0.370070
v 0.290272 -0.430472 -0.428006
v 0.285671 -0.430472 -0.385277
v 0.274009 -0.430472 -0.399152
v 0.279840 -0.430472 -0.391756
v 0.267840 -0.430472 -0.407660
v 0.262636 -0.430472 -0.421296
v 0.264998 -0.430472 -0.413471
v 0.364352 -0.430472 -0.316984
v 0.381262 -0.430472 -0.289687
v 0.370655 -0.430472 -0.303335
v 0.428591 -0.430472 -0.289687
v 0.385862 -0.430472 -0.285086
v 0.399737 -0.430472 -0.273423
v 0.392341 -0.430472 -0.279255
v 0.408245 -0.430472 -0.267255
v 0.421882 -0.430472 -0.262051
v 0.414057 -0.430472 -0.264413
v 0.363076 -0.364957 -0.428006
v 0.428591 -0.364957 -0.428006
v 0.364352 -0.319451 -0.428006
v 0.381262 -0.292153 -0.428006
v 0.370655 -0.305802 -0.428006
v 0.428591 -0.292153 -0.428006
v 0.385862 -0.287553 -0.428006
v 0.399737 -0.275890 -0.428006
v 0.392341 -0.281721 -0.428006
v 0.428591 -0.281721 -0.428006
v 0.408245 -0.269721 -0.428006
v 0.421882 -0.264517 -0.428006
v 0.414057 -0.266879 -0.428006
v 0.363076 -0.430472 -0.428006
v 0.261169 -0.430472 -0.428006
v 0.317569 -0.366233 -0.428006
v 0.290272 -0.383143 -0.428006
v 0.303921 -0.372536 -0.428006
v 0.317569 -0.430472 -0.428006
v 0.303921 -0.430472 -0.428006
v 0.285671 -0.387743 -0.428006
v 0.274009 -0.401618 -0.428006
v 0.279840 -0.394223 -0.428006
v 0.274009 -0.430472 -0.428006
v 0.285671 -0.430472 -0.428006
v 0.279840 -0.430472 -0.428006
v 0.264236 -0.430472 -0.428006
v 0.272693 -0.430472 -0.428006
v 0.268464 -0.430472 -0.428006
v 0.267840 -0.410126 -0.428006
v 0.262636 -0.423763 -0.428006
v 0.264998 -0.415938 -0.428006
v 0.428591 -0.364957 -0.362490
v 0.428591 -0.430472 -0.362491
v 0.428591 -0.430472 -0.260583
v 0.428591 -0.366233 -0.316984
v 0.428591 -0.383143 -0.289687
v 0.428591 -0.372536 -0.303335
v 0.428591 -0.430472 -0.316984
v 0.428591 -0.430472 -0.303335
v 0.428591 -0.387743 -0.285086
v 0.428591 -0.401618 -0.273423
v 0.428591 -0.394223 -0.279255
v 0.428591 -0.430472 -0.273423
v 0.428591 -0.430472 -0.285086
v 0.428591 -0.430472 -0.279255
v 0.428591 -0.430472 -0.263651
v 0.428591 -0.430472 -0.272107
v 0.428591 -0.430472 -0.267879
v 0.428591 -0.410126 -0.267255
v 0.428591 -0.423763 -0.262051
v 0.428591 -0.415938 -0.264413
v 0.428591 -0.263050 -0.428006
v 0.428591 -0.319451 -0.363766
v 0.428591 -0.292153 -0.380676
v 0.428591 -0.305802 -0.370070
v 0.428591 -0.319451 -0.428006
v 0.428591 -0.305802 -0.428006
v 0.428591 -0.287553 -0.385277
v 0.428591 -0.275890 -0.399152
v 0.428591 -0.281721 -0.391756
v 0.428591 -0.275890 -0.428006
v 0.428591 -0.287553 -0.428006
v 0.428591 -0.266117 -0.428006
v 0.428591 -0.274574 -0.428006
v 0.428591 -0.270346 -0.428006
v 0.428591 -0.269721 -0.407660
v 0.428591 -0.264517 -0.421296
v 0.428591 -0.266879 -0.413471
v 0.351890 -0.412455 -0.351305
v 0.280339 -0.412455 -0.367594
v 0.292564 -0.412455 -0.358094
v 0.304790 -0.412455 -0.352447
v 0.265771 -0.412455 -0.384143
v 0.270994 -0.412455 -0.377519
v 0.276218 -0.412455 -0.371715
v 0.257700 -0.412455 -0.396970
v 0.260246 -0.412455 -0.391764
v 0.255584 -0.412455 -0.403979
v 0.368180 -0.412455 -0.279700
v 0.358679 -0.412455 -0.291925
v 0.353033 -0.412455 -0.304151
v 0.384728 -0.412455 -0.265132
v 0.378104 -0.412455 -0.270355
v 0.372301 -0.412455 -0.275579
v 0.397555 -0.412455 -0.257061
v 0.392349 -0.412455 -0.259607
v 0.404564 -0.412455 -0.254945
v 0.351890 -0.353771 -0.409989
v 0.368180 -0.283598 -0.409989
v 0.358679 -0.295823 -0.409989
v 0.353033 -0.308049 -0.409989
v 0.384729 -0.269030 -0.409989
v 0.378104 -0.274253 -0.409989
v 0.372301 -0.279477 -0.409989
v 0.397555 -0.260959 -0.409989
v 0.392349 -0.263505 -0.409989
v 0.404564 -0.258843 -0.409989
v 0.280339 -0.370061 -0.409989
v 0.292564 -0.360560 -0.409989
v 0.304790 -0.354914 -0.409989
v 0.265771 -0.386610 -0.409989
v 0.270994 -0.379985 -0.409989
v 0.276218 -0.374182 -0.409989
v 0.257700 -0.399437 -0.409989
v 0.260246 -0.394231 -0.409989
v 0.255584 -0.406445 -0.409989
v 0.254270 -0.412455 -0.409989
v 0.410574 -0.353771 -0.351305
v 0.410574 -0.370061 -0.279700
v 0.410574 -0.360560 -0.291925
v 0.410574 -0.354914 -0.304151
v 0.410574 -0.386610 -0.265132
v 0.410574 -0.379985 -0.270355
v 0.410574 -0.374182 -0.275579
v 0.410574 -0.399437 -0.257061
v 0.410574 -0.394231 -0.259607
v 0.410574 -0.406445 -0.254945
v 0.410574 -0.412455 -0.253631
v 0.410574 -0.283598 -0.367594
v 0.410574 -0.295823 -0.358094
v 0.410574 -0.308049 -0.352447
v 0.410574 -0.269030 -0.384143
v 0.410574 -0.274253 -0.377519
v 0.410574 -0.279477 -0.371715
v 0.410574 -0.260959 -0.396970
v 0.410574 -0.263505 -0.391764
v 0.410574 -0.258843 -0.403979
v 0.410574 -0.257529 -0.409989
v -0.369792 -0.430472 -0.362491
v -0.435307 -0.430472 -0.428006
v -0.324285 -0.430472 -0.363766
v -0.296988 -0.430472 -0.380676
v -0.310637 -0.430472 -0.370070
v -0.296988 -0.430472 -0.428006
v -0.292387 -0.430472 -0.385277
v -0.280725 -0.430472 -0.399152
v -0.286556 -0.430472 -0.391756
v -0.274556 -0.430472 -0.407660
v -0.269352 -0.430472 -0.421296
v -0.271714 -0.430472 -0.413471
v -0.371068 -0.430472 -0.316984
v -0.387978 -0.430472 -0.289687
v -0.377371 -0.430472 -0.303335
v -0.435307 -0.430472 -0.289687
v -0.392578 -0.430472 -0.285086
v -0.406453 -0.430472 -0.273423
v -0.399057 -0.430472 -0.279255
v -0.414961 -0.430472 -0.267255
v -0.428598 -0.430472 -0.262051
v -0.420773 -0.430472 -0.264413
v -0.369792 -0.364957 -0.428006
v -0.435307 -0.364957 -0.428006
v -0.371068 -0.319451 -0.428006
v -0.387978 -0.292153 -0.428006
v -0.377371 -0.305802 -0.428006
v -0.435307 -0.292153 -0.428006
v -0.392578 -0.287553 -0.428006
v -0.406453 -0.275890 -0.428006
v -0.399057 -0.281721 -0.428006
v -0.435307 -0.281721 -0.428006
v -0.414961 -0.269721 -0.428006
v -0.428598 -0.264517 -0.428006
v -0.420773 -0.266879 -0.428006
v -0.369792 -0.430472 -0.428006
v -0.267885 -0.430472 -0.428006
v -0.324285 -0.366233 -0.428006
v -0.296988 -0.383143 -0.428006
v -0.310637 -0.372536 -0.428006
v -0.324285 -0.430472 -0.428006
v -0.310637 -0.430472 -0.428006
v -0.292387 -0.387743 -0.428006
v -0.280725 -0.401618 -0.428006
v -0.286556 -0.394223 -0.428006
v -0.280725 -0.430472 -0.428006
v -0.292387 -0.430472 -0.428006
v -0.286556 -0.430472 -0.428006
v -0.270952 -0.430472 -0.428006
v -0.279409 -0.430472 -0.428006
v -0.275180 -0.430472 -0.428006
v -0.274556 -0.410126 -0.428006
v -0.269352 -0.423763 -0.428006
v -0.271714 -0.415938 -0.428006
v -0.435307 -0.364957 -0.362490
v -0.435307 -0.430472 -0.362491
v -0.435307 -0.430472 -0.260583
v -0.435307 -0.366233 -0.316984
v -0.435307 -0.383143 -0.289687
v -0.435307 -0.372536 -0.303335
v -0.435307 -0.430472 -0.316984
v -0.435307 -0.430472 -0.303335
v -0.435307 -0.387743 -0.285086
v -0.435307 -0.401618 -0.273423
v -0.435307 -0.394223 -0.279255
v -0.435307 -0.430472 -0.273423
v -0.435307 -0.430472 -0.285086
v -0.435307 -0.430472 -0.279255
v -0.435307 -0.430472 -0.263651
v -0.435307 -0.430472 -0.272107
v -0.435307 -0.430472 -0.267879
v -0.435307 -0.410126 -0.267255
v -0.435307 -0.423763 -0.262051
v -0.435307 -0.415938 -0.264413
v -0.435307 -0.263050 -0.428006
v -0.435307 -0.319451 -0.363766
v -0.435307 -0.292153 -0.380676
v -0.435307 -0.305802 -0.370070
v -0.435307 -0.319451 -0.428006
v -0.435307 -0.305802 -0.428006
v -0.435307 -0.287553 -0.385277
v -0.435307 -0.275890 -0.399152
v -0.435307 -0.281721 -0.391756
v -0.435307 -0.275890 -0.428006
v -0.435307 -0.287553 -0.428006
v -0.435307 -0.266117 -0.428006
v -0.435307 -0.274574 -0.428006
v -0.435307 -0.270346 -0.428006
v -0.435307 -0.269721 -0.407660
v -0.435307 -0.264517 -0.421296
v -0.435307 -0.266879 -0.413471
v -0.358606 -0.412455 -0.351305
v -0.287055 -0.412455 -0.367594
v -0.299280 -0.412455 -0.358094
v -0.311506 -0.412455 -0.352447
v -0.272487 -0.412455 -0.384143
v -0.277710 -0.412455 -0.377519
v -0.282934 -0.412455 -0.371715
v -0.264416 -0.412455 -0.396970
v -0.266962 -0.412455 -0.391764
v -0.262300 -0.412455 -0.403979
v -0.374896 -0.412455 -0.279700
v -0.365395 -0.412455 -0.291925
v -0.359749 -0.412455 -0.304151
v -0.391444 -0.412455 -0.265132
v -0.384820 -0.412455 -0.270355
v -0.379017 -0.412455 -0.275579
v -0.404271 -0.412455 -0.257061
v -0.399065 -0.412455 -0.259607
v -0.411280 -0.412455 -0.254945
v -0.358606 -0.353771 -0.409989
v -0.374896 -0.283598 -0.409989
v -0.365395 -0.295823 -0.409989
v -0.359749 -0.308049 -0.409989
v -0.391445 -0.269030 -0.409989
v -0.384820 -0.274253 -0.409989
v -0.379017 -0.279477 -0.409989
v -0.404271 -0.260959 -0.409989
v -0.399065 -0.263505 -0.409989
v -0.411280 -0.258843 -0.409989
v -0.287055 -0.370061 -0.409989
v -0.299280 -0.360560 -0.409989
v -0.311506 -0.354914 -0.409989
v -0.272487 -0.386610 -0.409989
v -0.277710 -0.379985 -0.409989
v -0.282934 -0.374182 -0.409989
v -0.264416 -0.399437 -0.409989
v -0.266962 -0.394231 -0.409989
v -0.262300 -0.406445 -0.409989
v -0.260986 -0.412455 -0.409989
v -0.417290 -0.353771 -0.351305
v -0.417290 -0.370061 -0.279700
v -0.417290 -0.360560 -0.291925
v -0.417290 -0.354914 -0.304151
v -0.417290 -0.386610 -0.265132
v -0.417290 -0.379985 -0.270355
v -0.417290 -0.374182 -0.275579
v -0.417290 -0.399437 -0.257061
v -0.417290 -0.394231 -0.259607
v -0.417290 -0.406445 -0.254945
v -0.417290 -0.412455 -0.253631
v -0.417290 -0.283598 -0.367594
v -0.417290 -0.295823 -0.358094
v -0.417290 -0.308049 -0.352447
v -0.417290 -0.269030 -0.384143
v -0.417290 -0.274253 -0.377519
v -0.417290 -0.279477 -0.371715
v -0.417290 -0.260959 -0.396970
v -0.417290 -0.263505 -0.391764
v -0.417290 -0.258843 -0.403979
v -0.417290 -0.257529 -0.409989
v 0.363076 -0.430472 0.372401
v 0.428591 -0.430472 0.437916
v 0.317569 -0.430472 0.373676
v 0.290272 -0.430472 0.390586
v 0.303921 -0.430472 0.379980
v 0.290272 -0.430472 0.437916
v 0.285671 -0.430472 0.395187
v 0.274009 -0.430472 0.409062
v 0.279840 -0.430472 0.401666
v 0.267840 -0.430472 0.417570
v 0.262636 -0.430472 0.431206
v 0.264998 -0.430472 0.423381
v 0.364352 -0.430472 0.326894
v 0.381262 -0.430472 0.299597
v 0.370655 -0.430472 0.313245
v 0.428591 -0.430472 0.299597
v 0.385862 -0.430472 0.294996
v 0.399737 -0.430472 0.283333
v 0.392341 -0.430472 0.289165
v 0.408245 -0.430472 0.277165
v 0.421882 -0.430472 0.271961
v 0.414057 -0.430472 0.274323
v 0.363076 -0.364957 0.437916
v 0.428591 -0.364957 0.437916
v 0.364352 -0.319451 0.437916
v 0.381262 -0.292153 0.437916
v 0.370655 -0.305802 0.437916
v 0.428591 -0.292153 0.437916
v 0.385862 -0.287553 0.437916
v 0.399737 -0.275890 0.437916
v 0.392341 -0.281721 0.437916
v 0.428591 -0.281721 0.437916
v 0.408245 -0.269721 0.437916
v 0.421882 -0.264517 0.437916
v 0.414057 -0.266879 0.437916
v 0.363076 -0.430472 0.437916
v 0.261169 -0.430472 0.437916
v 0.317569 -0.366233 0.437916
v 0.290272 -0.383143 0.437916
v 0.303921 -0.372536 0.437916
v 0.317569 -0.430472 0.437916
v 0.303921 -0.430472 0.437916
v 0.285671 -0.387743 0.437916
v 0.274009 -0.401618 0.437916
v 0.279840 -0.394223 0.437916
v 0.274009 -0.430472 0.437916
v 0.285671 -0.430472 0.437916
v 0.279840 -0.430472 0.437916
v 0.264236 -0.430472 0.437916
v 0.272693 -0.430472 0.437916
v 0.268464 -0.430472 0.437916
v 0.267840 -0.410126 0.437916
v 0.262636 -0.423763 0.437916
v 0.264998 -0.415938 0.437916
v 0.428591 -0.364957 0.372400
v 0.428591 -0.430472 0.372401
v 0.428591 -0.430472 0.270493
v 0.428591 -0.366233 0.326894
v 0.428591 -0.383143 0.299597
v 0.428591 -0.372536 0.313245
v 0.428591 -0.430472 0.326894
v 0.428591 -0.430472 0.313245
v 0.428591 -0.387743 0.294996
v 0.428591 -0.401618 0.283333
v 0.428591 -0.394223 0.289165
v 0.428591 -0.430472 0.283333
v 0.428591 -0.430472 0.294996
v 0.428591 -0.430472 0.289165
v 0.428591 -0.430472 0.273561
v 0.428591 -0.430472 0.282017
v 0.428591 -0.430472 0.277789
v 0.428591 -0.410126 0.277165
v 0.428591 -0.423763 0.271961
v 0.428591 -0.415938 0.274323
v 0.428591 -0.263050 0.437916
v 0.428591 -0.319451 0.373676
v 0.428591 -0.292153 0.390586
v 0.428591 -0.305802 0.379980
v 0.428591 -0.319451 0.437916
v 0.428591 -0.305802 0.437916
v 0.428591 -0.287553 0.395187
v 0.428591 -0.275890 0.409062
v 0.428591 -0.281721 0.401666
v 0.428591 -0.275890 0.437916
v 0.428591 -0.287553 0.437916
v 0.428591 -0.266117 0.437916
v 0.428591 -0.274574 0.437916
v 0.428591 -0.270346 0.437916
v 0.428591 -0.269721 0.417570
v 0.428591 -0.264517 0.431206
v 0.428591 -0.266879 0.423381
v 0.351890 -0.412455 0.361215
v 0.280339 -0.412455 0.377504
v 0.292564 -0.412455 0.368004
v 0.304790 -0.412455 0.362357
v 0.265771 -0.412455 0.394053
v 0.270994 -0.412455 0.387429
v 0.276218 -0.412455 0.381625
v 0.257700 -0.412455 0.406880
v 0.260246 -0.412455 0.401674
v 0.255584 -0.412455 0.413889
v 0.368180 -0.412455 0.289610
v 0.358679 -0.412455 0.301835
v 0.353033 -0.412455 0.314061
v 0.384728 -0.412455 0.275042
v 0.378104 -0.412455 0.280265
v 0.372301 -0.412455 0.285489
v 0.397555 -0.412455 0.266971
v 0.392349 -0.412455 0.269517
v 0.404564 -0.412455 0.264855
v 0.351890 -0.353771 0.419899
v 0.368180 -0.283598 0.419899
v 0.358679 -0.295823 0.419899
v 0.353033 -0.308049 0.419899
v 0.384729 -0.269030 0.419899
v 0.378104 -0.274253 0.419899
v 0.372301 -0.279477 0.419899
v 0.397555 -0.260959 0.419899
v 0.392349 -0.263505 0.419899
v 0.404564 -0.258843 0.419899
v 0.280339 -0.370061 0.419899
v 0.292564 -0.360560 0.419899
v 0.304790 -0.354914 0.419899
v 0.265771 -0.386610 0.419899
v 0.270994 -0.379985 0.419899
v 0.276218 -0.374182 0.419899
v 0.257700 -0.399437 0.419899
v 0.260246 -0.394231 0.419899
v 0.255584 -0.406445 0.419899
v 0.254270 -0.412455 0.419899
v 0.410574 -0.353771 0.361215
v 0.410574 -0.370061 0.289610
v 0.410574 -0.360560 0.301835
v 0.410574 -0.354914 0.314061
v 0.410574 -0.386610 0.275042
v 0.410574 -0.379985 0.280265
v 0.410574 -0.374182 0.285489
v 0.410574 -0.399437 0.266971
v 0.410574 -0.394231 0.269517
v 0.410574 -0.406445 0.264855
v 0.410574 -0.412455 0.263541
v 0.410574 -0.283598 0.377504
v 0.410574 -0.295823 0.368004
v 0.410574 -0.308049 0.362357
v 0.410574 -0.269030 0.394053
v 0.410574 -0.274253 0.387429
v 0.410574 -0.279477 0.381625
v 0.410574 -0.260959 0.406880
v 0.410574 -0.263505 0.401674
v 0.410574 -0.258843 0.413889
v 0.410574 -0.257529 0.419899
v -0.369792 -0.430472 0.372401
v -0.435307 -0.430472 0.437916
v -0.324285 -0.430472 0.373676
v -0.296988 -0.430472 0.390586
v -0.310637 -0.430472 0.379980
v -0.296988 -0.430472 0.437916
v -0.292387 -0.430472 0.395187
v -0.280725 -0.430472 0.409062
v -0.286556 -0.430472 0.401666
v -0.274556 -0.430472 0.417570
v -0.269352 -0.430472 0.431206
v -0.271714 -0.430472 0.423381
v -0.371068 -0.430472 0.326894
v -0.387978 -0.430472 0.299597
v -0.377371 -0.430472 0.313245
v -0.435307 -0.430472 0.299597
v -0.392578 -0.430472 0.294996
v -0.406453 -0.430472 0.283333
v -0.399057 -0.430472 0.289165
v -0.414961 -0.430472 0.277165
v -0.428598 -0.430472 0.271961
v -0.420773 -0.430472 0.274323
v -0.369792 -0.364957 0.437916
v -0.435307 -0.364957 0.437916
v -0.371068 -0.319451 0.437916
v -0.387978 -0.292153 0.437916
v -0.377371 -0.305802 0.437916
v -0.435307 -0.292153 0.437916
v -0.392578 -0.287553 0.437916
v -0.406453 -0.275890 0.437916
v -0.399057 -0.281721 0.437916
v -0.435307 -0.281721 0.437916
v -0.414961 -0.269721 0.437916
v -0.428598 -0.264517 0.437916
v -0.420773 -0.266879 0.437916
v -0.369792 -0.430472 0.437916
v -0.267885 -0.430472 0.437916
v -0.324285 -0.366233 0.437916
v -0.296988 -0.383143 0.437916
v -0.310637 -0.372536 0.437916
v -0.324285 -0.430472 0.437916
v -0.310637 -0.430472 0.437916
v -0.292387 -0.387743 0.437916
v -0.280725 -0.401618 0.437916
v -0.286556 -0.394223 0.437916
v -0.280725 -0.430472 0.437916
v -0.292387 -0.430472 0.437916
v -0.286556 -0.430472 0.437916
v -0.270952 -0.430472 0.437916
v -0.279409 -0.430472 0.437916
v -0.275180 -0.430472 0.437916
v -0.274556 -0.410126 0.437916
v -0.269352 -0.423763 0.437916
v -0.271714 -0.415938 0.437916
v -0.435307 -0.364957 0.372400
v -0.435307 -0.430472 0.372401
v -0.435307 -0.430472 0.270493
v -0.435307 -0.366233 0.326894
v -0.435307 -0.383143 0.299597
v -0.435307 -0.372536 0.313245
v -0.435307 -0.430472 0.326894
v -0.435307 -0.430472 0.313245
v -0.435307 -0.387743 0.294996
v -0.435307 -0.401618 0.283333
v -0.435307 -0.394223 0.289165
v -0.435307 -0.430472 0.283333
v -0.435307 -0.430472 0.294996
v -0.435307 -0.430472 0.289165
v -0.435307 -0.430472 0.273561
v -0.435307 -0.430472 0.282017
v -0.435307 -0.430472 0.277789
v -0.435307 -0.410126 0.277165
v -0.435307 -0.423763 0.271961
v -0.435307 -0.415938 0.274323
v -0.435307 -0.263050 0.437916
v -0.435307 -0.319451 0.373676
v -0.435307 -0.292153 0.390586
v -0.435307 -0.305802 0.379980
v -0.435307 -0.319451 0.437916
v -0.435307 -0.305802 0.437916
v -0.435307 -0.287553 0.395187
v -0.435307 -0.275890 0.409062
v -0.435307 -0.281721 0.401666
v -0.435307 -0.275890 0.437916
v -0.435307 -0.287553 0.437916
v -0.435307 -0.266117 0.437916
v -0.435307 -0.274574 0.437916
v -0.435307 -0.270346 0.437916
v -0.435307 -0.269721 0.417570
v -0.435307 -0.264517 0.431206
v -0.435307 -0.266879 0.423381
v -0.358606 -0.412455 0.361215
v -0.287055 -0.412455 0.377504
v -0.299280 -0.412455 0.368004
v -0.311506 -0.412455 0.362357
v -0.272487 -0.412455 0.394053
v -0.277710 -0.412455 0.387429
v -0.282934 -0.412455 0.381625
v -0.264416 -0.412455 0.406880
v -0.266962 -0.412455 0.401674
v -0.262300 -0.412455 0.413889
v -0.374896 -0.412455 0.289610
v -0.365395 -0.412455 0.301835
v -0.359749 -0.412455 0.314061
v -0.391444 -0.412455 0.275042
v -0.384820 -0.412455 0.280265
v -0.379017 -0.412455 0.285489
v -0.404271 -0.412455 0.266971
v -0.399065 -0.412455 0.269517
v -0.411280 -0.412455 0.264855
v -0.358606 -0.353771 0.419899
v -0.374896 -0.283598 0.419899
v -0.365395 -0.295823 0.419899
v -0.359749 -0.308049 0.419899
v -0.391445 -0.269030 0.419899
v -0.384820 -0.274253 0.419899
v -0.379017 -0.279477 0.419899
v -0.404271 -0.260959 0.419899
v -0.399065 -0.263505 0.419899
v -0.411280 -0.258843 0.419899
v -0.287055 -0.370061 0.419899
v -0.299280 -0.360560 0.419899
v -0.311506 -0.354914 0.419899
v -0.272487 -0.386610 0.419899
v -0.277710 -0.379985 0.419899
v -0.282934 -0.374182 0.419899
v -0.264416 -0.399437 0.419899
v -0.266962 -0.394231 0.419899
v -0.262300 -0.406445 0.419899
v -0.260986 -0.412455 0.419899
v -0.417290 -0.353771 0.361215
v -0.417290 -0.370061 0.289610
v -0.417290 -0.360560 0.301835
v -0.417290 -0.354914 0.314061
v -0.417290 -0.386610 0.275042
v -0.417290 -0.379985 0.280265
v -0.417290 -0.374182 0.285489
v -0.417290 -0.399437 0.266971
v -0.417290 -0.394231 0.269517
v -0.417290 -0.406445 0.264855
v -0.417290 -0.412455 0.263541
v -0.417290 -0.283598 0.377504
v -0.417290 -0.295823 0.368004
v -0.417290 -0.308049 0.362357
v -0.417290 -0.269030 0.394053
v -0.417290 -0.274253 0.387429
v -0.417290 -0.279477 0.381625
v -0.417290 -0.260959 0.406880
v -0.417290 -0.263505 0.401674
v -0.417290 -0.258843 0.413889
v -0.417290 -0.257529 0.419899
v 0.387087 0.408198 0.099896
v -0.003358 0.408198 0.205505
v 0.278338 0.408198 0.099896
v 0.196049 0.408198 0.205947
v 0.258524 0.408198 0.132315
v 0.387087 0.408198 0.186623
v -0.003358 0.408198 0.286523
v 0.313107 0.408198 0.186623
v 0.253131 0.408198 0.289380
v 0.298982 0.408198 0.209758
v 0.125485 0.408198 0.205791
v 0.162368 0.408198 0.286523
v -0.393803 0.408198 0.099896
v -0.285054 0.408198 0.099896
v -0.202765 0.408198 0.205947
v -0.265240 0.408198 0.132315
v -0.393803 0.408198 0.186623
v -0.319823 0.408198 0.186623
v -0.259847 0.408198 0.289380
v -0.305698 0.408198 0.209758
v -0.132201 0.408198 0.205791
v -0.169084 0.408198 0.286523
v 0.366722 0.419529 0.120261
v 0.366722 0.419529 0.166258
v -0.373438 0.419529 0.120261
v -0.373438 0.419529 0.166258
v 0.275075 0.419529 0.144285
v 0.289759 0.419529 0.120261
v 0.125440 0.419529 0.226155
v 0.205460 0.419529 0.226332
v 0.281465 0.419529 0.199369
v 0.301680 0.419529 0.166258
v 0.162688 0.419529 0.266159
v 0.241574 0.419529 0.268641
v -0.003358 0.419529 0.225870
v -0.003358 0.419529 0.266159
v -0.281791 0.419529 0.144285
v -0.296475 0.419529 0.120261
v -0.132156 0.419529 0.226155
v -0.212176 0.419529 0.226332
v -0.288181 0.419529 0.199369
v -0.308396 0.419529 0.166258
v -0.169404 0.419529 0.266159
v -0.248290 0.419529 0.268641
v 0.387087 0.408198 -0.089986
v -0.003358 0.408198 -0.195595
v 0.278338 0.408198 -0.089986
v 0.196049 0.408198 -0.196037
v 0.258524 0.408198 -0.122405
v 0.387087 0.408198 -0.176713
v -0.003358 0.408198 -0.276613
v 0.313107 0.408198 -0.176713
v 0.253131 0.408198 -0.279470
v 0.298982 0.408198 -0.199848
v 0.125485 0.408198 -0.195881
v 0.162368 0.408198 -0.276613
v -0.393803 0.408198 -0.089986
v -0.285054 0.408198 -0.089986
v -0.202765 0.408198 -0.196037
v -0.265240 0.408198 -0.122405
v -0.393803 0.408198 -0.176713
v -0.319823 0.408198 -0.176713
v -0.259847 0.408198 -0.279470
v -0.305698 0.408198 -0.199848
v -0.132201 0.408198 -0.195881
v -0.169084 0.408198 -0.276613
v 0.366722 0.419529 -0.110351
v 0.366722 0.419529 -0.156348
v -0.373438 0.419529 -0.110351
v -0.373438 0.419529 -0.156348
v 0.275075 0.419529 -0.134375
v 0.289759 0.419529 -0.110351
v 0.125440 0.419529 -0.216245
v 0.205460 0.419529 -0.216422
v 0.281465 0.419529 -0.189459
v 0.301680 0.419529 -0.156348
v 0.162688 0.419529 -0.256249
v 0.241574 0.419529 -0.258731
v -0.003358 0.419529 -0.215960
v -0.003358 0.419529 -0.256249
v -0.281791 0.419529 -0.134375
v -0.296475 0.419529 -0.110351
v -0.132156 0.419529 -0.216245
v -0.212176 0.419529 -0.216422
v -0.288181 0.419529 -0.189459
v -0.308396 0.419529 -0.156348
v -0.169404 0.419529 -0.256249
v -0.248290 0.419529 -0.258731
v 0.387087 -0.398216 0.099896
v -0.003358 -0.398216 0.205505
v 0.278338 -0.398216 0.099896
v 0.196049 -0.398216 0.205947
v 0.258524 -0.398216 0.132315
v 0.387087 -0.398216 0.186623
v -0.003358 -0.398216 0.286523
v 0.313107 -0.398216 0.186623
v 0.253131 -0.398216 0.289380
v 0.298982 -0.398216 0.209758
v 0.125485 -0.398216 0.205791
v 0.162368 -0.398216 0.286523
v -0.393803 -0.398216 0.099896
v -0.285054 -0.398216 0.099896
v -0.202765 -0.398216 0.205947
v -0.265240 -0.398216 0.132315
v -0.393803 -0.398216 0.186623
v -0.319823 -0.398216 0.186623
v -0.259847 -0.398216 0.289380
v -0.305698 -0.398216 0.209758
v -0.132201 -0.398216 0.205791
v -0.169084 -0.398216 0.286523
v 0.366722 -0.409547 0.120261
v 0.366722 -0.409547 0.166258
v -0.373438 -0.409547 0.120261
v -0.373438 -0.409547 0.166258
v 0.275075 -0.409547 0.144285
v 0.289759 -0.409547 0.120261
v 0.125440 -0.409547 0.226155
v 0.205460 -0.409547 0.226332
v 0.281465 -0.409547 0.199369
v 0.301680 -0.409547 0.166258
v 0.162688 -0.409547 0.266159
v 0.241574 -0.409547 0.268641
v -0.003358 -0.409547 0.225870
v -0.003358 -0.409547 0.266159
v -0.281791 -0.409547 0.144285
v -0.296475 -0.409547 0.120261
v -0.132156 -0.409547 0.226155
v -0.212176 -0.409547 0.226332
v -0.288181 -0.409547 0.199369
v -0.308396 -0.409547 0.166258
v -0.169404 -0.409547 0.266159
v -0.248290 -0.409547 0.268641
v 0.387087 -0.398216 -0.089986
v -0.003358 -0.398216 -0.195595
v 0.278338 -0.398216 -0.089986
v 0.196049 -0.398216 -0.196037
v 0.258524 -0.398216 -0.122405
v 0.387087 -0.398216 -0.176713
v -0.003358 -0.398216 -0.276613
v 0.313107 -0.398216 -0.176713
v 0.253131 -0.398216 -0.279470
v 0.298982 -0.398216 -0.199848
v 0.125485 -0.398216 -0.195881
v 0.162368 -0.398216 -0.276613
v -0.393803 -0.398216 -0.089986
v -0.285054 -0.398216 -0.089986
v -0.202765 -0.398216 -0.196037
v -0.265240 -0.398216 -0.122405
v -0.393803 -0.398216 -0.176713
v -0.319823 -0.398216 -0.176713
v -0.259847 -0.398216 -0.279470
v -0.305698 -0.398216 -0.199848
v -0.132201 -0.398216 -0.195881
v -0.169084 -0.398216 -0.276613
v 0.366722 -0.409547 -0.110351
v 0.366722 -0.409547 -0.156348
v -0.373438 -0.409547 -0.110351
v -0.373438 -0.409547 -0.156348
v 0.275075 -0.409547 -0.134375
v 0.289759 -0.409547 -0.110351
v 0.125440 -0.409547 -0.216245
v 0.205460 -0.409547 -0.216422
v 0.281465 -0.409547 -0.189459
v 0.301680 -0.409547 -0.156348
v 0.162688 -0.409547 -0.256249
v 0.241574 -0.409547 -0.258731
v -0.003358 -0.409547 -0.215960
v -0.003358 -0.409547 -0.256249
v -0.281791 -0.409547 -0.134375
v -0.296475 -0.409547 -0.110351
v -0.132156 -0.409547 -0.216245
v -0.212176 -0.409547 -0.216422
v -0.288181 -0.409547 -0.189459
v -0.308396 -0.409547 -0.156348
v -0.169404 -0.409547 -0.256249
v -0.248290 -0.409547 -0.258731
vn -0.0000 1.0000 -0.0000
vn -0.0000 0.7467 -0.6652
vn -0.0000 0.9978 0.0660
vn -0.0000 -1.0000 -0.0000
vn -0.0000 -0.7466 -0.6653
vn -0.0000 -0.9978 0.0660
vn -0.0000 -0.0000 -1.0000
vn 0.4976 -0.0000 -0.8674
vn 0.4820 -0.0000 -0.8762
vn -0.3414 -0.0000 -0.9399
vn -0.0641 -0.0000 -0.9979
vn -0.0781 -0.0000 -0.9969
vn -1.0000 -0.0000 -0.0000
vn -0.8674 -0.0000 0.4976
vn -0.8762 -0.0000 0.4820
vn -0.9399 -0.0000 -0.3414
vn -0.9979 -0.0000 -0.0641
vn -0.9969 -0.0000 -0.0781
vn 1.0000 -0.0000 -0.0000
vn 0.8674 -0.0000 -0.4976
vn 0.8762 -0.0000 -0.4820
vn 0.9399 -0.0000 0.3414
vn 0.9979 -0.0000 0.0641
vn 0.9969 -0.0000 0.0781
vn -0.0000 -0.0000 1.0000
vn -0.4976 -0.0000 0.8674
vn -0.4820 -0.0000 0.8762
vn 0.3414 -0.0000 0.9399
vn 0.0641 -0.0000 0.9979
vn 0.0781 -0.0000 0.9969
vn 0.5961 0.5961 -0.5379
vn -0.5796 -0.5796 -0.5728
vn -0.5379 0.5961 0.5961
vn -0.5728 -0.5796 -0.5796
vn 0.5379 0.5961 -0.5961
vn 0.5728 -0.5796 0.5796
vn -0.5961 0.5961 0.5379
vn 0.5796 -0.5796 0.5728
vn -0.9993 -0.0000 0.0362
vn 0.0467 -0.0000 0.9989
vn 0.9993 -0.0000 0.0362
vn -0.0467 -0.0000 0.9989
vn -0.9993 -0.0000 -0.0362
vn 0.0467 -0.0000 -0.9989
vn 0.9993 -0.0000 -0.0362
vn -0.0467 -0.0000 -0.9989
vn -0.0000 0.8738 0.4862
vn -0.0000 0.8738 -0.4862
vn 0.0011 0.8738 -0.4862
vn 0.4150 0.8738 0.2534
vn 0.4182 0.8739 0.2480
vn -0.4213 0.8738 0.2426
vn -0.4182 0.8739 0.2480
vn -0.0011 0.8738 -0.4862
vn 0.4213 0.8738 0.2426
vn 0.3707 0.8738 -0.3146
vn -0.4862 0.8738 -0.0000
vn -0.3707 0.8738 -0.3146
vn 0.0153 0.8738 0.4860
vn 0.4862 0.8738 -0.0000
vn 0.4149 0.8738 -0.2536
vn -0.4150 0.8738 0.2534
vn -0.0153 0.8738 0.4860
vn -0.4149 0.8738 -0.2536
vn 0.0011 0.8738 0.4862
vn 0.4150 0.8738 -0.2534
vn 0.4182 0.8739 -0.2480
vn -0.4213 0.8738 -0.2426
vn -0.4182 0.8739 -0.2480
vn -0.0011 0.8738 0.4862
vn 0.4213 0.8738 -0.2426
vn 0.3707 0.8738 0.3146
vn -0.3707 0.8738 0.3146
vn 0.0153 0.8738 -0.4860
vn 0.4149 0.8738 0.2536
vn -0.4150 0.8738 -0.2534
vn -0.0153 0.8738 -0.4860
vn -0.4149 0.8738 0.2536
vn -0.0000 -0.8738 0.4862
vn -0.0000 -0.8738 -0.4862
vn 0.0011 -0.8738 -0.4862
vn 0.4150 -0.8738 0.2534
vn 0.4182 -0.8739 0.2480
vn -0.4213 -0.8738 0.2426
vn -0.4182 -0.8739 0.2480
vn -0.0011 -0.8738 -0.4862
vn 0.4213 -0.8738 0.2426
vn 0.3707 -0.8738 -0.3146
vn -0.4862 -0.8738 -0.0000
vn -0.3707 -0.8738 -0.3146
vn 0.0153 -0.8738 0.4860
vn 0.4862 -0.8738 -0.0000
vn 0.4149 -0.8738 -0.2536
vn -0.4150 -0.8738 0.2534
vn -0.0153 -0.8738 0.4860
vn -0.4149 -0.8738 -0.2536
vn 0.0011 -0.8738 0.4862
vn 0.4150 -0.8738 -0.2534
vn 0.4182 -0.8739 -0.2480
vn -0.4213 -0.8738 -0.2426
vn -0.4182 -0.8739 -0.2480
vn -0.0011 -0.8738 0.4862
vn 0.4213 -0.8738 -0.2426
vn 0.3707 -0.8738 0.3146
vn -0.3707 -0.8738 0.3146
vn 0.0153 -0.8738 -0.4860
vn 0.4149 -0.8738 0.2536
vn -0.4150 -0.8738 -0.2534
vn -0.0153 -0.8738 -0.4860
vn -0.4149 -0.8738 0.2536
vn -0.0000 0.2418 -0.9703
vn -0.0000 0.3502 0.9367
vn -0.9968 0.0797 -0.0000
vn 0.9972 0.0754 -0.0000
vn -0.0000 -0.2418 -0.9703
vn -0.0000 -0.3502 0.9367
vn -0.9968 -0.0797 -0.0000
vn 0.9972 -0.0754 -0.0000
vn -0.0020 -0.9714 -0.2373
vn 0.0001 -0.9999 0.0167
vn -0.7068 -0.7070 0.0227
vn -0.6889 -0.6869 -0.2315
vn -0.9997 -0.0000 0.0252
vn -0.9734 -0.0000 -0.2290
vn -0.7068 0.7070 0.0227
vn -0.6889 0.6869 -0.2315
vn 0.0001 0.9999 0.0167
vn -0.0020 0.9714 -0.2373
vn 0.7071 0.7070 0.0107
vn 0.6848 0.6869 -0.2432
vn 1.0000 -0.0000 0.0082
vn 0.9694 -0.0000 -0.2456
vn 0.7071 -0.7070 0.0107
vn 0.6849 -0.6869 -0.2432
vn -0.0069 -0.5810 -0.8139
vn -0.4178 -0.4108 -0.8104
vn -0.5879 -0.0000 -0.8089
vn -0.4177 0.4108 -0.8104
vn -0.0069 0.5810 -0.8139
vn 0.4039 0.4108 -0.8174
vn 0.5740 -0.0000 -0.8188
vn 0.4039 -0.4108 -0.8174
vn -0.7068 -0.7070 0.0228
vn -0.6889 -0.6869 -0.2314
vn -0.9997 -0.0000 0.0253
vn -0.7068 0.7070 0.0228
vn -0.6889 0.6869 -0.2314
vn 0.6849 0.6869 -0.2432
vn -0.0070 -0.5810 -0.8139
vn -0.4178 0.4108 -0.8104
vn -0.0070 0.5810 -0.8139
vn 0.4038 0.4108 -0.8174
vn -0.0606 -0.9714 -0.2295
vn 0.0043 -0.9999 0.0162
vn -0.6793 -0.7070 0.1967
vn -0.7248 -0.6869 -0.0540
vn -0.9624 -0.0000 0.2715
vn -0.9998 -0.0000 0.0186
vn -0.6793 0.7070 0.1967
vn -0.7247 0.6869 -0.0540
vn 0.0043 0.9999 0.0162
vn -0.0606 0.9714 -0.2295
vn 0.6878 0.7070 -0.1644
vn 0.6035 0.6869 -0.4049
vn 0.9710 -0.0000 -0.2392
vn 0.8786 -0.0000 -0.4775
vn 0.6878 -0.7070 -0.1644
vn 0.6035 -0.6869 -0.4049
vn -0.2078 -0.5810 -0.7869
vn -0.6051 -0.4108 -0.6820
vn -0.7696 -0.0000 -0.6385
vn -0.6050 0.4108 -0.6820
vn -0.2078 0.5810 -0.7869
vn 0.1894 0.4108 -0.8918
vn 0.3539 -0.0000 -0.9353
vn 0.1894 -0.4108 -0.8918
vn -0.2373 -0.9714 -0.0020
vn -0.2314 -0.6869 -0.6889
vn 0.0228 -0.7070 -0.7068
vn 0.0167 -0.9999 0.0001
vn -0.2290 -0.0000 -0.9734
vn 0.0253 -0.0000 -0.9997
vn -0.2314 0.6869 -0.6889
vn 0.0228 0.7070 -0.7068
vn -0.2373 0.9714 -0.0020
vn 0.0167 0.9999 0.0001
vn -0.2432 0.6869 0.6848
vn 0.0107 0.7070 0.7071
vn -0.2456 -0.0000 0.9694
vn 0.0082 -0.0000 1.0000
vn -0.2432 -0.6869 0.6849
vn 0.0107 -0.7070 0.7072
vn -0.8139 -0.5810 -0.0070
vn -0.8174 -0.4108 0.4038
vn -0.8188 -0.0000 0.5740
vn -0.8174 0.4108 0.4038
vn -0.8139 0.5810 -0.0070
vn -0.8104 0.4108 -0.4177
vn -0.8089 -0.0000 -0.5879
vn -0.8104 -0.4108 -0.4178
vn -0.2295 -0.9714 -0.0606
vn -0.0540 -0.6869 -0.7248
vn 0.1967 -0.7070 -0.6793
vn 0.0162 -0.9999 0.0043
vn 0.0186 -0.0000 -0.9998
vn 0.2715 -0.0000 -0.9624
vn -0.0540 0.6869 -0.7247
vn 0.1967 0.7070 -0.6793
vn -0.2295 0.9714 -0.0606
vn 0.0162 0.9999 0.0043
vn -0.4049 0.6869 0.6035
vn -0.1644 0.7070 0.6878
vn -0.4775 -0.0000 0.8786
vn -0.2392 -0.0000 0.9710
vn -0.4049 -0.6869 0.6035
vn -0.1644 -0.7070 0.6878
vn -0.7869 -0.5810 -0.2078
vn -0.8918 -0.4108 0.1894
vn -0.9353 -0.0000 0.3539
vn -0.8918 0.4108 0.1894
vn -0.7869 0.5810 -0.2078
vn -0.6820 0.4108 -0.6050
vn -0.6385 -0.0000 -0.7696
vn -0.6820 -0.4108 -0.6051
vn 0.2373 -0.9714 0.0020
vn 0.2314 -0.6869 0.6889
vn -0.0228 -0.7070 0.7068
vn -0.0167 -0.9999 -0.0001
vn 0.2290 -0.0000 0.9734
vn -0.0253 -0.0000 0.9997
vn 0.2314 0.6869 0.6889
vn -0.0228 0.7070 0.7068
vn 0.2373 0.9714 0.0020
vn -0.0167 0.9999 -0.0001
vn 0.2432 0.6869 -0.6848
vn -0.0107 0.7070 -0.7071
vn 0.2456 -0.0000 -0.9694
vn -0.0082 -0.0000 -1.0000
vn 0.2432 -0.6869 -0.6849
vn -0.0107 -0.7070 -0.7072
vn 0.8139 -0.5810 0.0070
vn 0.8174 -0.4108 -0.4038
vn 0.8188 -0.0000 -0.5740
vn 0.8174 0.4108 -0.4038
vn 0.8139 0.5810 0.0070
vn 0.8104 0.4108 0.4177
vn 0.8089 -0.0000 0.5879
vn 0.8104 -0.4108 0.4178
vn 0.2295 -0.9714 0.0606
vn 0.0540 -0.6869 0.7248
vn -0.1967 -0.7070 0.6793
vn -0.0162 -0.9999 -0.0043
vn -0.0186 -0.0000 0.9998
vn -0.2715 -0.0000 0.9624
vn 0.0540 0.6869 0.7247
vn -0.1967 0.7070 0.6793
vn 0.2295 0.9714 0.0606
vn -0.0162 0.9999 -0.0043
vn 0.4049 0.6869 -0.6035
vn 0.1644 0.7070 -0.6878
vn 0.4775 -0.0000 -0.8786
vn 0.2392 -0.0000 -0.9710
vn 0.4049 -0.6869 -0.6035
vn 0.1644 -0.7070 -0.6878
vn 0.7869 -0.5810 0.2078
vn 0.8918 -0.4108 -0.1894
vn 0.9353 -0.0000 -0.3539
vn 0.8918 0.4108 -0.1894
vn 0.7869 0.5810 0.2078
vn 0.6820 0.4108 0.6050
vn 0.6385 -0.0000 0.7696
vn 0.6820 -0.4108 0.6051
vn 0.0020 -0.9714 0.2373
vn -0.0001 -0.9999 -0.0167
vn 0.7068 -0.7070 -0.0228
vn 0.6889 -0.6869 0.2314
vn 0.9997 -0.0000 -0.0253
vn 0.9734 -0.0000 0.2290
vn 0.7068 0.7070 -0.0228
vn 0.6889 0.6869 0.2314
vn -0.0001 0.9999 -0.0167
vn 0.0020 0.9714 0.2373
vn -0.7071 0.7070 -0.0107
vn -0.6848 0.6869 0.2432
vn -1.0000 -0.0000 -0.0082
vn -0.9694 -0.0000 0.2456
vn -0.7071 -0.7070 -0.0107
vn -0.6849 -0.6869 0.2432
vn 0.0070 -0.5810 0.8139
vn 0.4177 -0.4108 0.8104
vn 0.5879 -0.0000 0.8089
vn 0.4177 0.4108 0.8104
vn 0.0070 0.5810 0.8139
vn -0.4038 0.4108 0.8174
vn -0.5740 -0.0000 0.8188
vn -0.4039 -0.4108 0.8174
vn 0.0606 -0.9714 0.2295
vn -0.0043 -0.9999 -0.0162
vn 0.6793 -0.7070 -0.1967
vn 0.7248 -0.6869 0.0540
vn 0.9624 -0.0000 -0.2715
vn 0.9998 -0.0000 -0.0186
vn 0.6793 0.7070 -0.1967
vn 0.7247 0.6869 0.0540
vn -0.0043 0.9999 -0.0162
vn 0.0606 0.9714 0.2295
vn -0.6878 0.7070 0.1644
vn -0.6035 0.6869 0.4049
vn -0.9710 -0.0000 0.2392
vn -0.8786 -0.0000 0.4775
vn -0.6878 -0.7070 0.1644
vn -0.6035 -0.6869 0.4049
vn 0.2078 -0.5810 0.7869
vn 0.6051 -0.4108 0.6820
vn 0.7696 -0.0000 0.6385
vn 0.6050 0.4108 0.6820
vn 0.2078 0.5810 0.7869
vn -0.1894 0.4108 0.8918
vn -0.3539 -0.0000 0.9353
vn -0.1894 -0.4108 0.8918
vn -0.0000 0.7071 -0.7071
vn 0.5774 0.5774 -0.5774
vn 0.7071 0.7071 -0.0000
vn 0.7071 -0.0000 -0.7071
vn -0.8304 0.5192 0.2020
vn -0.8145 0.5348 0.2247
vn -0.7442 0.5894 0.3144
vn -0.7737 0.5689 0.2790
vn -0.6773 0.6262 0.3862
vn -0.6523 0.6372 0.4105
vn -0.6005 0.6557 0.4576
vn -0.6047 0.6545 0.4538
vn -0.1363 -0.7938 -0.5928
vn -0.2135 -0.7527 -0.6228
vn -0.3930 -0.6321 -0.6679
vn -0.3806 -0.6414 -0.6662
vn 0.5883 -0.1426 0.7960
vn 0.6117 -0.2119 0.7622
vn 0.6505 -0.3990 0.6462
vn 0.6498 -0.3903 0.6523
vn 0.6668 -0.6409 0.3802
vn 0.6685 -0.6315 0.3928
vn 0.6232 -0.7523 0.2136
vn 0.5929 -0.7937 0.1360
vn -0.6409 0.6668 0.3802
vn -0.6315 0.6685 0.3928
vn -0.5551 0.6736 0.4880
vn -0.5533 0.6735 0.4902
vn -0.5298 -0.5298 -0.6623
vn -0.5297 -0.5298 -0.6623
vn -0.7937 0.5929 0.1360
vn -0.7523 0.6232 0.2136
vn 0.6623 -0.5298 0.5298
vn 0.6623 -0.5298 0.5297
vn -0.5296 0.6626 0.5296
vn -0.4799 0.6630 0.5746
vn -0.4843 0.6641 0.5697
vn -0.4570 0.6568 0.5998
vn -0.4533 0.6555 0.6040
vn 0.6361 -0.5927 0.4941
vn 0.6377 -0.5864 0.4994
vn 0.6285 -0.6185 0.4717
vn 0.6267 -0.6235 0.4674
vn -0.5103 0.6692 0.5402
vn -0.5125 0.6695 0.5377
vn -0.9652 0.1848 -0.1848
vn 0.6443 -0.5564 0.5247
vn 0.6450 -0.5528 0.5276
vn -0.5753 -0.4804 -0.6620
vn -0.5703 -0.4848 -0.6631
vn -0.6005 -0.4576 -0.6557
vn -0.6047 -0.4538 -0.6545
vn 0.6555 -0.4533 0.6040
vn 0.6568 -0.4570 0.5998
vn 0.6641 -0.4843 0.5697
vn 0.6630 -0.4799 0.5746
vn 0.1497 -0.9773 -0.1498
vn 0.1497 -0.9773 -0.1497
vn -0.2326 -0.8410 -0.4885
vn -0.2081 -0.8577 -0.4702
vn -0.3857 0.6275 0.6764
vn -0.4100 0.6383 0.6515
vn -0.3139 0.5908 0.7432
vn -0.2786 0.5705 0.7726
vn 0.6512 -0.5043 0.5671
vn 0.6516 -0.4998 0.5706
vn -0.2244 0.5366 0.8135
vn -0.2019 0.5211 0.8293
vn 0.5925 -0.7006 0.3976
vn 0.6066 -0.6719 0.4248
vn 0.5510 -0.7682 0.3260
vn 0.5261 -0.8005 0.2872
vn -0.5409 -0.5108 -0.6683
vn -0.5383 -0.5130 -0.6686
vn 0.6695 -0.5125 0.5377
vn 0.6692 -0.5102 0.5403
vn -0.4907 -0.5538 -0.6727
vn -0.4885 -0.5557 -0.6728
vn 0.6736 -0.5551 0.4880
vn 0.6735 -0.5533 0.4902
vn -0.6773 -0.3862 -0.6262
vn -0.6523 -0.4106 -0.6372
vn -0.7442 -0.3144 -0.5894
vn -0.7737 -0.2790 -0.5689
vn -0.5671 -0.5043 -0.6512
vn -0.5706 -0.4998 -0.6516
vn -0.6462 -0.3990 -0.6505
vn -0.6523 -0.3902 -0.6497
vn 0.4884 -0.8410 0.2326
vn 0.4701 -0.8577 0.2081
vn 0.5705 -0.2786 0.7726
vn 0.5908 -0.3139 0.7432
vn 0.6383 -0.4100 0.6516
vn 0.6274 -0.3858 0.6764
vn -0.7622 -0.2119 -0.6117
vn -0.7960 -0.1426 -0.5883
vn -0.4674 -0.6235 -0.6267
vn -0.4717 -0.6185 -0.6284
vn -0.4994 -0.5864 -0.6377
vn -0.4941 -0.5927 -0.6361
vn -0.8145 -0.2247 -0.5348
vn -0.8304 -0.2021 -0.5192
vn 0.5211 -0.2019 0.8293
vn 0.5366 -0.2244 0.8135
vn -0.5277 -0.5528 -0.6450
vn -0.5247 -0.5564 -0.6443
vn -0.4907 0.6727 0.5538
vn -0.4885 0.6728 0.5557
vn -0.3930 0.6679 0.6321
vn -0.3806 0.6662 0.6414
vn 0.1861 0.1861 0.9647
vn -0.2136 0.6228 0.7527
vn -0.1363 0.5928 0.7937
vn -0.2872 -0.8005 -0.5261
vn -0.3260 -0.7682 -0.5510
vn -0.4248 -0.6719 -0.6066
vn -0.3976 -0.7006 -0.5925
vn -0.5703 0.6631 0.4848
vn -0.5753 0.6620 0.4804
vn -0.5383 0.6686 0.5130
vn -0.5409 0.6683 0.5108
vn -0.5774 0.5774 -0.5774
vn -0.7071 0.7071 -0.0000
vn -0.7071 -0.0000 -0.7071
vn 0.8304 0.5192 0.2020
vn 0.7737 0.5689 0.2790
vn 0.7442 0.5894 0.3144
vn 0.8145 0.5348 0.2247
vn 0.6773 0.6262 0.3862
vn 0.6047 0.6545 0.4538
vn 0.6005 0.6557 0.4576
vn 0.6523 0.6372 0.4105
vn 0.1363 -0.7938 -0.5928
vn 0.3806 -0.6414 -0.6662
vn 0.3930 -0.6321 -0.6679
vn 0.2135 -0.7527 -0.6228
vn -0.5883 -0.1426 0.7960
vn -0.6498 -0.3903 0.6523
vn -0.6505 -0.3990 0.6462
vn -0.6117 -0.2119 0.7622
vn -0.6668 -0.6409 0.3802
vn -0.5929 -0.7937 0.1360
vn -0.6232 -0.7523 0.2136
vn -0.6685 -0.6315 0.3928
vn 0.6409 0.6668 0.3802
vn 0.5533 0.6735 0.4902
vn 0.5551 0.6736 0.4880
vn 0.6315 0.6685 0.3928
vn 0.5298 -0.5298 -0.6623
vn 0.5297 -0.5298 -0.6623
vn 0.7937 0.5929 0.1360
vn 0.7523 0.6232 0.2136
vn -0.6623 -0.5298 0.5298
vn -0.6623 -0.5298 0.5297
vn 0.5296 0.6626 0.5296
vn 0.4799 0.6630 0.5746
vn 0.4533 0.6555 0.6040
vn 0.4570 0.6568 0.5998
vn 0.4843 0.6641 0.5697
vn -0.6361 -0.5927 0.4941
vn -0.6267 -0.6235 0.4674
vn -0.6285 -0.6185 0.4717
vn -0.6377 -0.5864 0.4994
vn 0.5103 0.6692 0.5402
vn 0.5125 0.6695 0.5377
vn 0.9652 0.1848 -0.1848
vn -0.6443 -0.5564 0.5247
vn -0.6450 -0.5528 0.5276
vn 0.5753 -0.4804 -0.6620
vn 0.6047 -0.4538 -0.6545
vn 0.6005 -0.4576 -0.6557
vn 0.5703 -0.4848 -0.6631
vn -0.6555 -0.4533 0.6040
vn -0.6630 -0.4799 0.5746
vn -0.6641 -0.4843 0.5697
vn -0.6568 -0.4570 0.5998
vn -0.1497 -0.9773 -0.1498
vn 0.2081 -0.8577 -0.4702
vn 0.2326 -0.8410 -0.4885
vn -0.1497 -0.9773 -0.1497
vn 0.3857 0.6275 0.6764
vn 0.2786 0.5705 0.7726
vn 0.3139 0.5908 0.7432
vn 0.4100 0.6383 0.6515
vn -0.6512 -0.5043 0.5671
vn -0.6516 -0.4998 0.5706
vn 0.2019 0.5211 0.8293
vn 0.2244 0.5366 0.8135
vn -0.5925 -0.7006 0.3976
vn -0.5261 -0.8005 0.2872
vn -0.5510 -0.7682 0.3260
vn -0.6066 -0.6719 0.4248
vn 0.5409 -0.5108 -0.6683
vn 0.5383 -0.5130 -0.6686
vn -0.6692 -0.5102 0.5403
vn -0.6695 -0.5125 0.5377
vn 0.4907 -0.5538 -0.6727
vn 0.4885 -0.5557 -0.6728
vn -0.6735 -0.5533 0.4902
vn -0.6736 -0.5551 0.4880
vn 0.6773 -0.3862 -0.6262
vn 0.7737 -0.2790 -0.5689
vn 0.7442 -0.3144 -0.5894
vn 0.6523 -0.4106 -0.6372
vn 0.5671 -0.5043 -0.6512
vn 0.6523 -0.3902 -0.6497
vn 0.6462 -0.3990 -0.6505
vn 0.5706 -0.4998 -0.6516
vn -0.4701 -0.8577 0.2081
vn -0.4884 -0.8410 0.2326
vn -0.5705 -0.2786 0.7726
vn -0.6274 -0.3858 0.6764
vn -0.6383 -0.4100 0.6516
vn -0.5908 -0.3139 0.7432
vn 0.7960 -0.1426 -0.5883
vn 0.7622 -0.2119 -0.6117
vn 0.4674 -0.6235 -0.6267
vn 0.4941 -0.5927 -0.6361
vn 0.4994 -0.5864 -0.6377
vn 0.4718 -0.6185 -0.6284
vn 0.8304 -0.2021 -0.5192
vn 0.8145 -0.2247 -0.5348
vn -0.5211 -0.2019 0.8293
vn -0.5366 -0.2244 0.8135
vn 0.5247 -0.5564 -0.6443
vn 0.5277 -0.5528 -0.6450
vn 0.4907 0.6727 0.5538
vn 0.3806 0.6662 0.6414
vn 0.3930 0.6679 0.6321
vn 0.4885 0.6728 0.5557
vn -0.1861 0.1861 0.9647
vn 0.1363 0.5928 0.7937
vn 0.2136 0.6228 0.7527
vn 0.2872 -0.8005 -0.5261
vn 0.3976 -0.7006 -0.5925
vn 0.4248 -0.6719 -0.6066
vn 0.3260 -0.7682 -0.5510
vn 0.5753 0.6620 0.4804
vn 0.5703 0.6631 0.4848
vn 0.5409 0.6683 0.5108
vn 0.5383 0.6686 0.5130
vn -0.0000 0.7071 0.7071
vn 0.5774 0.5774 0.5774
vn 0.7071 -0.0000 0.7071
vn -0.8304 0.5192 -0.2020
vn -0.7737 0.5689 -0.2790
vn -0.7442 0.5894 -0.3144
vn -0.8145 0.5348 -0.2247
vn -0.6773 0.6262 -0.3862
vn -0.6047 0.6545 -0.4538
vn -0.6005 0.6557 -0.4576
vn -0.6523 0.6372 -0.4105
vn -0.1363 -0.7938 0.5928
vn -0.3806 -0.6414 0.6662
vn -0.3930 -0.6321 0.6679
vn -0.2135 -0.7527 0.6228
vn 0.5883 -0.1426 -0.7960
vn 0.6498 -0.3903 -0.6523
vn 0.6505 -0.3990 -0.6462
vn 0.6117 -0.2119 -0.7622
vn 0.6668 -0.6409 -0.3802
vn 0.5929 -0.7937 -0.1360
vn 0.6232 -0.7523 -0.2136
vn 0.6685 -0.6315 -0.3928
vn -0.6409 0.6668 -0.3802
vn -0.5533 0.6735 -0.4902
vn -0.5551 0.6736 -0.4880
vn -0.6315 0.6685 -0.3928
vn -0.5298 -0.5298 0.6623
vn -0.5297 -0.5298 0.6623
vn -0.7937 0.5929 -0.1360
vn -0.7523 0.6232 -0.2136
vn 0.6623 -0.5298 -0.5298
vn 0.6623 -0.5298 -0.5297
vn -0.5296 0.6626 -0.5296
vn -0.4799 0.6630 -0.5746
vn -0.4533 0.6555 -0.6040
vn -0.4570 0.6568 -0.5998
vn -0.4843 0.6641 -0.5697
vn 0.6361 -0.5927 -0.4941
vn 0.6267 -0.6235 -0.4674
vn 0.6285 -0.6185 -0.4717
vn 0.6377 -0.5864 -0.4994
vn -0.5103 0.6692 -0.5402
vn -0.5125 0.6695 -0.5377
vn -0.9652 0.1848 0.1848
vn 0.6443 -0.5564 -0.5247
vn 0.6450 -0.5528 -0.5276
vn -0.5753 -0.4804 0.6620
vn -0.6047 -0.4538 0.6545
vn -0.6005 -0.4576 0.6557
vn -0.5703 -0.4848 0.6631
vn 0.6555 -0.4533 -0.6040
vn 0.6630 -0.4799 -0.5746
vn 0.6641 -0.4843 -0.5697
vn 0.6568 -0.4570 -0.5998
vn 0.1497 -0.9773 0.1498
vn -0.2081 -0.8577 0.4702
vn -0.2326 -0.8410 0.4885
vn 0.1497 -0.9773 0.1497
vn -0.3857 0.6275 -0.6764
vn -0.2786 0.5705 -0.7726
vn -0.3139 0.5908 -0.7432
vn -0.4100 0.6383 -0.6515
vn 0.6512 -0.5043 -0.5671
vn 0.6516 -0.4998 -0.5706
vn -0.2019 0.5211 -0.8293
vn -0.2244 0.5366 -0.8135
vn 0.5925 -0.7006 -0.3976
vn 0.5261 -0.8005 -0.2872
vn 0.5510 -0.7682 -0.3260
vn 0.6066 -0.6719 -0.4248
vn -0.5409 -0.5108 0.6683
vn -0.5383 -0.5130 0.6686
vn 0.6692 -0.5102 -0.5403
vn 0.6695 -0.5125 -0.5377
vn -0.4907 -0.5538 0.6727
vn -0.4885 -0.5557 0.6728
vn 0.6735 -0.5533 -0.4902
vn 0.6736 -0.5551 -0.4880
vn -0.6773 -0.3862 0.6262
vn -0.7737 -0.2790 0.5689
vn -0.7442 -0.3144 0.5894
vn -0.6523 -0.4106 0.6372
vn -0.5671 -0.5043 0.6512
vn -0.6523 -0.3902 0.6497
vn -0.6462 -0.3990 0.6505
vn -0.5706 -0.4998 0.6516
vn 0.4701 -0.8577 -0.2081
vn 0.4884 -0.8410 -0.2326
vn 0.5705 -0.2786 -0.7726
vn 0.6274 -0.3858 -0.6764
vn 0.6383 -0.4100 -0.6516
vn 0.5908 -0.3139 -0.7432
vn -0.7960 -0.1426 0.5883
vn -0.7622 -0.2119 0.6117
vn -0.4674 -0.6235 0.6267
vn -0.4941 -0.5927 0.6361
vn -0.4994 -0.5864 0.6377
vn -0.4718 -0.6185 0.6284
vn -0.8304 -0.2021 0.5192
vn -0.8145 -0.2247 0.5348
vn 0.5211 -0.2019 -0.8293
vn 0.5366 -0.2244 -0.8135
vn -0.5247 -0.5564 0.6443
vn -0.5277 -0.5528 0.6450
vn -0.4907 0.6727 -0.5538
vn -0.3806 0.6662 -0.6414
vn -0.3930 0.6679 -0.6321
vn -0.4885 0.6728 -0.5557
vn 0.1861 0.1861 -0.9647
vn -0.1363 0.5928 -0.7937
vn -0.2136 0.6228 -0.7527
vn -0.2872 -0.8005 0.5261
vn -0.3976 -0.7006 0.5925
vn -0.4248 -0.6719 0.6066
vn -0.3260 -0.7682 0.5510
vn -0.5753 0.6620 -0.4804
vn -0.5703 0.6631 -0.4848
vn -0.5409 0.6683 -0.5108
vn -0.5383 0.6686 -0.5130
vn -0.5774 0.5774 0.5774
vn -0.7071 -0.0000 0.7071
vn 0.8304 0.5192 -0.2020
vn 0.8145 0.5348 -0.2247
vn 0.7442 0.5894 -0.3144
vn 0.7737 0.5689 -0.2790
vn 0.6773 0.6262 -0.3862
vn 0.6523 0.6372 -0.4105
vn 0.6005 0.6557 -0.4576
vn 0.6047 0.6545 -0.4538
vn 0.1363 -0.7938 0.5928
vn 0.2135 -0.7527 0.6228
vn 0.3930 -0.6321 0.6679
vn 0.3806 -0.6414 0.6662
vn -0.5883 -0.1426 -0.7960
vn -0.6117 -0.2119 -0.7622
vn -0.6505 -0.3990 -0.6462
vn -0.6498 -0.3903 -0.6523
vn -0.6668 -0.6409 -0.3802
vn -0.6685 -0.6315 -0.3928
vn -0.6232 -0.7523 -0.2136
vn -0.5929 -0.7937 -0.1360
vn 0.6409 0.6668 -0.3802
vn 0.6315 0.6685 -0.3928
vn 0.5551 0.6736 -0.4880
vn 0.5533 0.6735 -0.4902
vn 0.5298 -0.5298 0.6623
vn 0.5297 -0.5298 0.6623
vn 0.7937 0.5929 -0.1360
vn 0.7523 0.6232 -0.2136
vn -0.6623 -0.5298 -0.5298
vn -0.6623 -0.5298 -0.5297
vn 0.5296 0.6626 -0.5296
vn 0.4799 0.6630 -0.5746
vn 0.4843 0.6641 -0.5697
vn 0.4570 0.6568 -0.5998
vn 0.4533 0.6555 -0.6040
vn -0.6361 -0.5927 -0.4941
vn -0.6377 -0.5864 -0.4994
vn -0.6285 -0.6185 -0.4717
vn -0.6267 -0.6235 -0.4674
vn 0.5103 0.6692 -0.5402
vn 0.5125 0.6695 -0.5377
vn 0.9652 0.1848 0.1848
vn -0.6443 -0.5564 -0.5247
vn -0.6450 -0.5528 -0.5276
vn 0.5753 -0.4804 0.6620
vn 0.5703 -0.4848 0.6631
vn 0.6005 -0.4576 0.6557
vn 0.6047 -0.4538 0.6545
vn -0.6555 -0.4533 -0.6040
vn -0.6568 -0.4570 -0.5998
vn -0.6641 -0.4843 -0.5697
vn -0.6630 -0.4799 -0.5746
vn -0.1497 -0.9773 0.1498
vn -0.1497 -0.9773 0.1497
vn 0.2326 -0.8410 0.4885
vn 0.2081 -0.8577 0.4702
vn 0.3857 0.6275 -0.6764
vn 0.4100 0.6383 -0.6515
vn 0.3139 0.5908 -0.7432
vn 0.2786 0.5705 -0.7726
vn -0.6512 -0.5043 -0.5671
vn -0.6516 -0.4998 -0.5706
vn 0.2244 0.5366 -0.8135
vn 0.2019 0.5211 -0.8293
vn -0.5925 -0.7006 -0.3976
vn -0.6066 -0.6719 -0.4248
vn -0.5510 -0.7682 -0.3260
vn -0.5261 -0.8005 -0.2872
vn 0.5409 -0.5108 0.6683
vn 0.5383 -0.5130 0.6686
vn -0.6695 -0.5125 -0.5377
vn -0.6692 -0.5102 -0.5403
vn 0.4907 -0.5538 0.6727
vn 0.4885 -0.5557 0.6728
vn -0.6736 -0.5551 -0.4880
vn -0.6735 -0.5533 -0.4902
vn 0.6773 -0.3862 0.6262
vn 0.6523 -0.4106 0.6372
vn 0.7442 -0.3144 0.5894
vn 0.7737 -0.2790 0.5689
vn 0.5671 -0.5043 0.6512
vn 0.5706 -0.4998 0.6516
vn 0.6462 -0.3990 0.6505
vn 0.6523 -0.3902 0.6497
vn -0.4884 -0.8410 -0.2326
vn -0.4701 -0.8577 -0.2081
vn -0.5705 -0.2786 -0.7726
vn -0.5908 -0.3139 -0.7432
vn -0.6383 -0.4100 -0.6516
vn -0.6274 -0.3858 -0.6764
vn 0.7622 -0.2119 0.6117
vn 0.7960 -0.1426 0.5883
vn 0.4674 -0.6235 0.6267
vn 0.4717 -0.6185 0.6284
vn 0.4994 -0.5864 0.6377
vn 0.4941 -0.5927 0.6361
vn 0.8145 -0.2247 0.5348
vn 0.8304 -0.2021 0.5192
vn -0.5211 -0.2019 -0.8293
vn -0.5366 -0.2244 -0.8135
vn 0.5277 -0.5528 0.6450
vn 0.5247 -0.5564 0.6443
vn 0.4907 0.6727 -0.5538
vn 0.4885 0.6728 -0.5557
vn 0.3930 0.6679 -0.6321
vn 0.3806 0.6662 -0.6414
vn -0.1861 0.1861 -0.9647
vn 0.2136 0.6228 -0.7527
vn 0.1363 0.5928 -0.7937
vn 0.2872 -0.8005 0.5261
vn 0.3260 -0.7682 0.5510
vn 0.4248 -0.6719 0.6066
vn 0.3976 -0.7006 0.5925
vn 0.5703 0.6631 -0.4848
vn 0.5753 0.6620 -0.4804
vn 0.5383 0.6686 -0.5130
vn 0.5409 0.6683 -0.5108
vn -0.0000 -0.7071 -0.7071
vn 0.5774 -0.5774 -0.5774
vn 0.7071 -0.7071 -0.0000
vn -0.8304 -0.5192 0.2020
vn -0.7737 -0.5689 0.2790
vn -0.7442 -0.5894 0.3144
vn -0.8145 -0.5348 0.2247
vn -0.6773 -0.6262 0.3862
vn -0.6047 -0.6545 0.4538
vn -0.6005 -0.6557 0.4576
vn -0.6523 -0.6372 0.4106
vn -0.1363 0.7938 -0.5928
vn -0.3806 0.6414 -0.6662
vn -0.3930 0.6321 -0.6679
vn -0.2135 0.7527 -0.6228
vn 0.5883 0.1426 0.7960
vn 0.6498 0.3903 0.6523
vn 0.6505 0.3990 0.6462
vn 0.6117 0.2119 0.7622
vn 0.6668 0.6409 0.3802
vn 0.5929 0.7937 0.1360
vn 0.6232 0.7523 0.2136
vn 0.6685 0.6315 0.3928
vn -0.6409 -0.6668 0.3802
vn -0.5533 -0.6735 0.4902
vn -0.5551 -0.6736 0.4880
vn -0.6315 -0.6685 0.3928
vn -0.5298 0.5298 -0.6623
vn -0.5297 0.5298 -0.6623
vn -0.7937 -0.5929 0.1360
vn -0.7523 -0.6232 0.2136
vn 0.6623 0.5298 0.5298
vn 0.6623 0.5298 0.5297
vn -0.5296 -0.6626 0.5296
vn -0.4799 -0.6630 0.5746
vn -0.4533 -0.6555 0.6040
vn -0.4570 -0.6568 0.5998
vn -0.4843 -0.6641 0.5697
vn 0.6361 0.5927 0.4941
vn 0.6267 0.6235 0.4674
vn 0.6285 0.6185 0.4718
vn 0.6377 0.5864 0.4994
vn -0.5103 -0.6692 0.5402
vn -0.5125 -0.6695 0.5377
vn -0.9652 -0.1848 -0.1848
vn 0.6443 0.5564 0.5247
vn 0.6450 0.5528 0.5276
vn -0.5753 0.4804 -0.6620
vn -0.6047 0.4538 -0.6545
vn -0.6005 0.4576 -0.6557
vn -0.5703 0.4848 -0.6631
vn 0.6555 0.4533 0.6040
vn 0.6630 0.4799 0.5746
vn 0.6641 0.4843 0.5697
vn 0.6568 0.4570 0.5998
vn 0.1497 0.9773 -0.1498
vn -0.2081 0.8577 -0.4702
vn -0.2326 0.8410 -0.4885
vn -0.3857 -0.6275 0.6764
vn -0.2786 -0.5705 0.7726
vn -0.3139 -0.5908 0.7432
vn -0.4100 -0.6383 0.6515
vn 0.6512 0.5043 0.5671
vn 0.6516 0.4998 0.5706
vn -0.2019 -0.5211 0.8293
vn -0.2244 -0.5366 0.8135
vn 0.5925 0.7006 0.3976
vn 0.5261 0.8005 0.2872
vn 0.5510 0.7682 0.3260
vn 0.6066 0.6719 0.4248
vn -0.5409 0.5108 -0.6683
vn -0.5383 0.5130 -0.6686
vn 0.6692 0.5103 0.5403
vn 0.6695 0.5125 0.5377
vn -0.4907 0.5538 -0.6727
vn -0.4885 0.5557 -0.6728
vn 0.6735 0.5533 0.4902
vn 0.6736 0.5551 0.4880
vn -0.6773 0.3862 -0.6262
vn -0.7737 0.2790 -0.5689
vn -0.7442 0.3144 -0.5894
vn -0.6523 0.4105 -0.6371
vn -0.5671 0.5043 -0.6512
vn -0.6523 0.3902 -0.6497
vn -0.6462 0.3990 -0.6505
vn -0.5706 0.4998 -0.6516
vn 0.4701 0.8577 0.2081
vn 0.4884 0.8410 0.2326
vn 0.5705 0.2786 0.7726
vn 0.6274 0.3858 0.6764
vn 0.6383 0.4100 0.6516
vn 0.5908 0.3139 0.7432
vn -0.7960 0.1426 -0.5883
vn -0.7622 0.2119 -0.6117
vn -0.4674 0.6235 -0.6267
vn -0.4941 0.5927 -0.6361
vn -0.4994 0.5864 -0.6377
vn -0.4718 0.6185 -0.6284
vn -0.8304 0.2021 -0.5192
vn -0.8145 0.2247 -0.5348
vn 0.5211 0.2019 0.8293
vn 0.5366 0.2244 0.8135
vn -0.5247 0.5564 -0.6443
vn -0.5277 0.5528 -0.6450
vn -0.4907 -0.6727 0.5538
vn -0.3806 -0.6662 0.6414
vn -0.3930 -0.6679 0.6321
vn -0.4885 -0.6728 0.5557
vn 0.1861 -0.1861 0.9647
vn -0.1363 -0.5928 0.7937
vn -0.2136 -0.6228 0.7527
vn -0.2872 0.8005 -0.5261
vn -0.3976 0.7006 -0.5925
vn -0.4248 0.6719 -0.6066
vn -0.3260 0.7682 -0.5510
vn -0.5753 -0.6620 0.4804
vn -0.5703 -0.6631 0.4848
vn -0.5409 -0.6683 0.5108
vn -0.5383 -0.6686 0.5130
vn -0.5774 -0.5774 -0.5774
vn -0.7071 -0.7071 -0.0000
vn 0.8304 -0.5192 0.2020
vn 0.8145 -0.5348 0.2247
vn 0.7442 -0.5894 0.3144
vn 0.7737 -0.5689 0.2790
vn 0.6773 -0.6262 0.3862
vn 0.6523 -0.6372 0.4105
vn 0.6005 -0.6557 0.4576
vn 0.6047 -0.6545 0.4538
vn 0.1363 0.7938 -0.5928
vn 0.2135 0.7527 -0.6228
vn 0.3930 0.6321 -0.6679
vn 0.3806 0.6414 -0.6662
vn -0.5883 0.1426 0.7960
vn -0.6117 0.2119 0.7622
vn -0.6505 0.3990 0.6462
vn -0.6498 0.3903 0.6523
vn -0.6668 0.6409 0.3802
vn -0.6685 0.6315 0.3928
vn -0.6232 0.7523 0.2136
vn -0.5929 0.7937 0.1360
vn 0.6409 -0.6668 0.3802
vn 0.6315 -0.6685 0.3928
vn 0.5551 -0.6736 0.4880
vn 0.5533 -0.6735 0.4902
vn 0.5298 0.5298 -0.6623
vn 0.5297 0.5298 -0.6623
vn 0.7937 -0.5929 0.1360
vn 0.7523 -0.6232 0.2136
vn -0.6623 0.5298 0.5298
vn -0.6623 0.5298 0.5297
vn 0.5296 -0.6626 0.5296
vn 0.4799 -0.6630 0.5746
vn 0.4843 -0.6641 0.5697
vn 0.4570 -0.6568 0.5998
vn 0.4533 -0.6555 0.6040
vn -0.6361 0.5927 0.4941
vn -0.6377 0.5864 0.4994
vn -0.6285 0.6185 0.4718
vn -0.6267 0.6235 0.4674
vn 0.5103 -0.6692 0.5402
vn 0.5125 -0.6695 0.5377
vn 0.9652 -0.1848 -0.1848
vn -0.6443 0.5564 0.5247
vn -0.6450 0.5528 0.5276
vn 0.5753 0.4804 -0.6620
vn 0.5703 0.4848 -0.6631
vn 0.6005 0.4576 -0.6557
vn 0.6047 0.4538 -0.6545
vn -0.6555 0.4533 0.6040
vn -0.6568 0.4570 0.5998
vn -0.6641 0.4843 0.5697
vn -0.6630 0.4799 0.5746
vn -0.1497 0.9773 -0.1498
vn -0.1497 0.9773 -0.1497
vn 0.2326 0.8410 -0.4885
vn 0.2081 0.8577 -0.4702
vn 0.3857 -0.6275 0.6764
vn 0.4100 -0.6383 0.6515
vn 0.3139 -0.5908 0.7432
vn 0.2786 -0.5705 0.7726
vn -0.6512 0.5043 0.5671
vn -0.6516 0.4998 0.5706
vn 0.2244 -0.5366 0.8135
vn 0.2019 -0.5211 0.8293
vn -0.5925 0.7006 0.3976
vn -0.6066 0.6719 0.4248
vn -0.5510 0.7682 0.3260
vn -0.5261 0.8005 0.2872
vn 0.5409 0.5108 -0.6683
vn 0.5383 0.5130 -0.6686
vn -0.6695 0.5125 0.5377
vn -0.6692 0.5103 0.5403
vn 0.4907 0.5538 -0.6727
vn 0.4885 0.5557 -0.6728
vn -0.6736 0.5551 0.4880
vn -0.6735 0.5533 0.4902
vn 0.6773 0.3862 -0.6262
vn 0.6523 0.4105 -0.6371
vn 0.7442 0.3144 -0.5894
vn 0.7737 0.2790 -0.5689
vn 0.5671 0.5043 -0.6512
vn 0.5706 0.4998 -0.6516
vn 0.6462 0.3990 -0.6505
vn 0.6523 0.3902 -0.6497
vn -0.4884 0.8410 0.2326
vn -0.4701 0.8577 0.2081
vn -0.5705 0.2786 0.7726
vn -0.5908 0.3139 0.7432
vn -0.6383 0.4100 0.6516
vn -0.6274 0.3858 0.6764
vn 0.7622 0.2119 -0.6117
vn 0.7960 0.1426 -0.5883
vn 0.4674 0.6235 -0.6267
vn 0.4718 0.6185 -0.6284
vn 0.4994 0.5864 -0.6377
vn 0.4941 0.5927 -0.6361
vn 0.8145 0.2247 -0.5348
vn 0.8304 0.2021 -0.5192
vn -0.5211 0.2019 0.8293
vn -0.5366 0.2244 0.8135
vn 0.5277 0.5528 -0.6450
vn 0.5247 0.5564 -0.6443
vn 0.4907 -0.6727 0.5538
vn 0.4885 -0.6728 0.5557
vn 0.3930 -0.6679 0.6321
vn 0.3806 -0.6662 0.6414
vn -0.1861 -0.1861 0.9647
vn 0.2136 -0.6228 0.7527
vn 0.1363 -0.5928 0.7937
vn 0.2872 0.8005 -0.5261
vn 0.3260 0.7682 -0.5510
vn 0.4248 0.6719 -0.6066
vn 0.3976 0.7006 -0.5925
vn 0.5703 -0.6631 0.4848
vn 0.5753 -0.6620 0.4804
vn 0.5383 -0.6686 0.5130
vn 0.5409 -0.6683 0.5108
vn -0.0000 -0.7071 0.7071
vn 0.5774 -0.5774 0.5774
vn -0.8304 -0.5192 -0.2020
vn -0.8145 -0.5348 -0.2247
vn -0.7442 -0.5894 -0.3144
vn -0.7737 -0.5689 -0.2790
vn -0.6773 -0.6262 -0.3862
vn -0.6523 -0.6372 -0.4106
vn -0.6005 -0.6557 -0.4576
vn -0.6047 -0.6545 -0.4538
vn -0.1363 0.7938 0.5928
vn -0.2135 0.7527 0.6228
vn -0.3930 0.6321 0.6679
vn -0.3806 0.6414 0.6662
vn 0.5883 0.1426 -0.7960
vn 0.6117 0.2119 -0.7622
vn 0.6505 0.3990 -0.6462
vn 0.6498 0.3903 -0.6523
vn 0.6668 0.6409 -0.3802
vn 0.6685 0.6315 -0.3928
vn 0.6232 0.7523 -0.2136
vn 0.5929 0.7937 -0.1360
vn -0.6409 -0.6668 -0.3802
vn -0.6315 -0.6685 -0.3928
vn -0.5551 -0.6736 -0.4880
vn -0.5533 -0.6735 -0.4902
vn -0.5298 0.5298 0.6623
vn -0.5297 0.5298 0.6623
vn -0.7937 -0.5929 -0.1360
vn -0.7523 -0.6232 -0.2136
vn 0.6623 0.5298 -0.5298
vn 0.6623 0.5298 -0.5297
vn -0.5296 -0.6626 -0.5296
vn -0.4799 -0.6630 -0.5746
vn -0.4843 -0.6641 -0.5697
vn -0.4570 -0.6568 -0.5998
vn -0.4533 -0.6555 -0.6040
vn 0.6361 0.5927 -0.4941
vn 0.6377 0.5864 -0.4994
vn 0.6285 0.6185 -0.4718
vn 0.6267 0.6235 -0.4674
vn -0.5103 -0.6692 -0.5402
vn -0.5125 -0.6695 -0.5377
vn -0.9652 -0.1848 0.1848
vn 0.6443 0.5564 -0.5247
vn 0.6450 0.5528 -0.5276
vn -0.5753 0.4804 0.6620
vn -0.5703 0.4848 0.6631
vn -0.6005 0.4576 0.6557
vn -0.6047 0.4538 0.6545
vn 0.6555 0.4533 -0.6040
vn 0.6568 0.4570 -0.5998
vn 0.6641 0.4843 -0.5697
vn 0.6630 0.4799 -0.5746
vn 0.1497 0.9773 0.1498
vn -0.2326 0.8410 0.4885
vn -0.2081 0.8577 0.4702
vn -0.3857 -0.6275 -0.6764
vn -0.4100 -0.6383 -0.6515
vn -0.3139 -0.5908 -0.7432
vn -0.2786 -0.5705 -0.7726
vn 0.6512 0.5043 -0.5671
vn 0.6516 0.4998 -0.5706
vn -0.2244 -0.5366 -0.8135
vn -0.2019 -0.5211 -0.8293
vn 0.5925 0.7006 -0.3976
vn 0.6066 0.6719 -0.4248
vn 0.5510 0.7682 -0.3260
vn 0.5261 0.8005 -0.2872
vn -0.5409 0.5108 0.6683
vn -0.5383 0.5130 0.6686
vn 0.6695 0.5125 -0.5377
vn 0.6692 0.5103 -0.5403
vn -0.4907 0.5538 0.6727
vn -0.4885 0.5557 0.6728
vn 0.6736 0.5551 -0.4880
vn 0.6735 0.5533 -0.4902
vn -0.6773 0.3862 0.6262
vn -0.6523 0.4105 0.6371
vn -0.7442 0.3144 0.5894
vn -0.7737 0.2790 0.5689
vn -0.5671 0.5043 0.6512
vn -0.5706 0.4998 0.6516
vn -0.6462 0.3990 0.6505
vn -0.6523 0.3902 0.6497
vn 0.4884 0.8410 -0.2326
vn 0.4701 0.8577 -0.2081
vn 0.5705 0.2786 -0.7726
vn 0.5908 0.3139 -0.7432
vn 0.6383 0.4100 -0.6516
vn 0.6274 0.3858 -0.6764
vn -0.7622 0.2119 0.6117
vn -0.7960 0.1426 0.5883
vn -0.4674 0.6235 0.6267
vn -0.4718 0.6185 0.6284
vn -0.4994 0.5864 0.6377
vn -0.4941 0.5927 0.6361
vn -0.8145 0.2247 0.5348
vn -0.8304 0.2021 0.5192
vn 0.5211 0.2019 -0.8293
vn 0.5366 0.2244 -0.8135
vn -0.5277 0.5528 0.6450
vn -0.5247 0.5564 0.6443
vn -0.4907 -0.6727 -0.5538
vn -0.4885 -0.6728 -0.5557
vn -0.3930 -0.6679 -0.6321
vn -0.3806 -0.6662 -0.6414
vn 0.1861 -0.1861 -0.9647
vn -0.2136 -0.6228 -0.7527
vn -0.1363 -0.5928 -0.7937
vn -0.2872 0.8005 0.5261
vn -0.3260 0.7682 0.5510
vn -0.4248 0.6719 0.6066
vn -0.3976 0.7006 0.5925
vn -0.5703 -0.6631 -0.4848
vn -0.5753 -0.6620 -0.4804
vn -0.5383 -0.6686 -0.5130
vn -0.5409 -0.6683 -0.5108
vn -0.5774 -0.5774 0.5774
vn 0.8304 -0.5192 -0.2020
vn 0.7737 -0.5689 -0.2790
vn 0.7442 -0.5894 -0.3144
vn 0.8145 -0.5348 -0.2247
vn 0.6773 -0.6262 -0.3862
vn 0.6047 -0.6545 -0.4538
vn 0.6005 -0.6557 -0.4576
vn 0.6523 -0.6372 -0.4106
vn 0.1363 0.7938 0.5928
vn 0.3806 0.6414 0.6662
vn 0.3930 0.6321 0.6679
vn 0.2135 0.7527 0.6228
vn -0.5883 0.1426 -0.7960
vn -0.6498 0.3903 -0.6523
vn -0.6505 0.3990 -0.6462
vn -0.6117 0.2119 -0.7622
vn -0.6668 0.6409 -0.3802
vn -0.5929 0.7937 -0.1360
vn -0.6232 0.7523 -0.2136
vn -0.6685 0.6315 -0.3928
vn 0.6409 -0.6668 -0.3802
vn 0.5533 -0.6735 -0.4902
vn 0.5551 -0.6736 -0.4880
vn 0.6315 -0.6685 -0.3928
vn 0.5298 0.5298 0.6623
vn 0.5297 0.5298 0.6623
vn 0.7937 -0.5929 -0.1360
vn 0.7523 -0.6232 -0.2136
vn -0.6623 0.5298 -0.5298
vn -0.6623 0.5298 -0.5297
vn 0.5296 -0.6626 -0.5296
vn 0.4799 -0.6630 -0.5746
vn 0.4533 -0.6555 -0.6040
vn 0.4570 -0.6568 -0.5998
vn 0.4843 -0.6641 -0.5697
vn -0.6361 0.5927 -0.4941
vn -0.6267 0.6235 -0.4674
vn -0.6285 0.6185 -0.4718
vn -0.6377 0.5864 -0.4994
vn 0.5103 -0.6692 -0.5402
vn 0.5125 -0.6695 -0.5377
vn 0.9652 -0.1848 0.1848
vn -0.6443 0.5564 -0.5247
vn -0.6450 0.5528 -0.5276
vn 0.5753 0.4804 0.6620
vn 0.6047 0.4538 0.6545
vn 0.6005 0.4576 0.6557
vn 0.5703 0.4848 0.6631
vn -0.6555 0.4533 -0.6040
vn -0.6630 0.4799 -0.5746
vn -0.6641 0.4843 -0.5697
vn -0.6568 0.4570 -0.5998
vn -0.1497 0.9773 0.1498
vn 0.2081 0.8577 0.4702
vn 0.2326 0.8410 0.4885
vn 0.3857 -0.6275 -0.6764
vn 0.2786 -0.5705 -0.7726
vn 0.3139 -0.5908 -0.7432
vn 0.4100 -0.6383 -0.6515
vn -0.6512 0.5043 -0.5671
vn -0.6516 0.4998 -0.5706
vn 0.2019 -0.5211 -0.8293
vn 0.2244 -0.5366 -0.8135
vn -0.5925 0.7006 -0.3976
vn -0.5261 0.8005 -0.2872
vn -0.5510 0.7682 -0.3260
vn -0.6066 0.6719 -0.4248
vn 0.5409 0.5108 0.6683
vn 0.5383 0.5130 0.6686
vn -0.6692 0.5103 -0.5403
vn -0.6695 0.5125 -0.5377
vn 0.4907 0.5538 0.6727
vn 0.4885 0.5557 0.6728
vn -0.6735 0.5533 -0.4902
vn -0.6736 0.5551 -0.4880
vn 0.6773 0.3862 0.6262
vn 0.7737 0.2790 0.5689
vn 0.7442 0.3144 0.5894
vn 0.6523 0.4105 0.6371
vn 0.5671 0.5043 0.6512
vn 0.6523 0.3902 0.6497
vn 0.6462 0.3990 0.6505
vn 0.5706 0.4998 0.6516
vn -0.4701 0.8577 -0.2081
vn -0.4884 0.8410 -0.2326
vn -0.5705 0.2786 -0.7726
vn -0.6274 0.3858 -0.6764
vn -0.6383 0.4100 -0.6516
vn -0.5908 0.3139 -0.7432
vn 0.7960 0.1426 0.5883
vn 0.7622 0.2119 0.6117
vn 0.4674 0.6235 0.6267
vn 0.4941 0.5927 0.6361
vn 0.4994 0.5864 0.6377
vn 0.4718 0.6185 0.6284
vn 0.8304 0.2021 0.5192
vn 0.8145 0.2247 0.5348
vn -0.5211 0.2019 -0.8293
vn -0.5366 0.2244 -0.8135
vn 0.5247 0.5564 0.6443
vn 0.5277 0.5528 0.6450
vn 0.4907 -0.6727 -0.5538
vn 0.3806 -0.6662 -0.6414
vn 0.3930 -0.6679 -0.6321
vn 0.4885 -0.6728 -0.5557
vn -0.1861 -0.1861 -0.9647
vn 0.1363 -0.5928 -0.7937
vn 0.2136 -0.6228 -0.7527
vn 0.2872 0.8005 0.5261
vn 0.3976 0.7006 0.5925
vn 0.4248 0.6719 0.6066
vn 0.3260 0.7682 0.5510
vn 0.5753 -0.6620 -0.4804
vn 0.5703 -0.6631 -0.4848
vn 0.5409 -0.6683 -0.5108
vn 0.5383 -0.6686 -0.5130
vt 0.006957 0.264812
vt 0.546121 0.264812
vt 0.546121 0.384742
vt 0.006957 0.384742
vt 0.546121 0.376452
vt 0.006957 0.376452
vt 0.006957 0.370328
vt 0.546121 0.370328
vt 0.546121 0.281918
vt 0.006957 0.281918
vt 0.546121 0.375349
vt 0.006957 0.375349
vt 0.894402 0.823421
vt 0.896380 0.923330
vt 0.053383 0.923330
vt 0.017014 0.823421
vt 0.063889 0.930735
vt 0.969736 0.930735
vt 0.959036 0.973152
vt 0.079830 0.973152
vt 0.967609 0.972373
vt 0.024809 0.972373
vt 0.043321 0.929955
vt 0.950067 0.929955
vt 0.482042 0.843022
vt 0.014813 0.843022
vt 0.014813 0.759965
vt 0.482042 0.759965
vt 0.011836 0.759778
vt 0.484337 0.759778
vt 0.484338 0.840682
vt 0.011836 0.840682
vt 0.999982 0.995009
vt 0.000018 0.995009
vt 0.000018 0.954404
vt 0.999982 0.954404
vt 0.000019 0.952284
vt 0.999981 0.952284
vt 0.999981 0.995008
vt 0.000019 0.995008
vt 0.013209 0.119116
vt 0.056702 0.084290
vt 0.061413 0.107003
vt 0.010246 0.145409
vt 0.696853 0.030580
vt 0.633519 0.028252
vt 0.624070 0.007800
vt 0.716257 0.012466
vt 0.249193 0.119602
vt 0.177913 0.119586
vt 0.186630 0.098931
vt 0.249173 0.098948
vt 0.081186 0.079171
vt 0.101253 0.107453
vt 0.084130 0.119304
vt 0.070180 0.099589
vt 0.361794 0.163524
vt 0.510457 0.163446
vt 0.510118 0.184362
vt 0.361794 0.184381
vt 0.641461 0.077360
vt 0.697162 0.076038
vt 0.716348 0.094260
vt 0.652467 0.097778
vt 0.363259 0.119341
vt 0.363259 0.098707
vt 0.582952 0.164041
vt 0.620963 0.107262
vt 0.637647 0.118809
vt 0.593251 0.184231
vt 0.548606 0.119586
vt 0.477325 0.119602
vt 0.477346 0.098948
vt 0.539888 0.098931
vt 0.246429 0.122181
vt 0.361794 0.121917
vt 0.361794 0.157987
vt 0.213132 0.157909
vt 0.092755 0.033135
vt 0.107004 0.052813
vt 0.104636 0.102224
vt 0.084570 0.073942
vt 0.029421 0.035463
vt 0.028868 0.072620
vt 0.174337 0.122165
vt 0.143647 0.160495
vt 0.477159 0.122181
vt 0.510457 0.157909
vt 0.630834 0.033135
vt 0.639019 0.073942
vt 0.618953 0.102224
vt 0.616585 0.052813
vt 0.694168 0.035463
vt 0.694721 0.072620
vt 0.579942 0.160495
vt 0.549252 0.122165
vt 0.140263 0.165724
vt 0.129693 0.186444
vt 0.616451 0.049517
vt 0.550642 0.117299
vt 0.542025 0.096882
vt 0.600982 0.036293
vt 0.213132 0.163446
vt 0.213470 0.184362
vt 0.698383 0.072620
vt 0.697830 0.035463
vt 0.717234 0.017349
vt 0.717568 0.090842
vt 0.175558 0.118747
vt 0.108224 0.049395
vt 0.124052 0.035865
vt 0.184375 0.097857
vt 0.579942 0.166032
vt 0.590512 0.186752
vt 0.024500 0.038846
vt 0.023946 0.076003
vt 0.004761 0.094225
vt 0.005096 0.020732
vt 0.630377 0.030284
vt 0.621142 0.010296
vt 0.640516 0.079704
vt 0.651240 0.099600
vt 0.143647 0.166031
vt 0.133077 0.186752
vt 0.088449 0.027906
vt 0.025115 0.030233
vt 0.005711 0.012119
vt 0.097898 0.007454
vt 0.093976 0.029717
vt 0.103425 0.009265
vt 0.765890 0.698526
vt 0.226602 0.698526
vt 0.226602 0.636652
vt 0.765890 0.636652
vt 1.058956 0.949633
vt 1.111845 0.997466
vt -0.257452 0.997467
vt -0.204563 0.949633
vt 0.825880 0.994541
vt 0.793105 0.950097
vt 0.174044 0.950097
vt 0.143035 0.994541
vt 0.527189 0.997466
vt -0.257451 0.997466
vt -0.213202 0.949633
vt 0.482940 0.949633
vt -0.257452 0.949633
vt 0.527189 0.949633
vt 0.482940 0.997466
vt -0.213202 0.997467
vt 1.111845 0.949633
vt 1.058956 0.997466
vt -0.204563 0.997467
vt 0.763008 0.939234
vt 0.763008 0.900351
vt 0.210125 0.900351
vt 0.210125 0.939234
vt 0.759015 0.994541
vt 0.680107 0.950097
vt 0.136291 0.950097
vt 0.083686 0.994541
vt 0.139674 0.950097
vt 0.170683 0.994541
vt 0.789743 0.994541
vt 0.822519 0.950097
vt 0.083686 0.950097
vt 0.136291 0.994541
vt 0.680108 0.994541
vt 0.759015 0.950097
vt 0.194850 0.857123
vt 0.194850 0.897484
vt 0.763342 0.897484
vt 0.763342 0.857123
vt 0.579587 0.938196
vt 0.591054 0.900057
vt 0.322499 0.900057
vt 0.330143 0.938196
vt 0.317985 0.856362
vt 0.317985 0.896769
vt 0.606570 0.896769
vt 0.606570 0.856362
vt 0.767047 0.698526
vt 0.767047 0.636652
vt 0.225612 0.636652
vt 0.225612 0.698526
vt 0.909447 0.795966
vt 0.917526 0.792502
vt 0.918778 0.818004
vt 0.910002 0.814674
vt 0.900660 0.837625
vt 0.897208 0.829093
vt 0.874915 0.838403
vt 0.878188 0.829888
vt 0.854798 0.820563
vt 0.863655 0.816712
vt 0.854798 0.792746
vt 0.863466 0.796762
vt 0.874128 0.774197
vt 0.877117 0.782940
vt 0.899960 0.774995
vt 0.896124 0.783163
vt 0.901367 0.799431
vt 0.901226 0.811344
vt 0.893756 0.820560
vt 0.881460 0.821373
vt 0.872512 0.812862
vt 0.872134 0.800778
vt 0.880106 0.791683
vt 0.892288 0.791330
vt 0.146956 0.513631
vt 0.081540 0.508326
vt 0.147766 0.471810
vt 0.146181 0.553973
vt 0.084768 0.557651
vt 0.145722 0.577896
vt 0.104922 0.583186
vt 0.092456 0.570977
vt 0.145942 0.566398
vt 0.145484 0.590310
vt 0.125479 0.594268
vt 0.117610 0.590857
vt 0.145562 0.586223
vt 0.110273 0.586761
vt 0.145648 0.581723
vt 0.145466 0.591223
vt 0.133562 0.596941
vt 0.145417 0.593780
vt 0.138248 0.597444
vt 0.145377 0.595868
vt 0.142802 0.597203
vt 0.145357 0.596919
vt 0.111967 0.450172
vt 0.041548 0.479277
vt 0.077433 0.429292
vt 0.056952 0.416908
vt 0.066796 0.422861
vt 0.034377 0.465665
vt 0.030699 0.448608
vt 0.046320 0.410479
vt 0.049821 0.412596
vt 0.030978 0.433781
vt 0.032289 0.425303
vt 0.053675 0.414926
vt 0.030529 0.442173
vt 0.034339 0.417035
vt 0.045538 0.410006
vt 0.036413 0.412798
vt 0.043347 0.408681
vt 0.039049 0.409068
vt 0.041557 0.407599
vt 0.040655 0.407053
vt 0.184332 0.451651
vt 0.212518 0.510863
vt 0.219523 0.432249
vt 0.253592 0.483440
vt 0.240420 0.420728
vt 0.265414 0.453180
vt 0.261296 0.470201
vt 0.230388 0.426259
vt 0.251183 0.414794
vt 0.264551 0.429802
vt 0.265630 0.438324
vt 0.247657 0.416738
vt 0.265815 0.446749
vt 0.243752 0.418891
vt 0.251970 0.414361
vt 0.262708 0.421539
vt 0.254157 0.413154
vt 0.260755 0.417319
vt 0.255923 0.412181
vt 0.258273 0.413644
vt 0.256795 0.411700
vt 0.207402 0.560004
vt 0.199211 0.573025
vt 0.186288 0.584745
vt 0.173316 0.591925
vt 0.165322 0.595031
vt 0.180804 0.588113
vt 0.157143 0.597393
vt 0.152441 0.597716
vt 0.147900 0.597301
vt 0.149306 0.396207
vt 0.105025 0.374298
vt 0.072830 0.378936
vt 0.089641 0.374270
vt 0.052931 0.391168
vt 0.059829 0.386069
vt 0.067053 0.381774
vt 0.046561 0.396823
vt 0.043772 0.400628
vt 0.041693 0.404695
vt 0.194421 0.376114
vt 0.209729 0.376667
vt 0.226320 0.382270
vt 0.238998 0.390017
vt 0.245628 0.395479
vt 0.231972 0.385364
vt 0.251631 0.401448
vt 0.254158 0.405353
vt 0.255940 0.409413
vt 0.139188 0.618006
vt 0.130720 0.620103
vt 0.123858 0.620433
vt 0.111929 0.617422
vt 0.227059 0.580789
vt 0.217362 0.594669
vt 0.201066 0.349378
vt 0.217647 0.350790
vt 0.080979 0.347355
vt 0.097891 0.346566
vt 0.006515 0.470495
vt 0.003306 0.451491
vt 0.236673 0.525405
vt 0.013671 0.485840
vt 0.149904 0.368019
vt 0.056830 0.521952
vt 0.003661 0.434897
vt 0.005457 0.424374
vt 0.250748 0.365424
vt 0.259094 0.372400
vt 0.003176 0.444511
vt 0.145011 0.615000
vt 0.242491 0.360081
vt 0.187984 0.614971
vt 0.177975 0.618687
vt 0.039646 0.367838
vt 0.048130 0.361360
vt 0.272181 0.403218
vt 0.277756 0.406672
vt 0.009274 0.412680
vt 0.013213 0.407050
vt 0.236220 0.356634
vt 0.019506 0.401005
vt 0.267377 0.381777
vt 0.270225 0.388106
vt 0.196548 0.610574
vt 0.056419 0.356465
vt 0.202525 0.606965
vt 0.062661 0.353339
vt 0.165940 0.621239
vt 0.159095 0.620647
vt 0.292377 0.458493
vt 0.287405 0.477318
vt 0.272235 0.396660
vt 0.027906 0.382753
vt 0.031063 0.376650
vt 0.279748 0.492093
vt 0.291255 0.430735
vt 0.292699 0.441516
vt 0.150714 0.618226
vt 0.025475 0.391133
vt 0.292809 0.451350
vt 0.087845 0.604768
vt 0.073488 0.591914
vt 0.025155 0.397680
vt 0.064329 0.577671
vt 0.283916 0.412938
vt 0.287747 0.418725
vt 0.102070 0.613326
vt 0.093679 0.608604
s 1
usemtl MI_Trim_Furniture.002
f 54/1/1 45/2/1 41/3/1 43/4/1
f 44/1/1 42/2/1 49/3/1 50/4/1
f 50/1/1 49/2/1 48/3/1 51/4/1
f 56/5/2 55/6/2 47/4/2 52/3/2
f 52/1/1 47/2/1 46/3/1 53/4/1
f 53/3/1 46/4/1 45/1/1 54/2/1
f 51/2/3 48/1/3 55/6/3 56/5/3
f 70/1/4 59/4/4 57/3/4 61/2/4
f 60/1/4 66/4/4 65/3/4 58/2/4
f 66/1/4 67/4/4 64/3/4 65/2/4
f 72/5/5 68/3/5 63/4/5 71/6/5
f 68/1/4 69/4/4 62/3/4 63/2/4
f 69/3/4 70/2/4 61/1/4 62/4/4
f 67/2/6 72/5/6 71/6/6 64/1/6
f 126/1/7 115/4/7 113/3/7 117/2/7
f 116/1/7 122/4/7 121/3/7 114/2/7
f 132/7/8 123/4/8 120/3/8 131/8/8
f 123/2/7 124/3/7 119/4/7 120/1/7
f 124/1/7 125/4/7 118/3/7 119/2/7
f 129/9/9 126/2/9 117/1/9 130/10/9
f 125/3/10 128/11/10 127/12/10 118/4/10
f 128/11/11 129/9/11 130/10/11 127/12/11
f 122/1/12 132/7/12 131/8/12 121/2/12
f 146/1/13 137/2/13 133/3/13 135/4/13
f 136/1/13 134/2/13 141/3/13 142/4/13
f 152/7/14 151/8/14 140/3/14 143/4/14
f 143/2/13 140/1/13 139/4/13 144/3/13
f 144/1/13 139/2/13 138/3/13 145/4/13
f 149/9/15 150/10/15 137/1/15 146/2/15
f 145/3/16 138/4/16 147/12/16 148/11/16
f 148/11/17 147/12/17 150/10/17 149/9/17
f 142/1/18 141/2/18 151/8/18 152/7/18
f 166/1/19 157/2/19 153/3/19 155/4/19
f 156/1/19 154/2/19 161/3/19 162/4/19
f 172/7/20 171/8/20 160/3/20 163/4/20
f 163/2/19 160/1/19 159/4/19 164/3/19
f 164/1/19 159/2/19 158/3/19 165/4/19
f 169/9/21 170/10/21 157/1/21 166/2/21
f 165/3/22 158/4/22 167/12/22 168/11/22
f 168/11/23 167/12/23 170/10/23 169/9/23
f 162/1/24 161/2/24 171/8/24 172/7/24
f 186/1/25 175/4/25 173/3/25 177/2/25
f 176/1/25 182/4/25 181/3/25 174/2/25
f 192/7/26 183/4/26 180/3/26 191/8/26
f 183/2/25 184/3/25 179/4/25 180/1/25
f 184/1/25 185/4/25 178/3/25 179/2/25
f 189/9/27 186/2/27 177/1/27 190/10/27
f 185/3/28 188/11/28 187/12/28 178/4/28
f 188/11/29 189/9/29 190/10/29 187/12/29
f 182/1/30 192/7/30 191/8/30 181/2/30
f 219/13/7 220/14/7 217/15/7 218/16/7
f 217/17/31 220/18/31 224/19/31 221/20/31
f 219/21/32 218/22/32 222/23/32 223/24/32
f 227/13/13 226/16/13 225/15/13 228/14/13
f 225/17/33 229/20/33 232/19/33 228/18/33
f 227/21/34 231/24/34 230/23/34 226/22/34
f 235/13/19 234/16/19 233/15/19 236/14/19
f 233/17/35 237/20/35 240/19/35 236/18/35
f 235/21/36 239/24/36 238/23/36 234/22/36
f 243/13/25 244/14/25 241/15/25 242/16/25
f 241/17/37 244/18/37 248/19/37 245/20/37
f 243/21/38 242/22/38 246/23/38 247/24/38
usemtl MI_Trim_Metal.002
f 77/25/7 78/26/7 74/27/7 73/28/7
f 73/29/19 74/30/19 76/31/19 75/32/19
f 78/33/39 77/34/39 81/35/39 82/36/39
f 75/37/40 76/38/40 80/39/40 79/40/40
f 87/25/7 83/28/7 84/27/7 88/26/7
f 83/29/13 85/32/13 86/31/13 84/30/13
f 88/33/41 92/36/41 91/35/41 87/34/41
f 85/37/42 89/40/42 90/39/42 86/38/42
f 97/25/25 93/28/25 94/27/25 98/26/25
f 93/29/19 95/32/19 96/31/19 94/30/19
f 98/33/43 102/36/43 101/35/43 97/34/43
f 95/37/44 99/40/44 100/39/44 96/38/44
f 107/25/25 108/26/25 104/27/25 103/28/25
f 103/29/13 104/30/13 106/31/13 105/32/13
f 108/33/45 107/34/45 111/35/45 112/36/45
f 105/37/46 106/38/46 110/39/46 109/40/46
f 1672/41/47 1680/42/47 1656/43/47 1654/44/47
f 1673/45/48 1686/46/48 1662/47/48 1661/48/48
f 1677/49/49 1678/50/49 1652/51/49 1659/52/49
f 1680/53/50 1679/54/51 1658/55/51 1656/56/50
f 1684/57/47 1691/58/47 1670/59/47 1655/60/47
f 1690/61/47 1674/62/47 1665/63/47 1666/64/47
f 1683/65/48 1677/49/49 1659/52/49 1650/66/48
f 1692/67/52 1689/68/53 1668/69/53 1667/70/52
f 1688/71/54 1687/72/54 1669/73/54 1663/74/54
f 1677/75/1 1683/76/1 1684/77/1 1681/78/1
f 1676/79/1 1675/80/1 1679/81/1 1680/82/1
f 1671/83/1 1676/79/1 1680/82/1 1672/84/1
f 1675/80/1 1678/85/1 1682/86/1 1679/81/1
f 1678/85/1 1677/75/1 1681/78/1 1682/86/1
f 1687/87/1 1691/88/1 1684/77/1 1683/76/1
f 1686/89/1 1690/90/1 1689/91/1 1685/92/1
f 1673/93/1 1674/94/1 1690/90/1 1686/89/1
f 1685/92/1 1689/91/1 1692/95/1 1688/96/1
f 1688/96/1 1692/95/1 1691/88/1 1687/87/1
f 1679/54/51 1682/97/55 1657/98/55 1658/55/51
f 1685/99/56 1688/100/56 1663/101/56 1664/102/56
f 1681/103/47 1684/57/47 1655/60/47 1660/104/47
f 1674/105/57 1673/106/57 1661/107/57 1665/108/57
f 1678/109/58 1675/110/58 1653/111/58 1652/112/58
f 1691/58/59 1692/113/59 1667/114/59 1670/59/59
f 1687/72/54 1683/65/48 1650/66/48 1669/73/54
f 1671/115/60 1672/116/60 1654/117/60 1649/118/60
f 1686/119/61 1685/99/61 1664/102/61 1662/120/61
f 1689/68/53 1690/121/62 1666/122/62 1668/69/53
f 1682/123/63 1681/103/63 1660/104/63 1657/124/63
f 1676/125/48 1671/126/48 1649/127/48 1651/128/48
f 1675/110/64 1676/129/64 1651/130/64 1653/111/64
f 1716/41/48 1698/44/48 1700/43/48 1724/42/48
f 1717/45/47 1705/48/47 1706/47/47 1730/46/47
f 1721/49/65 1703/52/65 1696/51/65 1722/50/65
f 1724/53/66 1700/56/66 1702/55/67 1723/54/67
f 1728/57/48 1699/60/48 1714/59/48 1735/58/48
f 1734/61/48 1710/64/48 1709/63/48 1718/62/48
f 1727/65/47 1694/66/47 1703/52/65 1721/49/65
f 1736/67/68 1711/70/68 1712/69/69 1733/68/69
f 1732/71/70 1707/74/70 1713/73/70 1731/72/70
f 1721/75/1 1725/78/1 1728/77/1 1727/76/1
f 1720/79/1 1724/82/1 1723/81/1 1719/80/1
f 1715/83/1 1716/84/1 1724/82/1 1720/79/1
f 1719/80/1 1723/81/1 1726/86/1 1722/85/1
f 1722/85/1 1726/86/1 1725/78/1 1721/75/1
f 1731/87/1 1727/76/1 1728/77/1 1735/88/1
f 1730/89/1 1729/92/1 1733/91/1 1734/90/1
f 1717/93/1 1730/89/1 1734/90/1 1718/94/1
f 1729/92/1 1732/96/1 1736/95/1 1733/91/1
f 1732/96/1 1731/87/1 1735/88/1 1736/95/1
f 1723/54/67 1702/55/67 1701/98/71 1726/97/71
f 1729/99/72 1708/102/72 1707/101/72 1732/100/72
f 1725/103/48 1704/104/48 1699/60/48 1728/57/48
f 1718/105/57 1709/108/57 1705/107/57 1717/106/57
f 1722/109/73 1696/112/73 1697/111/73 1719/110/73
f 1735/58/74 1714/59/74 1711/114/74 1736/113/74
f 1731/72/70 1713/73/70 1694/66/47 1727/65/47
f 1715/115/60 1693/118/60 1698/117/60 1716/116/60
f 1730/119/75 1706/120/75 1708/102/75 1729/99/75
f 1733/68/69 1712/69/69 1710/122/76 1734/121/76
f 1726/123/77 1701/124/77 1704/104/77 1725/103/77
f 1720/125/47 1695/128/47 1693/127/47 1715/126/47
f 1719/110/78 1697/111/78 1695/130/78 1720/129/78
f 1760/41/79 1742/44/79 1744/43/79 1768/42/79
f 1761/45/80 1749/48/80 1750/47/80 1774/46/80
f 1765/49/81 1747/52/81 1740/51/81 1766/50/81
f 1768/53/82 1744/56/82 1746/55/83 1767/54/83
f 1772/57/79 1743/60/79 1758/59/79 1779/58/79
f 1778/61/79 1754/64/79 1753/63/79 1762/62/79
f 1771/65/80 1738/66/80 1747/52/81 1765/49/81
f 1780/67/84 1755/70/84 1756/69/85 1777/68/85
f 1776/71/86 1751/74/86 1757/73/86 1775/72/86
f 1765/75/4 1769/78/4 1772/77/4 1771/76/4
f 1764/79/4 1768/82/4 1767/81/4 1763/80/4
f 1759/83/4 1760/84/4 1768/82/4 1764/79/4
f 1763/80/4 1767/81/4 1770/86/4 1766/85/4
f 1766/85/4 1770/86/4 1769/78/4 1765/75/4
f 1775/87/4 1771/76/4 1772/77/4 1779/88/4
f 1774/89/4 1773/92/4 1777/91/4 1778/90/4
f 1761/93/4 1774/89/4 1778/90/4 1762/94/4
f 1773/92/4 1776/96/4 1780/95/4 1777/91/4
f 1776/96/4 1775/87/4 1779/88/4 1780/95/4
f 1767/54/83 1746/55/83 1745/98/87 1770/97/87
f 1773/99/88 1752/102/88 1751/101/88 1776/100/88
f 1769/103/79 1748/104/79 1743/60/79 1772/57/79
f 1762/105/89 1753/108/89 1749/107/89 1761/106/89
f 1766/109/90 1740/112/90 1741/111/90 1763/110/90
f 1779/58/91 1758/59/91 1755/114/91 1780/113/91
f 1775/72/86 1757/73/86 1738/66/80 1771/65/80
f 1759/115/92 1737/118/92 1742/117/92 1760/116/92
f 1774/119/93 1750/120/93 1752/102/93 1773/99/93
f 1777/68/85 1756/69/85 1754/122/94 1778/121/94
f 1770/123/95 1745/124/95 1748/104/95 1769/103/95
f 1764/125/80 1739/128/80 1737/127/80 1759/126/80
f 1763/110/96 1741/111/96 1739/130/96 1764/129/96
f 1804/41/80 1812/42/80 1788/43/80 1786/44/80
f 1805/45/79 1818/46/79 1794/47/79 1793/48/79
f 1809/49/97 1810/50/97 1784/51/97 1791/52/97
f 1812/53/98 1811/54/99 1790/55/99 1788/56/98
f 1816/57/80 1823/58/80 1802/59/80 1787/60/80
f 1822/61/80 1806/62/80 1797/63/80 1798/64/80
f 1815/65/79 1809/49/97 1791/52/97 1782/66/79
f 1824/67/100 1821/68/101 1800/69/101 1799/70/100
f 1820/71/102 1819/72/102 1801/73/102 1795/74/102
f 1809/75/4 1815/76/4 1816/77/4 1813/78/4
f 1808/79/4 1807/80/4 1811/81/4 1812/82/4
f 1803/83/4 1808/79/4 1812/82/4 1804/84/4
f 1807/80/4 1810/85/4 1814/86/4 1811/81/4
f 1810/85/4 1809/75/4 1813/78/4 1814/86/4
f 1819/87/4 1823/88/4 1816/77/4 1815/76/4
f 1818/89/4 1822/90/4 1821/91/4 1817/92/4
f 1805/93/4 1806/94/4 1822/90/4 1818/89/4
f 1817/92/4 1821/91/4 1824/95/4 1820/96/4
f 1820/96/4 1824/95/4 1823/88/4 1819/87/4
f 1811/54/99 1814/97/103 1789/98/103 1790/55/99
f 1817/99/104 1820/100/104 1795/101/104 1796/102/104
f 1813/103/80 1816/57/80 1787/60/80 1792/104/80
f 1806/105/89 1805/106/89 1793/107/89 1797/108/89
f 1810/109/105 1807/110/105 1785/111/105 1784/112/105
f 1823/58/106 1824/113/106 1799/114/106 1802/59/106
f 1819/72/102 1815/65/79 1782/66/79 1801/73/102
f 1803/115/92 1804/116/92 1786/117/92 1781/118/92
f 1818/119/107 1817/99/107 1796/102/107 1794/120/107
f 1821/68/101 1822/121/108 1798/122/108 1800/69/101
f 1814/123/109 1813/103/109 1792/104/109 1789/124/109
f 1808/125/79 1803/126/79 1781/127/79 1783/128/79
f 1807/110/110 1808/129/110 1783/130/110 1785/111/110
f 2/131/7 4/132/7 3/133/7 1/134/7
f 1/133/19 5/134/19 6/131/19 2/132/19
f 11/135/4 6/136/4 8/137/4 12/138/4
f 4/131/13 8/132/13 7/133/13 3/134/13
f 5/139/1 15/140/1 16/141/1 7/142/1
f 2/143/4 6/144/4 11/145/4 9/146/4
f 8/147/4 4/148/4 10/149/4 12/150/4
f 2/151/4 9/152/4 10/153/4 4/147/4
f 15/154/111 20/155/111 17/156/111 16/157/111
f 1/158/1 13/159/1 15/160/1 5/161/1
f 3/162/1 14/163/1 13/164/1 1/165/1
f 7/166/1 16/167/1 14/168/1 3/169/1
f 14/170/112 18/171/112 19/172/112 13/173/112
f 13/174/113 19/175/113 20/176/113 15/177/113
f 16/178/114 17/179/114 18/180/114 14/181/114
f 6/182/25 5/183/25 7/184/25 8/185/25
f 22/131/7 21/134/7 23/133/7 24/132/7
f 21/133/19 22/132/19 26/131/19 25/134/19
f 31/135/1 32/138/1 28/137/1 26/136/1
f 24/131/13 23/134/13 27/133/13 28/132/13
f 25/139/4 27/142/4 36/141/4 35/140/4
f 22/143/1 29/146/1 31/145/1 26/144/1
f 28/147/1 32/150/1 30/149/1 24/148/1
f 22/151/1 24/147/1 30/153/1 29/152/1
f 35/154/115 36/157/115 37/156/115 40/155/115
f 21/158/4 25/161/4 35/160/4 33/159/4
f 23/162/4 21/165/4 33/164/4 34/163/4
f 27/166/4 23/169/4 34/168/4 36/167/4
f 34/170/116 33/173/116 39/172/116 38/171/116
f 33/174/117 35/177/117 40/176/117 39/175/117
f 36/178/118 34/181/118 38/180/118 37/179/118
f 26/182/25 28/185/25 27/184/25 25/183/25
f 209/186/119 194/187/120 196/188/121 210/189/122
f 210/189/122 196/188/121 198/190/123 211/191/124
f 211/191/124 198/190/123 200/192/125 212/193/126
f 212/193/126 200/192/125 202/194/127 213/195/128
f 213/195/128 202/194/127 204/196/129 214/197/130
f 214/197/130 204/196/129 206/198/131 215/199/132
f 215/199/132 206/198/131 208/200/133 216/201/134
f 216/201/134 208/200/133 194/187/120 209/186/119
f 193/202/135 195/203/136 197/204/137 199/205/138 201/206/139 203/207/140 205/208/141 207/209/142
f 207/209/142 216/201/134 209/186/119 193/202/135
f 205/208/141 215/199/132 216/201/134 207/209/142
f 203/207/140 214/197/130 215/199/132 205/208/141
f 201/206/139 213/195/128 214/197/130 203/207/140
f 199/205/138 212/193/126 213/195/128 201/206/139
f 197/204/137 211/191/124 212/193/126 199/205/138
f 195/203/136 210/189/122 211/191/124 197/204/137
f 193/202/135 209/186/119 210/189/122 195/203/136
f 265/186/119 250/187/120 252/188/143 266/189/144
f 266/189/144 252/188/143 254/190/145 267/191/124
f 267/191/124 254/190/145 256/192/146 268/193/147
f 268/193/147 256/192/146 258/194/127 269/195/128
f 269/195/128 258/194/127 260/196/129 270/197/148
f 270/197/148 260/196/129 262/198/131 271/199/132
f 271/199/132 262/198/131 264/200/133 272/201/134
f 272/201/134 264/200/133 250/187/120 265/186/119
f 249/202/149 251/203/136 253/204/137 255/205/150 257/206/151 259/207/152 261/208/141 263/209/142
f 263/209/142 272/201/134 265/186/119 249/202/149
f 261/208/141 271/199/132 272/201/134 263/209/142
f 259/207/152 270/197/148 271/199/132 261/208/141
f 257/206/151 269/195/128 270/197/148 259/207/152
f 255/205/150 268/193/147 269/195/128 257/206/151
f 253/204/137 267/191/124 268/193/147 255/205/150
f 251/203/136 266/189/144 267/191/124 253/204/137
f 249/202/149 265/186/119 266/189/144 251/203/136
f 289/186/153 274/187/154 276/188/155 290/189/156
f 290/189/156 276/188/155 278/190/157 291/191/158
f 291/191/158 278/190/157 280/192/159 292/193/160
f 292/193/160 280/192/159 282/194/161 293/195/162
f 293/195/162 282/194/161 284/196/163 294/197/164
f 294/197/164 284/196/163 286/198/165 295/199/166
f 295/199/166 286/198/165 288/200/167 296/201/168
f 296/201/168 288/200/167 274/187/154 289/186/153
f 273/202/169 275/203/170 277/204/171 279/205/172 281/206/173 283/207/174 285/208/175 287/209/176
f 287/209/176 296/201/168 289/186/153 273/202/169
f 285/208/175 295/199/166 296/201/168 287/209/176
f 283/207/174 294/197/164 295/199/166 285/208/175
f 281/206/173 293/195/162 294/197/164 283/207/174
f 279/205/172 292/193/160 293/195/162 281/206/173
f 277/204/171 291/191/158 292/193/160 279/205/172
f 275/203/170 290/189/156 291/191/158 277/204/171
f 273/202/169 289/186/153 290/189/156 275/203/170
f 313/186/177 314/189/178 300/188/179 298/187/180
f 314/189/178 315/191/181 302/190/182 300/188/179
f 315/191/181 316/193/183 304/192/184 302/190/182
f 316/193/183 317/195/185 306/194/186 304/192/184
f 317/195/185 318/197/187 308/196/188 306/194/186
f 318/197/187 319/199/189 310/198/190 308/196/188
f 319/199/189 320/201/191 312/200/192 310/198/190
f 320/201/191 313/186/177 298/187/180 312/200/192
f 297/202/193 311/209/194 309/208/195 307/207/196 305/206/197 303/205/198 301/204/199 299/203/200
f 311/209/194 297/202/193 313/186/177 320/201/191
f 309/208/195 311/209/194 320/201/191 319/199/189
f 307/207/196 309/208/195 319/199/189 318/197/187
f 305/206/197 307/207/196 318/197/187 317/195/185
f 303/205/198 305/206/197 317/195/185 316/193/183
f 301/204/199 303/205/198 316/193/183 315/191/181
f 299/203/200 301/204/199 315/191/181 314/189/178
f 297/202/193 299/203/200 314/189/178 313/186/177
f 337/186/201 338/189/202 324/188/203 322/187/204
f 338/189/202 339/191/205 326/190/206 324/188/203
f 339/191/205 340/193/207 328/192/208 326/190/206
f 340/193/207 341/195/209 330/194/210 328/192/208
f 341/195/209 342/197/211 332/196/212 330/194/210
f 342/197/211 343/199/213 334/198/214 332/196/212
f 343/199/213 344/201/215 336/200/216 334/198/214
f 344/201/215 337/186/201 322/187/204 336/200/216
f 321/202/217 335/209/218 333/208/219 331/207/220 329/206/221 327/205/222 325/204/223 323/203/224
f 335/209/218 321/202/217 337/186/201 344/201/215
f 333/208/219 335/209/218 344/201/215 343/199/213
f 331/207/220 333/208/219 343/199/213 342/197/211
f 329/206/221 331/207/220 342/197/211 341/195/209
f 327/205/222 329/206/221 341/195/209 340/193/207
f 325/204/223 327/205/222 340/193/207 339/191/205
f 323/203/224 325/204/223 339/191/205 338/189/202
f 321/202/217 323/203/224 338/189/202 337/186/201
f 361/186/225 362/189/226 348/188/227 346/187/228
f 362/189/226 363/191/229 350/190/230 348/188/227
f 363/191/229 364/193/231 352/192/232 350/190/230
f 364/193/231 365/195/233 354/194/234 352/192/232
f 365/195/233 366/197/235 356/196/236 354/194/234
f 366/197/235 367/199/237 358/198/238 356/196/236
f 367/199/237 368/201/239 360/200/240 358/198/238
f 368/201/239 361/186/225 346/187/228 360/200/240
f 345/202/241 359/209/242 357/208/243 355/207/244 353/206/245 351/205/246 349/204/247 347/203/248
f 359/209/242 345/202/241 361/186/225 368/201/239
f 357/208/243 359/209/242 368/201/239 367/199/237
f 355/207/244 357/208/243 367/199/237 366/197/235
f 353/206/245 355/207/244 366/197/235 365/195/233
f 351/205/246 353/206/245 365/195/233 364/193/231
f 349/204/247 351/205/246 364/193/231 363/191/229
f 347/203/248 349/204/247 363/191/229 362/189/226
f 345/202/241 347/203/248 362/189/226 361/186/225
f 385/186/249 386/189/250 372/188/251 370/187/252
f 386/189/250 387/191/253 374/190/254 372/188/251
f 387/191/253 388/193/255 376/192/256 374/190/254
f 388/193/255 389/195/257 378/194/258 376/192/256
f 389/195/257 390/197/259 380/196/260 378/194/258
f 390/197/259 391/199/261 382/198/262 380/196/260
f 391/199/261 392/201/263 384/200/264 382/198/262
f 392/201/263 385/186/249 370/187/252 384/200/264
f 369/202/265 383/209/266 381/208/267 379/207/268 377/206/269 375/205/270 373/204/271 371/203/272
f 383/209/266 369/202/265 385/186/249 392/201/263
f 381/208/267 383/209/266 392/201/263 391/199/261
f 379/207/268 381/208/267 391/199/261 390/197/259
f 377/206/269 379/207/268 390/197/259 389/195/257
f 375/205/270 377/206/269 389/195/257 388/193/255
f 373/204/271 375/205/270 388/193/255 387/191/253
f 371/203/272 373/204/271 387/191/253 386/189/250
f 369/202/265 371/203/272 386/189/250 385/186/249
f 409/186/273 394/187/274 396/188/275 410/189/276
f 410/189/276 396/188/275 398/190/277 411/191/278
f 411/191/278 398/190/277 400/192/279 412/193/280
f 412/193/280 400/192/279 402/194/281 413/195/282
f 413/195/282 402/194/281 404/196/283 414/197/284
f 414/197/284 404/196/283 406/198/285 415/199/286
f 415/199/286 406/198/285 408/200/287 416/201/288
f 416/201/288 408/200/287 394/187/274 409/186/273
f 393/202/289 395/203/290 397/204/291 399/205/292 401/206/293 403/207/294 405/208/295 407/209/296
f 407/209/296 416/201/288 409/186/273 393/202/289
f 405/208/295 415/199/286 416/201/288 407/209/296
f 403/207/294 414/197/284 415/199/286 405/208/295
f 401/206/293 413/195/282 414/197/284 403/207/294
f 399/205/292 412/193/280 413/195/282 401/206/293
f 397/204/291 411/191/278 412/193/280 399/205/292
f 395/203/290 410/189/276 411/191/278 397/204/291
f 393/202/289 409/186/273 410/189/276 395/203/290
f 433/186/297 418/187/298 420/188/299 434/189/300
f 434/189/300 420/188/299 422/190/301 435/191/302
f 435/191/302 422/190/301 424/192/303 436/193/304
f 436/193/304 424/192/303 426/194/305 437/195/306
f 437/195/306 426/194/305 428/196/307 438/197/308
f 438/197/308 428/196/307 430/198/309 439/199/310
f 439/199/310 430/198/309 432/200/311 440/201/312
f 440/201/312 432/200/311 418/187/298 433/186/297
f 417/202/313 419/203/314 421/204/315 423/205/316 425/206/317 427/207/318 429/208/319 431/209/320
f 431/209/320 440/201/312 433/186/297 417/202/313
f 429/208/319 439/199/310 440/201/312 431/209/320
f 427/207/318 438/197/308 439/199/310 429/208/319
f 425/206/317 437/195/306 438/197/308 427/207/318
f 423/205/316 436/193/304 437/195/306 425/206/317
f 421/204/315 435/191/302 436/193/304 423/205/316
f 419/203/314 434/189/300 435/191/302 421/204/315
f 417/202/313 433/186/297 434/189/300 419/203/314
f 476/210/321 441/211/1 442/212/322
f 441/211/1 476/210/321 481/213/321 443/214/1
f 446/215/321 444/216/1 445/217/1 482/218/321
f 482/218/321 445/217/1 443/214/1 481/213/321
f 486/219/321 448/220/1 449/221/1 488/222/321
f 488/222/321 449/221/1 447/223/1 487/224/321
f 444/216/1 446/215/321 487/224/321 447/223/1
f 448/220/1 486/219/321 490/225/321 450/226/1
f 450/226/1 490/225/321 491/227/321 452/228/1
f 452/228/1 491/227/321 489/229/321 451/230/1
f 451/230/1 489/229/321 477/231/321
f 496/232/323 442/212/322 441/211/1
f 441/211/1 453/233/1 501/234/323 496/232/323
f 456/235/323 502/236/323 455/237/1 454/238/1
f 502/236/323 501/234/323 453/233/1 455/237/1
f 506/239/323 508/240/323 459/241/1 458/242/1
f 508/240/323 507/243/323 457/244/1 459/241/1
f 454/238/1 457/244/1 507/243/323 456/235/323
f 458/242/1 460/245/1 510/246/323 506/239/323
f 460/245/1 462/247/1 511/248/323 510/246/323
f 462/247/1 461/249/1 509/250/323 511/248/323
f 461/249/1 497/251/323 509/250/323
f 464/252/324 463/253/7 442/212/322
f 463/253/7 464/252/324 519/254/324 465/255/7
f 468/256/324 466/257/7 467/258/7 520/259/324
f 520/259/324 467/258/7 465/255/7 519/254/324
f 524/260/324 470/261/7 471/262/7 472/263/324
f 472/263/324 471/262/7 469/264/7 525/265/324
f 466/257/7 468/256/324 525/265/324 469/264/7
f 470/261/7 524/260/324 527/266/324 473/267/7
f 473/267/7 527/266/324 528/268/324 475/269/7
f 475/269/7 528/268/324 526/270/324 474/271/7
f 474/271/7 526/270/324 515/272/324
f 476/210/321 442/212/322 463/253/7
f 463/253/7 478/273/7 481/213/321 476/210/321
f 446/215/321 482/218/321 480/274/7 479/275/7
f 482/218/321 481/213/321 478/273/7 480/274/7
f 486/219/321 488/222/321 485/276/7 484/277/7
f 488/222/321 487/224/321 483/278/7 485/276/7
f 479/275/7 483/278/7 487/224/321 446/215/321
f 484/277/7 492/279/7 490/225/321 486/219/321
f 492/279/7 494/280/7 491/227/321 490/225/321
f 494/280/7 493/281/7 489/229/321 491/227/321
f 493/281/7 477/231/321 489/229/321
f 496/232/323 495/282/19 442/212/322
f 495/282/19 496/232/323 501/234/323 498/283/19
f 456/235/323 499/284/19 500/285/19 502/236/323
f 502/236/323 500/285/19 498/283/19 501/234/323
f 506/239/323 504/286/19 505/287/19 508/240/323
f 508/240/323 505/287/19 503/288/19 507/243/323
f 499/284/19 456/235/323 507/243/323 503/288/19
f 504/286/19 506/239/323 510/246/323 512/289/19
f 512/289/19 510/246/323 511/248/323 514/290/19
f 514/290/19 511/248/323 509/250/323 513/291/19
f 513/291/19 509/250/323 497/251/323
f 464/252/324 442/212/322 495/282/19
f 495/282/19 516/292/19 519/254/324 464/252/324
f 468/256/324 520/259/324 518/293/19 517/294/19
f 520/259/324 519/254/324 516/292/19 518/293/19
f 524/260/324 472/263/324 523/295/19 522/296/19
f 472/263/324 525/265/324 521/297/19 523/295/19
f 517/294/19 521/297/19 525/265/324 468/256/324
f 522/296/19 529/298/19 527/266/324 524/260/324
f 529/298/19 531/299/19 528/268/324 527/266/324
f 531/299/19 530/300/19 526/270/324 528/268/324
f 530/300/19 515/272/324 526/270/324
f 451/230/325 541/301/326 539/302/327 452/228/328
f 450/226/329 540/303/330 536/304/331 448/220/332
f 478/273/333 563/305/334 562/306/335 480/274/336
f 516/292/337 584/307/338 583/308/339 518/293/340
f 500/285/341 573/309/342 574/310/343 498/283/344
f 455/237/345 543/311/346 542/312/347 454/238/348
f 463/253/349 551/313/350 563/305/334 478/273/333
f 453/233/351 544/314/352 543/311/346 455/237/345
f 495/282/353 571/315/354 584/307/338 516/292/337
f 498/283/344 574/310/343 571/315/354 495/282/353
f 441/211/355 532/316/355 544/314/352 453/233/351
f 459/241/356 546/317/357 545/318/358 458/242/359
f 523/295/360 586/319/361 585/320/362 522/296/363
f 457/244/364 547/321/365 546/317/357 459/241/356
f 477/231/366 570/322/366 541/301/326 451/230/325
f 521/297/367 587/323/368 586/319/361 523/295/360
f 485/276/369 565/324/370 564/325/371 484/277/372
f 454/238/348 542/312/347 547/321/365 457/244/364
f 504/286/373 575/326/374 576/327/375 505/287/376
f 515/272/377 591/328/378 560/329/379 474/271/380
f 460/245/381 549/330/382 548/331/383 462/247/384
f 517/294/385 582/332/386 587/323/368 521/297/367
f 462/247/384 548/331/383 550/333/387 461/249/388
f 529/298/389 589/334/390 588/335/391 531/299/392
f 483/278/393 566/336/394 565/324/370 485/276/369
f 458/242/359 545/318/358 549/330/382 460/245/381
f 505/287/376 576/327/375 577/337/395 503/288/396
f 479/275/397 561/338/398 566/336/394 483/278/393
f 503/288/396 577/337/395 572/339/399 499/284/400
f 492/279/401 568/340/402 567/341/403 494/280/404
f 466/257/405 552/342/406 553/343/407 467/258/408
f 531/299/392 588/335/391 590/344/409 530/300/410
f 514/290/411 578/345/412 579/346/413 512/289/414
f 467/258/408 553/343/407 554/347/415 465/255/416
f 465/255/416 554/347/415 551/313/350 463/253/349
f 470/261/417 555/348/418 556/349/419 471/262/420
f 530/300/410 590/344/409 591/328/378 515/272/377
f 494/280/404 567/341/403 569/350/421 493/281/422
f 513/291/423 580/351/424 578/345/412 514/290/411
f 471/262/420 556/349/419 557/352/425 469/264/426
f 444/216/427 533/353/428 534/354/429 445/217/430
f 522/296/363 585/320/362 589/334/390 529/298/389
f 469/264/426 557/352/425 552/342/406 466/257/405
f 461/249/388 550/333/387 581/355/431 497/251/431
f 445/217/430 534/354/429 535/356/432 443/214/433
f 493/281/422 569/350/421 570/322/366 477/231/366
f 475/269/434 558/357/435 559/358/436 473/267/437
f 443/214/433 535/356/432 532/316/355 441/211/355
f 497/251/431 581/355/431 580/351/424 513/291/423
f 474/271/380 560/329/379 558/357/435 475/269/434
f 448/220/332 536/304/331 537/359/438 449/221/439
f 484/277/372 564/325/371 568/340/402 492/279/401
f 473/267/437 559/358/436 555/348/418 470/261/417
f 449/221/439 537/359/438 538/360/440 447/223/441
f 512/289/414 579/346/413 575/326/374 504/286/373
f 447/223/441 538/360/440 533/353/428 444/216/427
f 480/274/336 562/306/335 561/338/398 479/275/397
f 452/228/328 539/302/327 540/303/330 450/226/329
f 518/293/340 583/308/339 582/332/386 517/294/385
f 499/284/400 572/339/399 573/309/342 500/285/341
f 627/210/321 593/212/442 592/211/1
f 592/211/1 594/214/1 632/213/321 627/210/321
f 597/215/321 633/218/321 596/217/1 595/216/1
f 633/218/321 632/213/321 594/214/1 596/217/1
f 637/219/321 639/222/321 600/221/1 599/220/1
f 639/222/321 638/224/321 598/223/1 600/221/1
f 595/216/1 598/223/1 638/224/321 597/215/321
f 599/220/1 601/226/1 641/225/321 637/219/321
f 601/226/1 603/228/1 642/227/321 641/225/321
f 603/228/1 602/230/1 640/229/321 642/227/321
f 602/230/1 628/231/321 640/229/321
f 647/232/443 592/211/1 593/212/442
f 592/211/1 647/232/443 652/234/443 604/233/1
f 607/235/443 605/238/1 606/237/1 653/236/443
f 653/236/443 606/237/1 604/233/1 652/234/443
f 657/239/443 609/242/1 610/241/1 659/240/443
f 659/240/443 610/241/1 608/244/1 658/243/443
f 605/238/1 607/235/443 658/243/443 608/244/1
f 609/242/1 657/239/443 661/246/443 611/245/1
f 611/245/1 661/246/443 662/248/443 613/247/1
f 613/247/1 662/248/443 660/250/443 612/249/1
f 612/249/1 660/250/443 648/251/443
f 615/252/444 593/212/442 614/253/7
f 614/253/7 616/255/7 670/254/444 615/252/444
f 619/256/444 671/259/444 618/258/7 617/257/7
f 671/259/444 670/254/444 616/255/7 618/258/7
f 675/260/444 623/263/444 622/262/7 621/261/7
f 623/263/444 676/265/444 620/264/7 622/262/7
f 617/257/7 620/264/7 676/265/444 619/256/444
f 621/261/7 624/267/7 678/266/444 675/260/444
f 624/267/7 626/269/7 679/268/444 678/266/444
f 626/269/7 625/271/7 677/270/444 679/268/444
f 625/271/7 666/272/444 677/270/444
f 627/210/321 614/253/7 593/212/442
f 614/253/7 627/210/321 632/213/321 629/273/7
f 597/215/321 630/275/7 631/274/7 633/218/321
f 633/218/321 631/274/7 629/273/7 632/213/321
f 637/219/321 635/277/7 636/276/7 639/222/321
f 639/222/321 636/276/7 634/278/7 638/224/321
f 630/275/7 597/215/321 638/224/321 634/278/7
f 635/277/7 637/219/321 641/225/321 643/279/7
f 643/279/7 641/225/321 642/227/321 645/280/7
f 645/280/7 642/227/321 640/229/321 644/281/7
f 644/281/7 640/229/321 628/231/321
f 647/232/443 593/212/442 646/282/13
f 646/282/13 649/283/13 652/234/443 647/232/443
f 607/235/443 653/236/443 651/285/13 650/284/13
f 653/236/443 652/234/443 649/283/13 651/285/13
f 657/239/443 659/240/443 656/287/13 655/286/13
f 659/240/443 658/243/443 654/288/13 656/287/13
f 650/284/13 654/288/13 658/243/443 607/235/443
f 655/286/13 663/289/13 661/246/443 657/239/443
f 663/289/13 665/290/13 662/248/443 661/246/443
f 665/290/13 664/291/13 660/250/443 662/248/443
f 664/291/13 648/251/443 660/250/443
f 615/252/444 646/282/13 593/212/442
f 646/282/13 615/252/444 670/254/444 667/292/13
f 619/256/444 668/294/13 669/293/13 671/259/444
f 671/259/444 669/293/13 667/292/13 670/254/444
f 675/260/444 673/296/13 674/295/13 623/263/444
f 623/263/444 674/295/13 672/297/13 676/265/444
f 668/294/13 619/256/444 676/265/444 672/297/13
f 673/296/13 675/260/444 678/266/444 680/298/13
f 680/298/13 678/266/444 679/268/444 682/299/13
f 682/299/13 679/268/444 677/270/444 681/300/13
f 681/300/13 677/270/444 666/272/444
f 602/230/445 603/228/446 690/302/447 692/301/448
f 601/226/449 599/220/450 687/304/451 691/303/452
f 629/273/453 631/274/454 713/306/455 714/305/456
f 667/292/457 669/293/458 734/308/459 735/307/460
f 651/285/461 649/283/462 725/310/463 724/309/464
f 606/237/465 605/238/466 693/312/467 694/311/468
f 614/253/469 629/273/453 714/305/456 702/313/470
f 604/233/471 606/237/465 694/311/468 695/314/472
f 646/282/473 667/292/457 735/307/460 722/315/474
f 649/283/462 646/282/473 722/315/474 725/310/463
f 592/211/475 604/233/471 695/314/472 683/316/475
f 610/241/476 609/242/477 696/318/478 697/317/479
f 674/295/480 673/296/481 736/320/482 737/319/483
f 608/244/484 610/241/476 697/317/479 698/321/485
f 628/231/486 602/230/445 692/301/448 721/322/486
f 672/297/487 674/295/480 737/319/483 738/323/488
f 636/276/489 635/277/490 715/325/491 716/324/492
f 605/238/466 608/244/484 698/321/485 693/312/467
f 655/286/493 656/287/494 727/327/495 726/326/496
f 666/272/497 625/271/498 711/329/499 742/328/500
f 611/245/501 613/247/502 699/331/503 700/330/504
f 668/294/505 672/297/487 738/323/488 733/332/506
f 613/247/502 612/249/507 701/333/508 699/331/503
f 680/298/509 682/299/510 739/335/511 740/334/512
f 634/278/513 636/276/489 716/324/492 717/336/514
f 609/242/477 611/245/501 700/330/504 696/318/478
f 656/287/494 654/288/515 728/337/516 727/327/495
f 630/275/517 634/278/513 717/336/514 712/338/518
f 654/288/515 650/284/519 723/339/520 728/337/516
f 643/279/521 645/280/522 718/341/523 719/340/524
f 617/257/525 618/258/526 704/343/527 703/342/528
f 682/299/510 681/300/529 741/344/530 739/335/511
f 665/290/531 663/289/532 730/346/533 729/345/534
f 618/258/526 616/255/535 705/347/536 704/343/527
f 616/255/535 614/253/469 702/313/470 705/347/536
f 621/261/537 622/262/538 707/349/539 706/348/540
f 681/300/529 666/272/497 742/328/500 741/344/530
f 645/280/522 644/281/541 720/350/542 718/341/523
f 664/291/543 665/290/531 729/345/534 731/351/544
f 622/262/538 620/264/545 708/352/546 707/349/539
f 595/216/547 596/217/548 685/354/549 684/353/550
f 673/296/481 680/298/509 740/334/512 736/320/482
f 620/264/545 617/257/525 703/342/528 708/352/546
f 612/249/507 648/251/551 732/355/551 701/333/508
f 596/217/548 594/214/552 686/356/553 685/354/549
f 644/281/541 628/231/486 721/322/486 720/350/542
f 626/269/554 624/267/555 710/358/556 709/357/557
f 594/214/552 592/211/475 683/316/475 686/356/553
f 648/251/551 664/291/543 731/351/544 732/355/551
f 625/271/498 626/269/554 709/357/557 711/329/499
f 599/220/450 600/221/558 688/359/559 687/304/451
f 635/277/490 643/279/521 719/340/524 715/325/491
f 624/267/555 621/261/537 706/348/540 710/358/556
f 600/221/558 598/223/560 689/360/561 688/359/559
f 663/289/532 655/286/493 726/326/496 730/346/533
f 598/223/560 595/216/547 684/353/550 689/360/561
f 631/274/454 630/275/517 712/338/518 713/306/455
f 603/228/446 601/226/449 691/303/452 690/302/447
f 669/293/458 668/294/505 733/332/506 734/308/459
f 650/284/519 651/285/461 724/309/464 723/339/520
f 778/210/562 744/212/563 743/211/1
f 743/211/1 745/214/1 783/213/562 778/210/562
f 748/215/562 784/218/562 747/217/1 746/216/1
f 784/218/562 783/213/562 745/214/1 747/217/1
f 788/219/562 790/222/562 751/221/1 750/220/1
f 790/222/562 789/224/562 749/223/1 751/221/1
f 746/216/1 749/223/1 789/224/562 748/215/562
f 750/220/1 752/226/1 792/225/562 788/219/562
f 752/226/1 754/228/1 793/227/562 792/225/562
f 754/228/1 753/230/1 791/229/562 793/227/562
f 753/230/1 779/231/562 791/229/562
f 798/232/323 743/211/1 744/212/563
f 743/211/1 798/232/323 803/234/323 755/233/1
f 758/235/323 756/238/1 757/237/1 804/236/323
f 804/236/323 757/237/1 755/233/1 803/234/323
f 808/239/323 760/242/1 761/241/1 810/240/323
f 810/240/323 761/241/1 759/244/1 809/243/323
f 756/238/1 758/235/323 809/243/323 759/244/1
f 760/242/1 808/239/323 812/246/323 762/245/1
f 762/245/1 812/246/323 813/248/323 764/247/1
f 764/247/1 813/248/323 811/250/323 763/249/1
f 763/249/1 811/250/323 799/251/323
f 766/252/564 744/212/563 765/253/25
f 765/253/25 767/255/25 821/254/564 766/252/564
f 770/256/564 822/259/564 769/258/25 768/257/25
f 822/259/564 821/254/564 767/255/25 769/258/25
f 826/260/564 774/263/564 773/262/25 772/261/25
f 774/263/564 827/265/564 771/264/25 773/262/25
f 768/257/25 771/264/25 827/265/564 770/256/564
f 772/261/25 775/267/25 829/266/564 826/260/564
f 775/267/25 777/269/25 830/268/564 829/266/564
f 777/269/25 776/271/25 828/270/564 830/268/564
f 776/271/25 817/272/564 828/270/564
f 778/210/562 765/253/25 744/212/563
f 765/253/25 778/210/562 783/213/562 780/273/25
f 748/215/562 781/275/25 782/274/25 784/218/562
f 784/218/562 782/274/25 780/273/25 783/213/562
f 788/219/562 786/277/25 787/276/25 790/222/562
f 790/222/562 787/276/25 785/278/25 789/224/562
f 781/275/25 748/215/562 789/224/562 785/278/25
f 786/277/25 788/219/562 792/225/562 794/279/25
f 794/279/25 792/225/562 793/227/562 796/280/25
f 796/280/25 793/227/562 791/229/562 795/281/25
f 795/281/25 791/229/562 779/231/562
f 798/232/323 744/212/563 797/282/19
f 797/282/19 800/283/19 803/234/323 798/232/323
f 758/235/323 804/236/323 802/285/19 801/284/19
f 804/236/323 803/234/323 800/283/19 802/285/19
f 808/239/323 810/240/323 807/287/19 806/286/19
f 810/240/323 809/243/323 805/288/19 807/287/19
f 801/284/19 805/288/19 809/243/323 758/235/323
f 806/286/19 814/289/19 812/246/323 808/239/323
f 814/289/19 816/290/19 813/248/323 812/246/323
f 816/290/19 815/291/19 811/250/323 813/248/323
f 815/291/19 799/251/323 811/250/323
f 766/252/564 797/282/19 744/212/563
f 797/282/19 766/252/564 821/254/564 818/292/19
f 770/256/564 819/294/19 820/293/19 822/259/564
f 822/259/564 820/293/19 818/292/19 821/254/564
f 826/260/564 824/296/19 825/295/19 774/263/564
f 774/263/564 825/295/19 823/297/19 827/265/564
f 819/294/19 770/256/564 827/265/564 823/297/19
f 824/296/19 826/260/564 829/266/564 831/298/19
f 831/298/19 829/266/564 830/268/564 833/299/19
f 833/299/19 830/268/564 828/270/564 832/300/19
f 832/300/19 828/270/564 817/272/564
f 753/230/565 754/228/566 841/302/567 843/301/568
f 752/226/569 750/220/570 838/304/571 842/303/572
f 780/273/573 782/274/574 864/306/575 865/305/576
f 818/292/577 820/293/578 885/308/579 886/307/580
f 802/285/581 800/283/582 876/310/583 875/309/584
f 757/237/585 756/238/586 844/312/587 845/311/588
f 765/253/589 780/273/573 865/305/576 853/313/590
f 755/233/591 757/237/585 845/311/588 846/314/592
f 797/282/593 818/292/577 886/307/580 873/315/594
f 800/283/582 797/282/593 873/315/594 876/310/583
f 743/211/595 755/233/591 846/314/592 834/316/595
f 761/241/596 760/242/597 847/318/598 848/317/599
f 825/295/600 824/296/601 887/320/602 888/319/603
f 759/244/604 761/241/596 848/317/599 849/321/605
f 779/231/606 753/230/565 843/301/568 872/322/606
f 823/297/607 825/295/600 888/319/603 889/323/608
f 787/276/609 786/277/610 866/325/611 867/324/612
f 756/238/586 759/244/604 849/321/605 844/312/587
f 806/286/613 807/287/614 878/327/615 877/326/616
f 817/272/617 776/271/618 862/329/619 893/328/620
f 762/245/621 764/247/622 850/331/623 851/330/624
f 819/294/625 823/297/607 889/323/608 884/332/626
f 764/247/622 763/249/627 852/333/628 850/331/623
f 831/298/629 833/299/630 890/335/631 891/334/632
f 785/278/633 787/276/609 867/324/612 868/336/634
f 760/242/597 762/245/621 851/330/624 847/318/598
f 807/287/614 805/288/635 879/337/636 878/327/615
f 781/275/637 785/278/633 868/336/634 863/338/638
f 805/288/635 801/284/639 874/339/640 879/337/636
f 794/279/641 796/280/642 869/341/643 870/340/644
f 768/257/645 769/258/646 855/343/647 854/342/648
f 833/299/630 832/300/649 892/344/650 890/335/631
f 816/290/651 814/289/652 881/346/653 880/345/654
f 769/258/646 767/255/655 856/347/656 855/343/647
f 767/255/655 765/253/589 853/313/590 856/347/656
f 772/261/657 773/262/658 858/349/659 857/348/660
f 832/300/649 817/272/617 893/328/620 892/344/650
f 796/280/642 795/281/661 871/350/662 869/341/643
f 815/291/663 816/290/651 880/345/654 882/351/664
f 773/262/658 771/264/665 859/352/666 858/349/659
f 746/216/667 747/217/668 836/354/669 835/353/670
f 824/296/601 831/298/629 891/334/632 887/320/602
f 771/264/665 768/257/645 854/342/648 859/352/666
f 763/249/627 799/251/671 883/355/671 852/333/628
f 747/217/668 745/214/672 837/356/673 836/354/669
f 795/281/661 779/231/606 872/322/606 871/350/662
f 777/269/674 775/267/675 861/358/676 860/357/677
f 745/214/672 743/211/595 834/316/595 837/356/673
f 799/251/671 815/291/663 882/351/664 883/355/671
f 776/271/618 777/269/674 860/357/677 862/329/619
f 750/220/570 751/221/678 839/359/679 838/304/571
f 786/277/610 794/279/641 870/340/644 866/325/611
f 775/267/675 772/261/657 857/348/660 861/358/676
f 751/221/678 749/223/680 840/360/681 839/359/679
f 814/289/652 806/286/613 877/326/616 881/346/653
f 749/223/680 746/216/667 835/353/670 840/360/681
f 782/274/574 781/275/637 863/338/638 864/306/575
f 754/228/566 752/226/569 842/303/572 841/302/567
f 820/293/578 819/294/625 884/332/626 885/308/579
f 801/284/639 802/285/581 875/309/584 874/339/640
f 929/210/562 894/211/1 895/212/682
f 894/211/1 929/210/562 934/213/562 896/214/1
f 899/215/562 897/216/1 898/217/1 935/218/562
f 935/218/562 898/217/1 896/214/1 934/213/562
f 939/219/562 901/220/1 902/221/1 941/222/562
f 941/222/562 902/221/1 900/223/1 940/224/562
f 897/216/1 899/215/562 940/224/562 900/223/1
f 901/220/1 939/219/562 943/225/562 903/226/1
f 903/226/1 943/225/562 944/227/562 905/228/1
f 905/228/1 944/227/562 942/229/562 904/230/1
f 904/230/1 942/229/562 930/231/562
f 949/232/443 895/212/682 894/211/1
f 894/211/1 906/233/1 954/234/443 949/232/443
f 909/235/443 955/236/443 908/237/1 907/238/1
f 955/236/443 954/234/443 906/233/1 908/237/1
f 959/239/443 961/240/443 912/241/1 911/242/1
f 961/240/443 960/243/443 910/244/1 912/241/1
f 907/238/1 910/244/1 960/243/443 909/235/443
f 911/242/1 913/245/1 963/246/443 959/239/443
f 913/245/1 915/247/1 964/248/443 963/246/443
f 915/247/1 914/249/1 962/250/443 964/248/443
f 914/249/1 950/251/443 962/250/443
f 917/252/683 916/253/25 895/212/682
f 916/253/25 917/252/683 972/254/683 918/255/25
f 921/256/683 919/257/25 920/258/25 973/259/683
f 973/259/683 920/258/25 918/255/25 972/254/683
f 977/260/683 923/261/25 924/262/25 925/263/683
f 925/263/683 924/262/25 922/264/25 978/265/683
f 919/257/25 921/256/683 978/265/683 922/264/25
f 923/261/25 977/260/683 980/266/683 926/267/25
f 926/267/25 980/266/683 981/268/683 928/269/25
f 928/269/25 981/268/683 979/270/683 927/271/25
f 927/271/25 979/270/683 968/272/683
f 929/210/562 895/212/682 916/253/25
f 916/253/25 931/273/25 934/213/562 929/210/562
f 899/215/562 935/218/562 933/274/25 932/275/25
f 935/218/562 934/213/562 931/273/25 933/274/25
f 939/219/562 941/222/562 938/276/25 937/277/25
f 941/222/562 940/224/562 936/278/25 938/276/25
f 932/275/25 936/278/25 940/224/562 899/215/562
f 937/277/25 945/279/25 943/225/562 939/219/562
f 945/279/25 947/280/25 944/227/562 943/225/562
f 947/280/25 946/281/25 942/229/562 944/227/562
f 946/281/25 930/231/562 942/229/562
f 949/232/443 948/282/13 895/212/682
f 948/282/13 949/232/443 954/234/443 951/283/13
f 909/235/443 952/284/13 953/285/13 955/236/443
f 955/236/443 953/285/13 951/283/13 954/234/443
f 959/239/443 957/286/13 958/287/13 961/240/443
f 961/240/443 958/287/13 956/288/13 960/243/443
f 952/284/13 909/235/443 960/243/443 956/288/13
f 957/286/13 959/239/443 963/246/443 965/289/13
f 965/289/13 963/246/443 964/248/443 967/290/13
f 967/290/13 964/248/443 962/250/443 966/291/13
f 966/291/13 962/250/443 950/251/443
f 917/252/683 895/212/682 948/282/13
f 948/282/13 969/292/13 972/254/683 917/252/683
f 921/256/683 973/259/683 971/293/13 970/294/13
f 973/259/683 972/254/683 969/292/13 971/293/13
f 977/260/683 925/263/683 976/295/13 975/296/13
f 925/263/683 978/265/683 974/297/13 976/295/13
f 970/294/13 974/297/13 978/265/683 921/256/683
f 975/296/13 982/298/13 980/266/683 977/260/683
f 982/298/13 984/299/13 981/268/683 980/266/683
f 984/299/13 983/300/13 979/270/683 981/268/683
f 983/300/13 968/272/683 979/270/683
f 904/230/684 994/301/685 992/302/686 905/228/687
f 903/226/688 993/303/689 989/304/690 901/220/691
f 931/273/692 1016/305/693 1015/306/694 933/274/695
f 969/292/696 1037/307/697 1036/308/698 971/293/699
f 953/285/700 1026/309/701 1027/310/702 951/283/703
f 908/237/704 996/311/705 995/312/706 907/238/707
f 916/253/708 1004/313/709 1016/305/693 931/273/692
f 906/233/710 997/314/711 996/311/705 908/237/704
f 948/282/712 1024/315/713 1037/307/697 969/292/696
f 951/283/703 1027/310/702 1024/315/713 948/282/712
f 894/211/714 985/316/714 997/314/711 906/233/710
f 912/241/715 999/317/716 998/318/717 911/242/718
f 976/295/719 1039/319/720 1038/320/721 975/296/722
f 910/244/723 1000/321/724 999/317/716 912/241/715
f 930/231/725 1023/322/725 994/301/685 904/230/684
f 974/297/726 1040/323/727 1039/319/720 976/295/719
f 938/276/728 1018/324/729 1017/325/730 937/277/731
f 907/238/707 995/312/706 1000/321/724 910/244/723
f 957/286/732 1028/326/733 1029/327/734 958/287/735
f 968/272/736 1044/328/737 1013/329/738 927/271/739
f 913/245/740 1002/330/741 1001/331/742 915/247/743
f 970/294/744 1035/332/745 1040/323/727 974/297/726
f 915/247/743 1001/331/742 1003/333/746 914/249/747
f 982/298/748 1042/334/749 1041/335/750 984/299/751
f 936/278/752 1019/336/753 1018/324/729 938/276/728
f 911/242/718 998/318/717 1002/330/741 913/245/740
f 958/287/735 1029/327/734 1030/337/754 956/288/755
f 932/275/756 1014/338/757 1019/336/753 936/278/752
f 956/288/755 1030/337/754 1025/339/758 952/284/759
f 945/279/760 1021/340/761 1020/341/762 947/280/763
f 919/257/764 1005/342/765 1006/343/766 920/258/767
f 984/299/751 1041/335/750 1043/344/768 983/300/769
f 967/290/770 1031/345/771 1032/346/772 965/289/773
f 920/258/767 1006/343/766 1007/347/774 918/255/775
f 918/255/775 1007/347/774 1004/313/709 916/253/708
f 923/261/776 1008/348/777 1009/349/778 924/262/779
f 983/300/769 1043/344/768 1044/328/737 968/272/736
f 947/280/763 1020/341/762 1022/350/780 946/281/781
f 966/291/782 1033/351/783 1031/345/771 967/290/770
f 924/262/779 1009/349/778 1010/352/784 922/264/785
f 897/216/786 986/353/787 987/354/788 898/217/789
f 975/296/722 1038/320/721 1042/334/749 982/298/748
f 922/264/785 1010/352/784 1005/342/765 919/257/764
f 914/249/747 1003/333/746 1034/355/790 950/251/790
f 898/217/789 987/354/788 988/356/791 896/214/792
f 946/281/781 1022/350/780 1023/322/725 930/231/725
f 928/269/793 1011/357/794 1012/358/795 926/267/796
f 896/214/792 988/356/791 985/316/714 894/211/714
f 950/251/790 1034/355/790 1033/351/783 966/291/782
f 927/271/739 1013/329/738 1011/357/794 928/269/793
f 901/220/691 989/304/690 990/359/797 902/221/798
f 937/277/731 1017/325/730 1021/340/761 945/279/760
f 926/267/796 1012/358/795 1008/348/777 923/261/776
f 902/221/798 990/359/797 991/360/799 900/223/800
f 965/289/773 1032/346/772 1028/326/733 957/286/732
f 900/223/800 991/360/799 986/353/787 897/216/786
f 933/274/695 1015/306/694 1014/338/757 932/275/756
f 905/228/687 992/302/686 993/303/689 903/226/688
f 971/293/699 1036/308/698 1035/332/745 970/294/744
f 952/284/759 1025/339/758 1026/309/701 953/285/700
f 1080/210/801 1046/212/802 1045/211/4
f 1045/211/4 1047/214/4 1085/213/801 1080/210/801
f 1050/215/801 1086/218/801 1049/217/4 1048/216/4
f 1086/218/801 1085/213/801 1047/214/4 1049/217/4
f 1090/219/801 1092/222/801 1053/221/4 1052/220/4
f 1092/222/801 1091/224/801 1051/223/4 1053/221/4
f 1048/216/4 1051/223/4 1091/224/801 1050/215/801
f 1052/220/4 1054/226/4 1094/225/801 1090/219/801
f 1054/226/4 1056/228/4 1095/227/801 1094/225/801
f 1056/228/4 1055/230/4 1093/229/801 1095/227/801
f 1055/230/4 1081/231/801 1093/229/801
f 1100/232/803 1045/211/4 1046/212/802
f 1045/211/4 1100/232/803 1105/234/803 1057/233/4
f 1060/235/803 1058/238/4 1059/237/4 1106/236/803
f 1106/236/803 1059/237/4 1057/233/4 1105/234/803
f 1110/239/803 1062/242/4 1063/241/4 1112/240/803
f 1112/240/803 1063/241/4 1061/244/4 1111/243/803
f 1058/238/4 1060/235/803 1111/243/803 1061/244/4
f 1062/242/4 1110/239/803 1114/246/803 1064/245/4
f 1064/245/4 1114/246/803 1115/248/803 1066/247/4
f 1066/247/4 1115/248/803 1113/250/803 1065/249/4
f 1065/249/4 1113/250/803 1101/251/803
f 1068/252/324 1046/212/802 1067/253/7
f 1067/253/7 1069/255/7 1123/254/324 1068/252/324
f 1072/256/324 1124/259/324 1071/258/7 1070/257/7
f 1124/259/324 1123/254/324 1069/255/7 1071/258/7
f 1128/260/324 1076/263/324 1075/262/7 1074/261/7
f 1076/263/324 1129/265/324 1073/264/7 1075/262/7
f 1070/257/7 1073/264/7 1129/265/324 1072/256/324
f 1074/261/7 1077/267/7 1131/266/324 1128/260/324
f 1077/267/7 1079/269/7 1132/268/324 1131/266/324
f 1079/269/7 1078/271/7 1130/270/324 1132/268/324
f 1078/271/7 1119/272/324 1130/270/324
f 1080/210/801 1067/253/7 1046/212/802
f 1067/253/7 1080/210/801 1085/213/801 1082/273/7
f 1050/215/801 1083/275/7 1084/274/7 1086/218/801
f 1086/218/801 1084/274/7 1082/273/7 1085/213/801
f 1090/219/801 1088/277/7 1089/276/7 1092/222/801
f 1092/222/801 1089/276/7 1087/278/7 1091/224/801
f 1083/275/7 1050/215/801 1091/224/801 1087/278/7
f 1088/277/7 1090/219/801 1094/225/801 1096/279/7
f 1096/279/7 1094/225/801 1095/227/801 1098/280/7
f 1098/280/7 1095/227/801 1093/229/801 1097/281/7
f 1097/281/7 1093/229/801 1081/231/801
f 1100/232/803 1046/212/802 1099/282/19
f 1099/282/19 1102/283/19 1105/234/803 1100/232/803
f 1060/235/803 1106/236/803 1104/285/19 1103/284/19
f 1106/236/803 1105/234/803 1102/283/19 1104/285/19
f 1110/239/803 1112/240/803 1109/287/19 1108/286/19
f 1112/240/803 1111/243/803 1107/288/19 1109/287/19
f 1103/284/19 1107/288/19 1111/243/803 1060/235/803
f 1108/286/19 1116/289/19 1114/246/803 1110/239/803
f 1116/289/19 1118/290/19 1115/248/803 1114/246/803
f 1118/290/19 1117/291/19 1113/250/803 1115/248/803
f 1117/291/19 1101/251/803 1113/250/803
f 1068/252/324 1099/282/19 1046/212/802
f 1099/282/19 1068/252/324 1123/254/324 1120/292/19
f 1072/256/324 1121/294/19 1122/293/19 1124/259/324
f 1124/259/324 1122/293/19 1120/292/19 1123/254/324
f 1128/260/324 1126/296/19 1127/295/19 1076/263/324
f 1076/263/324 1127/295/19 1125/297/19 1129/265/324
f 1121/294/19 1072/256/324 1129/265/324 1125/297/19
f 1126/296/19 1128/260/324 1131/266/324 1133/298/19
f 1133/298/19 1131/266/324 1132/268/324 1135/299/19
f 1135/299/19 1132/268/324 1130/270/324 1134/300/19
f 1134/300/19 1130/270/324 1119/272/324
f 1055/230/804 1056/228/805 1143/302/806 1145/301/807
f 1054/226/808 1052/220/809 1140/304/810 1144/303/811
f 1082/273/812 1084/274/813 1166/306/814 1167/305/815
f 1120/292/816 1122/293/817 1187/308/818 1188/307/819
f 1104/285/820 1102/283/821 1178/310/822 1177/309/823
f 1059/237/824 1058/238/825 1146/312/826 1147/311/827
f 1067/253/828 1082/273/812 1167/305/815 1155/313/829
f 1057/233/830 1059/237/824 1147/311/827 1148/314/831
f 1099/282/832 1120/292/816 1188/307/819 1175/315/833
f 1102/283/821 1099/282/832 1175/315/833 1178/310/822
f 1045/211/834 1057/233/830 1148/314/831 1136/316/834
f 1063/241/835 1062/242/836 1149/318/837 1150/317/838
f 1127/295/839 1126/296/840 1189/320/841 1190/319/842
f 1061/244/843 1063/241/835 1150/317/838 1151/321/844
f 1081/231/845 1055/230/804 1145/301/807 1174/322/845
f 1125/297/846 1127/295/839 1190/319/842 1191/323/847
f 1089/276/848 1088/277/849 1168/325/850 1169/324/851
f 1058/238/825 1061/244/843 1151/321/844 1146/312/826
f 1108/286/852 1109/287/853 1180/327/854 1179/326/855
f 1119/272/856 1078/271/857 1164/329/858 1195/328/856
f 1064/245/859 1066/247/860 1152/331/861 1153/330/862
f 1121/294/863 1125/297/846 1191/323/847 1186/332/864
f 1066/247/860 1065/249/865 1154/333/866 1152/331/861
f 1133/298/867 1135/299/868 1192/335/869 1193/334/870
f 1087/278/871 1089/276/848 1169/324/851 1170/336/872
f 1062/242/836 1064/245/859 1153/330/862 1149/318/837
f 1109/287/853 1107/288/873 1181/337/874 1180/327/854
f 1083/275/875 1087/278/871 1170/336/872 1165/338/876
f 1107/288/873 1103/284/877 1176/339/878 1181/337/874
f 1096/279/879 1098/280/880 1171/341/881 1172/340/882
f 1070/257/883 1071/258/884 1157/343/885 1156/342/886
f 1135/299/868 1134/300/887 1194/344/888 1192/335/869
f 1118/290/889 1116/289/890 1183/346/891 1182/345/892
f 1071/258/884 1069/255/893 1158/347/894 1157/343/885
f 1069/255/893 1067/253/828 1155/313/829 1158/347/894
f 1074/261/895 1075/262/896 1160/349/897 1159/348/898
f 1134/300/887 1119/272/856 1195/328/856 1194/344/888
f 1098/280/880 1097/281/899 1173/350/900 1171/341/881
f 1117/291/901 1118/290/889 1182/345/892 1184/351/902
f 1075/262/896 1073/264/903 1161/352/904 1160/349/897
f 1048/216/905 1049/217/906 1138/354/907 1137/353/908
f 1126/296/840 1133/298/867 1193/334/870 1189/320/841
f 1073/264/903 1070/257/883 1156/342/886 1161/352/904
f 1065/249/865 1101/251/909 1185/355/909 1154/333/866
f 1049/217/906 1047/214/910 1139/356/911 1138/354/907
f 1097/281/899 1081/231/845 1174/322/845 1173/350/900
f 1079/269/912 1077/267/913 1163/358/914 1162/357/915
f 1047/214/910 1045/211/834 1136/316/834 1139/356/911
f 1101/251/909 1117/291/901 1184/351/902 1185/355/909
f 1078/271/857 1079/269/912 1162/357/915 1164/329/858
f 1052/220/809 1053/221/916 1141/359/917 1140/304/810
f 1088/277/849 1096/279/879 1172/340/882 1168/325/850
f 1077/267/913 1074/261/895 1159/348/898 1163/358/914
f 1053/221/916 1051/223/918 1142/360/919 1141/359/917
f 1116/289/890 1108/286/852 1179/326/855 1183/346/891
f 1051/223/918 1048/216/905 1137/353/908 1142/360/919
f 1084/274/813 1083/275/875 1165/338/876 1166/306/814
f 1056/228/805 1054/226/808 1144/303/811 1143/302/806
f 1122/293/817 1121/294/863 1186/332/864 1187/308/818
f 1103/284/877 1104/285/820 1177/309/823 1176/339/878
f 1231/210/801 1196/211/4 1197/212/920
f 1196/211/4 1231/210/801 1236/213/801 1198/214/4
f 1201/215/801 1199/216/4 1200/217/4 1237/218/801
f 1237/218/801 1200/217/4 1198/214/4 1236/213/801
f 1241/219/801 1203/220/4 1204/221/4 1243/222/801
f 1243/222/801 1204/221/4 1202/223/4 1242/224/801
f 1199/216/4 1201/215/801 1242/224/801 1202/223/4
f 1203/220/4 1241/219/801 1245/225/801 1205/226/4
f 1205/226/4 1245/225/801 1246/227/801 1207/228/4
f 1207/228/4 1246/227/801 1244/229/801 1206/230/4
f 1206/230/4 1244/229/801 1232/231/801
f 1251/232/921 1197/212/920 1196/211/4
f 1196/211/4 1208/233/4 1256/234/921 1251/232/921
f 1211/235/921 1257/236/921 1210/237/4 1209/238/4
f 1257/236/921 1256/234/921 1208/233/4 1210/237/4
f 1261/239/921 1263/240/921 1214/241/4 1213/242/4
f 1263/240/921 1262/243/921 1212/244/4 1214/241/4
f 1209/238/4 1212/244/4 1262/243/921 1211/235/921
f 1213/242/4 1215/245/4 1265/246/921 1261/239/921
f 1215/245/4 1217/247/4 1266/248/921 1265/246/921
f 1217/247/4 1216/249/4 1264/250/921 1266/248/921
f 1216/249/4 1252/251/921 1264/250/921
f 1219/252/444 1218/253/7 1197/212/920
f 1218/253/7 1219/252/444 1274/254/444 1220/255/7
f 1223/256/444 1221/257/7 1222/258/7 1275/259/444
f 1275/259/444 1222/258/7 1220/255/7 1274/254/444
f 1279/260/444 1225/261/7 1226/262/7 1227/263/444
f 1227/263/444 1226/262/7 1224/264/7 1280/265/444
f 1221/257/7 1223/256/444 1280/265/444 1224/264/7
f 1225/261/7 1279/260/444 1282/266/444 1228/267/7
f 1228/267/7 1282/266/444 1283/268/444 1230/269/7
f 1230/269/7 1283/268/444 1281/270/444 1229/271/7
f 1229/271/7 1281/270/444 1270/272/444
f 1231/210/801 1197/212/920 1218/253/7
f 1218/253/7 1233/273/7 1236/213/801 1231/210/801
f 1201/215/801 1237/218/801 1235/274/7 1234/275/7
f 1237/218/801 1236/213/801 1233/273/7 1235/274/7
f 1241/219/801 1243/222/801 1240/276/7 1239/277/7
f 1243/222/801 1242/224/801 1238/278/7 1240/276/7
f 1234/275/7 1238/278/7 1242/224/801 1201/215/801
f 1239/277/7 1247/279/7 1245/225/801 1241/219/801
f 1247/279/7 1249/280/7 1246/227/801 1245/225/801
f 1249/280/7 1248/281/7 1244/229/801 1246/227/801
f 1248/281/7 1232/231/801 1244/229/801
f 1251/232/921 1250/282/13 1197/212/920
f 1250/282/13 1251/232/921 1256/234/921 1253/283/13
f 1211/235/921 1254/284/13 1255/285/13 1257/236/921
f 1257/236/921 1255/285/13 1253/283/13 1256/234/921
f 1261/239/921 1259/286/13 1260/287/13 1263/240/921
f 1263/240/921 1260/287/13 1258/288/13 1262/243/921
f 1254/284/13 1211/235/921 1262/243/921 1258/288/13
f 1259/286/13 1261/239/921 1265/246/921 1267/289/13
f 1267/289/13 1265/246/921 1266/248/921 1269/290/13
f 1269/290/13 1266/248/921 1264/250/921 1268/291/13
f 1268/291/13 1264/250/921 1252/251/921
f 1219/252/444 1197/212/920 1250/282/13
f 1250/282/13 1271/292/13 1274/254/444 1219/252/444
f 1223/256/444 1275/259/444 1273/293/13 1272/294/13
f 1275/259/444 1274/254/444 1271/292/13 1273/293/13
f 1279/260/444 1227/263/444 1278/295/13 1277/296/13
f 1227/263/444 1280/265/444 1276/297/13 1278/295/13
f 1272/294/13 1276/297/13 1280/265/444 1223/256/444
f 1277/296/13 1284/298/13 1282/266/444 1279/260/444
f 1284/298/13 1286/299/13 1283/268/444 1282/266/444
f 1286/299/13 1285/300/13 1281/270/444 1283/268/444
f 1285/300/13 1270/272/444 1281/270/444
f 1206/230/922 1296/301/923 1294/302/924 1207/228/925
f 1205/226/926 1295/303/927 1291/304/928 1203/220/929
f 1233/273/930 1318/305/931 1317/306/932 1235/274/933
f 1271/292/934 1339/307/935 1338/308/936 1273/293/937
f 1255/285/938 1328/309/939 1329/310/940 1253/283/941
f 1210/237/942 1298/311/943 1297/312/944 1209/238/945
f 1218/253/946 1306/313/947 1318/305/931 1233/273/930
f 1208/233/948 1299/314/949 1298/311/943 1210/237/942
f 1250/282/950 1326/315/951 1339/307/935 1271/292/934
f 1253/283/941 1329/310/940 1326/315/951 1250/282/950
f 1196/211/952 1287/316/952 1299/314/949 1208/233/948
f 1214/241/953 1301/317/954 1300/318/955 1213/242/956
f 1278/295/957 1341/319/958 1340/320/959 1277/296/960
f 1212/244/961 1302/321/962 1301/317/954 1214/241/953
f 1232/231/963 1325/322/963 1296/301/923 1206/230/922
f 1276/297/964 1342/323/965 1341/319/958 1278/295/957
f 1240/276/966 1320/324/967 1319/325/968 1239/277/969
f 1209/238/945 1297/312/944 1302/321/962 1212/244/961
f 1259/286/970 1330/326/971 1331/327/972 1260/287/973
f 1270/272/974 1346/328/975 1315/329/976 1229/271/977
f 1215/245/978 1304/330/979 1303/331/980 1217/247/981
f 1272/294/982 1337/332/983 1342/323/965 1276/297/964
f 1217/247/981 1303/331/980 1305/333/984 1216/249/985
f 1284/298/986 1344/334/987 1343/335/988 1286/299/989
f 1238/278/990 1321/336/991 1320/324/967 1240/276/966
f 1213/242/956 1300/318/955 1304/330/979 1215/245/978
f 1260/287/973 1331/327/972 1332/337/992 1258/288/993
f 1234/275/994 1316/338/995 1321/336/991 1238/278/990
f 1258/288/993 1332/337/992 1327/339/996 1254/284/997
f 1247/279/998 1323/340/999 1322/341/1000 1249/280/1001
f 1221/257/1002 1307/342/1003 1308/343/1004 1222/258/1005
f 1286/299/989 1343/335/988 1345/344/1006 1285/300/1007
f 1269/290/1008 1333/345/1009 1334/346/1010 1267/289/1011
f 1222/258/1005 1308/343/1004 1309/347/1012 1220/255/1013
f 1220/255/1013 1309/347/1012 1306/313/947 1218/253/946
f 1225/261/1014 1310/348/1015 1311/349/1016 1226/262/1017
f 1285/300/1007 1345/344/1006 1346/328/975 1270/272/974
f 1249/280/1001 1322/341/1000 1324/350/1018 1248/281/1019
f 1268/291/1020 1335/351/1021 1333/345/1009 1269/290/1008
f 1226/262/1017 1311/349/1016 1312/352/1022 1224/264/1023
f 1199/216/1024 1288/353/1025 1289/354/1026 1200/217/1027
f 1277/296/960 1340/320/959 1344/334/987 1284/298/986
f 1224/264/1023 1312/352/1022 1307/342/1003 1221/257/1002
f 1216/249/985 1305/333/984 1336/355/1028 1252/251/1028
f 1200/217/1027 1289/354/1026 1290/356/1029 1198/214/1030
f 1248/281/1019 1324/350/1018 1325/322/963 1232/231/963
f 1230/269/1031 1313/357/1032 1314/358/1033 1228/267/1034
f 1198/214/1030 1290/356/1029 1287/316/952 1196/211/952
f 1252/251/1028 1336/355/1028 1335/351/1021 1268/291/1020
f 1229/271/977 1315/329/976 1313/357/1032 1230/269/1031
f 1203/220/929 1291/304/928 1292/359/1035 1204/221/1036
f 1239/277/969 1319/325/968 1323/340/999 1247/279/998
f 1228/267/1034 1314/358/1033 1310/348/1015 1225/261/1014
f 1204/221/1036 1292/359/1035 1293/360/1037 1202/223/1038
f 1267/289/1011 1334/346/1010 1330/326/971 1259/286/970
f 1202/223/1038 1293/360/1037 1288/353/1025 1199/216/1024
f 1235/274/933 1317/306/932 1316/338/995 1234/275/994
f 1207/228/925 1294/302/924 1295/303/927 1205/226/926
f 1273/293/937 1338/308/936 1337/332/983 1272/294/982
f 1254/284/997 1327/339/996 1328/309/939 1255/285/938
f 1382/210/1039 1347/211/4 1348/212/1040
f 1347/211/4 1382/210/1039 1387/213/1039 1349/214/4
f 1352/215/1039 1350/216/4 1351/217/4 1388/218/1039
f 1388/218/1039 1351/217/4 1349/214/4 1387/213/1039
f 1392/219/1039 1354/220/4 1355/221/4 1394/222/1039
f 1394/222/1039 1355/221/4 1353/223/4 1393/224/1039
f 1350/216/4 1352/215/1039 1393/224/1039 1353/223/4
f 1354/220/4 1392/219/1039 1396/225/1039 1356/226/4
f 1356/226/4 1396/225/1039 1397/227/1039 1358/228/4
f 1358/228/4 1397/227/1039 1395/229/1039 1357/230/4
f 1357/230/4 1395/229/1039 1383/231/1039
f 1402/232/803 1348/212/1040 1347/211/4
f 1347/211/4 1359/233/4 1407/234/803 1402/232/803
f 1362/235/803 1408/236/803 1361/237/4 1360/238/4
f 1408/236/803 1407/234/803 1359/233/4 1361/237/4
f 1412/239/803 1414/240/803 1365/241/4 1364/242/4
f 1414/240/803 1413/243/803 1363/244/4 1365/241/4
f 1360/238/4 1363/244/4 1413/243/803 1362/235/803
f 1364/242/4 1366/245/4 1416/246/803 1412/239/803
f 1366/245/4 1368/247/4 1417/248/803 1416/246/803
f 1368/247/4 1367/249/4 1415/250/803 1417/248/803
f 1367/249/4 1403/251/803 1415/250/803
f 1370/252/564 1369/253/25 1348/212/1040
f 1369/253/25 1370/252/564 1425/254/564 1371/255/25
f 1374/256/564 1372/257/25 1373/258/25 1426/259/564
f 1426/259/564 1373/258/25 1371/255/25 1425/254/564
f 1430/260/564 1376/261/25 1377/262/25 1378/263/564
f 1378/263/564 1377/262/25 1375/264/25 1431/265/564
f 1372/257/25 1374/256/564 1431/265/564 1375/264/25
f 1376/261/25 1430/260/564 1433/266/564 1379/267/25
f 1379/267/25 1433/266/564 1434/268/564 1381/269/25
f 1381/269/25 1434/268/564 1432/270/564 1380/271/25
f 1380/271/25 1432/270/564 1421/272/564
f 1382/210/1039 1348/212/1040 1369/253/25
f 1369/253/25 1384/273/25 1387/213/1039 1382/210/1039
f 1352/215/1039 1388/218/1039 1386/274/25 1385/275/25
f 1388/218/1039 1387/213/1039 1384/273/25 1386/274/25
f 1392/219/1039 1394/222/1039 1391/276/25 1390/277/25
f 1394/222/1039 1393/224/1039 1389/278/25 1391/276/25
f 1385/275/25 1389/278/25 1393/224/1039 1352/215/1039
f 1390/277/25 1398/279/25 1396/225/1039 1392/219/1039
f 1398/279/25 1400/280/25 1397/227/1039 1396/225/1039
f 1400/280/25 1399/281/25 1395/229/1039 1397/227/1039
f 1399/281/25 1383/231/1039 1395/229/1039
f 1402/232/803 1401/282/19 1348/212/1040
f 1401/282/19 1402/232/803 1407/234/803 1404/283/19
f 1362/235/803 1405/284/19 1406/285/19 1408/236/803
f 1408/236/803 1406/285/19 1404/283/19 1407/234/803
f 1412/239/803 1410/286/19 1411/287/19 1414/240/803
f 1414/240/803 1411/287/19 1409/288/19 1413/243/803
f 1405/284/19 1362/235/803 1413/243/803 1409/288/19
f 1410/286/19 1412/239/803 1416/246/803 1418/289/19
f 1418/289/19 1416/246/803 1417/248/803 1420/290/19
f 1420/290/19 1417/248/803 1415/250/803 1419/291/19
f 1419/291/19 1415/250/803 1403/251/803
f 1370/252/564 1348/212/1040 1401/282/19
f 1401/282/19 1422/292/19 1425/254/564 1370/252/564
f 1374/256/564 1426/259/564 1424/293/19 1423/294/19
f 1426/259/564 1425/254/564 1422/292/19 1424/293/19
f 1430/260/564 1378/263/564 1429/295/19 1428/296/19
f 1378/263/564 1431/265/564 1427/297/19 1429/295/19
f 1423/294/19 1427/297/19 1431/265/564 1374/256/564
f 1428/296/19 1435/298/19 1433/266/564 1430/260/564
f 1435/298/19 1437/299/19 1434/268/564 1433/266/564
f 1437/299/19 1436/300/19 1432/270/564 1434/268/564
f 1436/300/19 1421/272/564 1432/270/564
f 1357/230/1041 1447/301/1042 1445/302/1043 1358/228/1044
f 1356/226/1045 1446/303/1046 1442/304/1047 1354/220/1048
f 1384/273/1049 1469/305/1050 1468/306/1051 1386/274/1052
f 1422/292/1053 1490/307/1054 1489/308/1055 1424/293/1056
f 1406/285/1057 1479/309/1058 1480/310/1059 1404/283/1060
f 1361/237/1061 1449/311/1062 1448/312/1063 1360/238/1064
f 1369/253/1065 1457/313/1066 1469/305/1050 1384/273/1049
f 1359/233/1067 1450/314/1068 1449/311/1062 1361/237/1061
f 1401/282/1069 1477/315/1070 1490/307/1054 1422/292/1053
f 1404/283/1060 1480/310/1059 1477/315/1070 1401/282/1069
f 1347/211/1071 1438/316/1071 1450/314/1068 1359/233/1067
f 1365/241/1072 1452/317/1073 1451/318/1074 1364/242/1075
f 1429/295/1076 1492/319/1077 1491/320/1078 1428/296/1079
f 1363/244/1080 1453/321/1081 1452/317/1073 1365/241/1072
f 1383/231/1082 1476/322/1082 1447/301/1042 1357/230/1041
f 1427/297/1083 1493/323/1084 1492/319/1077 1429/295/1076
f 1391/276/1085 1471/324/1086 1470/325/1087 1390/277/1088
f 1360/238/1064 1448/312/1063 1453/321/1081 1363/244/1080
f 1410/286/1089 1481/326/1090 1482/327/1091 1411/287/1092
f 1421/272/1093 1497/328/1093 1466/329/1094 1380/271/1095
f 1366/245/1096 1455/330/1097 1454/331/1098 1368/247/1099
f 1423/294/1100 1488/332/1101 1493/323/1084 1427/297/1083
f 1368/247/1099 1454/331/1098 1456/333/1102 1367/249/1103
f 1435/298/1104 1495/334/1105 1494/335/1106 1437/299/1107
f 1389/278/1108 1472/336/1109 1471/324/1086 1391/276/1085
f 1364/242/1075 1451/318/1074 1455/330/1097 1366/245/1096
f 1411/287/1092 1482/327/1091 1483/337/1110 1409/288/1111
f 1385/275/1112 1467/338/1113 1472/336/1109 1389/278/1108
f 1409/288/1111 1483/337/1110 1478/339/1114 1405/284/1115
f 1398/279/1116 1474/340/1117 1473/341/1118 1400/280/1119
f 1372/257/1120 1458/342/1121 1459/343/1122 1373/258/1123
f 1437/299/1107 1494/335/1106 1496/344/1124 1436/300/1125
f 1420/290/1126 1484/345/1127 1485/346/1128 1418/289/1129
f 1373/258/1123 1459/343/1122 1460/347/1130 1371/255/1131
f 1371/255/1131 1460/347/1130 1457/313/1066 1369/253/1065
f 1376/261/1132 1461/348/1133 1462/349/1134 1377/262/1135
f 1436/300/1125 1496/344/1124 1497/328/1093 1421/272/1093
f 1400/280/1119 1473/341/1118 1475/350/1136 1399/281/1137
f 1419/291/1138 1486/351/1139 1484/345/1127 1420/290/1126
f 1377/262/1135 1462/349/1134 1463/352/1140 1375/264/1141
f 1350/216/1142 1439/353/1143 1440/354/1144 1351/217/1145
f 1428/296/1079 1491/320/1078 1495/334/1105 1435/298/1104
f 1375/264/1141 1463/352/1140 1458/342/1121 1372/257/1120
f 1367/249/1103 1456/333/1102 1487/355/1146 1403/251/1146
f 1351/217/1145 1440/354/1144 1441/356/1147 1349/214/1148
f 1399/281/1137 1475/350/1136 1476/322/1082 1383/231/1082
f 1381/269/1149 1464/357/1150 1465/358/1151 1379/267/1152
f 1349/214/1148 1441/356/1147 1438/316/1071 1347/211/1071
f 1403/251/1146 1487/355/1146 1486/351/1139 1419/291/1138
f 1380/271/1095 1466/329/1094 1464/357/1150 1381/269/1149
f 1354/220/1048 1442/304/1047 1443/359/1153 1355/221/1154
f 1390/277/1088 1470/325/1087 1474/340/1117 1398/279/1116
f 1379/267/1152 1465/358/1151 1461/348/1133 1376/261/1132
f 1355/221/1154 1443/359/1153 1444/360/1155 1353/223/1156
f 1418/289/1129 1485/346/1128 1481/326/1090 1410/286/1089
f 1353/223/1156 1444/360/1155 1439/353/1143 1350/216/1142
f 1386/274/1052 1468/306/1051 1467/338/1113 1385/275/1112
f 1358/228/1044 1445/302/1043 1446/303/1046 1356/226/1045
f 1424/293/1056 1489/308/1055 1488/332/1101 1423/294/1100
f 1405/284/1115 1478/339/1114 1479/309/1058 1406/285/1057
f 1533/210/1039 1499/212/1157 1498/211/4
f 1498/211/4 1500/214/4 1538/213/1039 1533/210/1039
f 1503/215/1039 1539/218/1039 1502/217/4 1501/216/4
f 1539/218/1039 1538/213/1039 1500/214/4 1502/217/4
f 1543/219/1039 1545/222/1039 1506/221/4 1505/220/4
f 1545/222/1039 1544/224/1039 1504/223/4 1506/221/4
f 1501/216/4 1504/223/4 1544/224/1039 1503/215/1039
f 1505/220/4 1507/226/4 1547/225/1039 1543/219/1039
f 1507/226/4 1509/228/4 1548/227/1039 1547/225/1039
f 1509/228/4 1508/230/4 1546/229/1039 1548/227/1039
f 1508/230/4 1534/231/1039 1546/229/1039
f 1553/232/921 1498/211/4 1499/212/1157
f 1498/211/4 1553/232/921 1558/234/921 1510/233/4
f 1513/235/921 1511/238/4 1512/237/4 1559/236/921
f 1559/236/921 1512/237/4 1510/233/4 1558/234/921
f 1563/239/921 1515/242/4 1516/241/4 1565/240/921
f 1565/240/921 1516/241/4 1514/244/4 1564/243/921
f 1511/238/4 1513/235/921 1564/243/921 1514/244/4
f 1515/242/4 1563/239/921 1567/246/921 1517/245/4
f 1517/245/4 1567/246/921 1568/248/921 1519/247/4
f 1519/247/4 1568/248/921 1566/250/921 1518/249/4
f 1518/249/4 1566/250/921 1554/251/921
f 1521/252/683 1499/212/1157 1520/253/25
f 1520/253/25 1522/255/25 1576/254/683 1521/252/683
f 1525/256/683 1577/259/683 1524/258/25 1523/257/25
f 1577/259/683 1576/254/683 1522/255/25 1524/258/25
f 1581/260/683 1529/263/683 1528/262/25 1527/261/25
f 1529/263/683 1582/265/683 1526/264/25 1528/262/25
f 1523/257/25 1526/264/25 1582/265/683 1525/256/683
f 1527/261/25 1530/267/25 1584/266/683 1581/260/683
f 1530/267/25 1532/269/25 1585/268/683 1584/266/683
f 1532/269/25 1531/271/25 1583/270/683 1585/268/683
f 1531/271/25 1572/272/683 1583/270/683
f 1533/210/1039 1520/253/25 1499/212/1157
f 1520/253/25 1533/210/1039 1538/213/1039 1535/273/25
f 1503/215/1039 1536/275/25 1537/274/25 1539/218/1039
f 1539/218/1039 1537/274/25 1535/273/25 1538/213/1039
f 1543/219/1039 1541/277/25 1542/276/25 1545/222/1039
f 1545/222/1039 1542/276/25 1540/278/25 1544/224/1039
f 1536/275/25 1503/215/1039 1544/224/1039 1540/278/25
f 1541/277/25 1543/219/1039 1547/225/1039 1549/279/25
f 1549/279/25 1547/225/1039 1548/227/1039 1551/280/25
f 1551/280/25 1548/227/1039 1546/229/1039 1550/281/25
f 1550/281/25 1546/229/1039 1534/231/1039
f 1553/232/921 1499/212/1157 1552/282/13
f 1552/282/13 1555/283/13 1558/234/921 1553/232/921
f 1513/235/921 1559/236/921 1557/285/13 1556/284/13
f 1559/236/921 1558/234/921 1555/283/13 1557/285/13
f 1563/239/921 1565/240/921 1562/287/13 1561/286/13
f 1565/240/921 1564/243/921 1560/288/13 1562/287/13
f 1556/284/13 1560/288/13 1564/243/921 1513/235/921
f 1561/286/13 1569/289/13 1567/246/921 1563/239/921
f 1569/289/13 1571/290/13 1568/248/921 1567/246/921
f 1571/290/13 1570/291/13 1566/250/921 1568/248/921
f 1570/291/13 1554/251/921 1566/250/921
f 1521/252/683 1552/282/13 1499/212/1157
f 1552/282/13 1521/252/683 1576/254/683 1573/292/13
f 1525/256/683 1574/294/13 1575/293/13 1577/259/683
f 1577/259/683 1575/293/13 1573/292/13 1576/254/683
f 1581/260/683 1579/296/13 1580/295/13 1529/263/683
f 1529/263/683 1580/295/13 1578/297/13 1582/265/683
f 1574/294/13 1525/256/683 1582/265/683 1578/297/13
f 1579/296/13 1581/260/683 1584/266/683 1586/298/13
f 1586/298/13 1584/266/683 1585/268/683 1588/299/13
f 1588/299/13 1585/268/683 1583/270/683 1587/300/13
f 1587/300/13 1583/270/683 1572/272/683
f 1508/230/1158 1509/228/1159 1596/302/1160 1598/301/1161
f 1507/226/1162 1505/220/1163 1593/304/1164 1597/303/1165
f 1535/273/1166 1537/274/1167 1619/306/1168 1620/305/1169
f 1573/292/1170 1575/293/1171 1640/308/1172 1641/307/1173
f 1557/285/1174 1555/283/1175 1631/310/1176 1630/309/1177
f 1512/237/1178 1511/238/1179 1599/312/1180 1600/311/1181
f 1520/253/1182 1535/273/1166 1620/305/1169 1608/313/1183
f 1510/233/1184 1512/237/1178 1600/311/1181 1601/314/1185
f 1552/282/1186 1573/292/1170 1641/307/1173 1628/315/1187
f 1555/283/1175 1552/282/1186 1628/315/1187 1631/310/1176
f 1498/211/1188 1510/233/1184 1601/314/1185 1589/316/1188
f 1516/241/1189 1515/242/1190 1602/318/1191 1603/317/1192
f 1580/295/1193 1579/296/1194 1642/320/1195 1643/319/1196
f 1514/244/1197 1516/241/1189 1603/317/1192 1604/321/1198
f 1534/231/1199 1508/230/1158 1598/301/1161 1627/322/1199
f 1578/297/1200 1580/295/1193 1643/319/1196 1644/323/1201
f 1542/276/1202 1541/277/1203 1621/325/1204 1622/324/1205
f 1511/238/1179 1514/244/1197 1604/321/1198 1599/312/1180
f 1561/286/1206 1562/287/1207 1633/327/1208 1632/326/1209
f 1572/272/1210 1531/271/1211 1617/329/1212 1648/328/1210
f 1517/245/1213 1519/247/1214 1605/331/1215 1606/330/1216
f 1574/294/1217 1578/297/1200 1644/323/1201 1639/332/1218
f 1519/247/1214 1518/249/1219 1607/333/1220 1605/331/1215
f 1586/298/1221 1588/299/1222 1645/335/1223 1646/334/1224
f 1540/278/1225 1542/276/1202 1622/324/1205 1623/336/1226
f 1515/242/1190 1517/245/1213 1606/330/1216 1602/318/1191
f 1562/287/1207 1560/288/1227 1634/337/1228 1633/327/1208
f 1536/275/1229 1540/278/1225 1623/336/1226 1618/338/1230
f 1560/288/1227 1556/284/1231 1629/339/1232 1634/337/1228
f 1549/279/1233 1551/280/1234 1624/341/1235 1625/340/1236
f 1523/257/1237 1524/258/1238 1610/343/1239 1609/342/1240
f 1588/299/1222 1587/300/1241 1647/344/1242 1645/335/1223
f 1571/290/1243 1569/289/1244 1636/346/1245 1635/345/1246
f 1524/258/1238 1522/255/1247 1611/347/1248 1610/343/1239
f 1522/255/1247 1520/253/1182 1608/313/1183 1611/347/1248
f 1527/261/1249 1528/262/1250 1613/349/1251 1612/348/1252
f 1587/300/1241 1572/272/1210 1648/328/1210 1647/344/1242
f 1551/280/1234 1550/281/1253 1626/350/1254 1624/341/1235
f 1570/291/1255 1571/290/1243 1635/345/1246 1637/351/1256
f 1528/262/1250 1526/264/1257 1614/352/1258 1613/349/1251
f 1501/216/1259 1502/217/1260 1591/354/1261 1590/353/1262
f 1579/296/1194 1586/298/1221 1646/334/1224 1642/320/1195
f 1526/264/1257 1523/257/1237 1609/342/1240 1614/352/1258
f 1518/249/1219 1554/251/1263 1638/355/1263 1607/333/1220
f 1502/217/1260 1500/214/1264 1592/356/1265 1591/354/1261
f 1550/281/1253 1534/231/1199 1627/322/1199 1626/350/1254
f 1532/269/1266 1530/267/1267 1616/358/1268 1615/357/1269
f 1500/214/1264 1498/211/1188 1589/316/1188 1592/356/1265
f 1554/251/1263 1570/291/1255 1637/351/1256 1638/355/1263
f 1531/271/1211 1532/269/1266 1615/357/1269 1617/329/1212
f 1505/220/1163 1506/221/1270 1594/359/1271 1593/304/1164
f 1541/277/1203 1549/279/1233 1625/340/1236 1621/325/1204
f 1530/267/1267 1527/261/1249 1612/348/1252 1616/358/1268
f 1506/221/1270 1504/223/1272 1595/360/1273 1594/359/1271
f 1569/289/1244 1561/286/1206 1632/326/1209 1636/346/1245
f 1504/223/1272 1501/216/1259 1590/353/1262 1595/360/1273
f 1537/274/1167 1536/275/1229 1618/338/1230 1619/306/1168
f 1509/228/1159 1507/226/1162 1597/303/1165 1596/302/1160
f 1575/293/1171 1574/294/1217 1639/332/1218 1640/308/1172
f 1556/284/1231 1557/285/1174 1630/309/1177 1629/339/1232
